node,cell_type,side,direction,edges,price_um,lost_flow,lost_flow_brain_to_vnc,lost_flow_vnc_to_brain,value,value_per_mm
DNpe036|R,DNpe036,R,descending,41,31251.26,17,17,0,17,0.54
DNpe034|L,DNpe034,L,descending,25,20748.49,0,17,0,17,0.82
DNg98|L,DNg98,L,descending,172,114640.93,0,16,0,16,0.14
DNg98|R,DNg98,R,descending,177,122750.04,1,16,0,16,0.13
DNg102|L,DNg102,L,descending,101,65886.93,1,15,0,15,0.23
DNpe034|R,DNpe034,R,descending,22,17753.92,0,15,0,15,0.84
DNpe036|L,DNpe036,L,descending,46,34889.48,18,14,0,14,0.40
DNge002|L,DNge002,L,descending,14,5512.44,14,14,0,14,2.54
DNge002|R,DNge002,R,descending,14,5491.66,14,14,0,14,2.55
DNp58|L,DNp58,L,descending,27,20858.79,12,14,0,14,0.67
DNp48|R,DNp48,R,descending,51,36990.47,16,13,0,13,0.35
DNg102|R,DNg102,R,descending,99,67061.58,1,13,0,13,0.19
DNge172|L,DNge172,L,descending,35,27753.08,14,13,0,13,0.47
DNg70|R,DNg70,R,descending,69,49047.34,0,12,0,12,0.24
DNp13|R,DNp13,R,descending,68,44375.35,1,12,0,12,0.27
DNp58|R,DNp58,R,descending,24,17831.66,7,12,0,12,0.67
DNp13|L,DNp13,L,descending,66,42201.92,1,12,0,12,0.28
DNg93|R,DNg93,R,descending,19,10221.58,11,11,0,11,1.08
DNge013|R,DNge013,R,descending,31,19425.01,0,11,0,11,0.57
DNge013|L,DNge013,L,descending,36,22748.80,0,11,0,11,0.48
DNge136|L,DNge136,L,descending,75,54195.35,0,11,0,11,0.20
DNg80|R,DNg80,R,descending,24,16821.92,0,10,0,10,0.59
DNge172|R,DNge172,R,descending,74,56231.72,26,10,0,10,0.18
AN19B025|R,AN19B025,R,ascending,28,15243.03,9,0,9,9,0.59
DNge136|R,DNge136,R,descending,73,51120.95,0,9,0,9,0.18
DNp48|L,DNp48,L,descending,55,42139.15,15,9,0,9,0.21
DNg33|L,DNg33,L,descending,16,12777.23,2,9,0,9,0.70
DNge079|L,DNge079,L,descending,48,24313.54,9,9,0,9,0.37
DNg80|L,DNg80,L,descending,23,15737.39,0,8,0,8,0.51
DNpe040|L,DNpe040,L,descending,15,11284.72,0,8,0,8,0.71
ANXXX071|R,ANXXX071,R,ascending,28,21910.34,8,0,8,8,0.37
DNg105|R,DNg105,R,descending,20,12842.60,8,8,0,8,0.62
DNg33|R,DNg33,R,descending,15,11767.05,2,8,0,8,0.68
DNg93|L,DNg93,L,descending,11,6376.29,7,7,0,7,1.10
DNg76|R,DNg76,R,descending,12,5586.21,7,7,0,7,1.25
DNg50|R,DNg50,R,descending,16,9257.90,5,7,0,7,0.76
ANXXX191|R,ANXXX191,R,ascending,12,5596.17,7,0,7,7,1.25
DNg49|L,DNg49,L,descending,8,2850.09,7,7,0,7,2.46
DNp65|R,DNp65,R,descending,9,6170.07,5,7,0,7,1.13
AN07B042|R,AN07B042,R,ascending,16,5739.93,7,0,7,7,1.22
DNge125|L,DNge125,L,descending,11,4012.39,7,7,0,7,1.74
DNg74_b|L,DNg74_b,L,descending,24,15681.24,7,7,0,7,0.45
DNp21|R,DNp21,R,descending,40,23361.16,0,7,0,7,0.30
DNpe040|R,DNpe040,R,descending,17,12528.96,0,7,0,7,0.56
DNg49|R,DNg49,R,descending,9,3222.19,7,7,0,7,2.17
DNge038|R,DNge038,R,descending,20,12407.40,7,7,0,7,0.56
DNge079|R,DNge079,R,descending,40,20265.33,6,6,0,6,0.30
DNge038|L,DNge038,L,descending,19,6529.03,6,6,0,6,0.92
ANXXX071|L,ANXXX071,L,ascending,27,5793.22,6,0,6,6,1.04
DNge143|L,DNge143,L,descending,6,2116.82,6,6,0,6,2.83
DNp31|R,DNp31,R,descending,34,19299.78,6,6,0,6,0.31
DNge143|R,DNge143,R,descending,6,1737.82,6,6,0,6,3.45
AN19B025|L,AN19B025,L,ascending,25,14036.99,6,0,6,6,0.43
DNg105|L,DNg105,L,descending,15,9294.53,6,6,0,6,0.65
DNge125|R,DNge125,R,descending,10,3707.23,6,6,0,6,1.62
AN10B009|L,AN10B009,L,ascending,26,15325.50,5,0,5,5,0.33
DNp15|R,DNp15,R,descending,22,12941.36,5,5,0,5,0.39
DNde005|L,DNde005,L,descending,12,9438.06,2,5,0,5,0.53
DNa06|L,DNa06,L,descending,18,13265.82,5,5,0,5,0.38
DNa06|R,DNa06,R,descending,19,13704.03,5,5,0,5,0.36
DNg34|L,DNg34,L,descending,43,29897.59,0,5,0,5,0.17
DNg74_b|R,DNg74_b,R,descending,19,11781.15,5,5,0,5,0.42
DNg50|L,DNg50,L,descending,15,8173.76,4,5,0,5,0.61
DNge033|R,DNge033,R,descending,8,2831.68,5,5,0,5,1.77
DNge033|L,DNge033,L,descending,9,3091.07,5,5,0,5,1.62
DNge018|R,DNge018,R,descending,13,5080.36,5,5,0,5,0.98
DNpe009|L,DNpe009,L,descending,9,3713.95,5,5,0,5,1.35
ANXXX191|L,ANXXX191,L,ascending,8,3883.98,5,0,5,5,1.29
DNp12|R,DNp12,R,descending,42,30280.79,0,5,0,5,0.17
DNg68|R,DNg68,R,descending,53,32256.51,0,5,0,5,0.16
AN19B014|R,AN19B014,R,ascending,11,5995.78,5,0,5,5,0.83
DNge018|L,DNge018,L,descending,15,5852.19,5,5,0,5,0.85
DNpe009|R,DNpe009,R,descending,11,4786.64,5,5,0,5,1.04
DNp15|L,DNp15,L,descending,24,14294.19,5,5,0,5,0.35
DNpe021|L,DNpe021,L,descending,65,40790.13,0,5,0,5,0.12
DNg70|L,DNg70,L,descending,53,36882.33,0,5,0,5,0.14
DNg68|L,DNg68,L,descending,53,34158.13,0,5,0,5,0.15
AN19B001|R,AN19B001,R,ascending,24,13027.58,0,0,4,4,0.31
AN07B049|R,AN07B049,R,ascending,19,6149.53,4,0,4,4,0.65
AN03A002|L,AN03A002,L,ascending,11,5126.84,4,0,4,4,0.78
DNg81|R,DNg81,R,descending,5,1419.79,4,4,0,4,2.82
AN07B052|R,AN07B052,R,ascending,19,6806.68,4,0,4,4,0.59
DNg10|L,DNg10,L,descending,15,6116.62,4,4,0,4,0.65
DNg76|L,DNg76,L,descending,10,5728.48,4,4,0,4,0.70
AN03A002|R,AN03A002,R,ascending,7,3149.36,4,0,4,4,1.27
DNp12|L,DNp12,L,descending,45,30769.26,0,4,0,4,0.13
AN10B009|R,AN10B009,R,ascending,18,10072.20,4,0,4,4,0.40
DNp31|L,DNp31,L,descending,27,14702.45,4,4,0,4,0.27
DNd04|L,DNd04,L,descending,20,15340.20,0,4,0,4,0.26
AN07B042|L,AN07B042,L,ascending,10,3216.75,4,0,4,4,1.24
DNpe020|M,DNpe020,M,descending,32,22363.74,4,4,0,4,0.18
DNge086|R,DNge086,R,descending,13,5077.69,4,4,0,4,0.79
DNp65|L,DNp65,L,descending,8,5590.59,4,4,0,4,0.72
DNge142|R,DNge142,R,descending,55,37827.30,0,4,0,4,0.11
DNp64|L,DNp64,L,descending,22,14638.84,0,4,0,4,0.27
AN19B014|L,AN19B014,L,ascending,11,6242.68,4,0,4,4,0.64
DNge139|R,DNge139,R,descending,10,8442.76,0,4,0,4,0.47
DNp49|R,DNp49,R,descending,63,37923.74,4,4,0,4,0.11
DNge139|L,DNge139,L,descending,7,6008.35,0,4,0,4,0.67
DNge063|L,DNge063,L,descending,15,8174.95,4,4,0,4,0.49
AN19B018|R,AN19B018,R,ascending,5,1843.44,3,0,3,3,1.63
DNg03|L,DNg03,L,descending,28,14631.57,3,3,0,3,0.21
DNg04|R,DNg04,R,descending,10,5349.22,3,3,0,3,0.56
AN07B049|L,AN07B049,L,ascending,22,6636.34,3,0,3,3,0.45
AN06A026|L,AN06A026,L,ascending,10,7485.36,3,0,3,3,0.40
AN07B052|L,AN07B052,L,ascending,17,5044.79,3,0,3,3,0.59
DNg27|L,DNg27,L,descending,41,22971.03,2,3,0,3,0.13
DNa15|L,DNa15,L,descending,42,30087.22,3,3,0,3,0.10
ANXXX006|L,ANXXX006,L,ascending,17,6304.77,3,0,3,3,0.48
DNae002|L,DNae002,L,descending,25,17905.43,3,3,0,3,0.17
AN03B095|L,AN03B095,L,ascending,6,2687.80,3,0,3,3,1.12
DNg27|R,DNg27,R,descending,41,22148.43,2,3,0,3,0.14
AN16B078_d|L,AN16B078_d,L,ascending,10,2961.19,3,0,3,3,1.01
AN16B078_d|R,AN16B078_d,R,ascending,12,3601.77,3,0,3,3,0.83
DNg10|R,DNg10,R,descending,16,6873.26,3,3,0,3,0.44
AN19B046|L,AN19B046,L,ascending,6,3853.62,3,0,3,3,0.78
AN06A026|R,AN06A026,R,ascending,9,6542.30,3,0,3,3,0.46
DNde005|R,DNde005,R,descending,10,7988.93,1,3,0,3,0.38
DNg42|L,DNg42,L,descending,19,11504.36,3,3,0,3,0.26
DNg42|R,DNg42,R,descending,21,12926.99,3,3,0,3,0.23
DNp63|L,DNp63,L,descending,25,17433.52,3,3,0,3,0.17
DNg78|L,DNg78,L,descending,3,1192.40,3,3,0,3,2.52
DNg91|L,DNg91,L,descending,17,9187.40,3,3,0,3,0.33
DNg91|R,DNg91,R,descending,20,10977.41,3,3,0,3,0.27
DNge026|L,DNge026,L,descending,5,2161.96,3,3,0,3,1.39
DNge026|R,DNge026,R,descending,4,1636.61,3,3,0,3,1.83
DNge059|L,DNge059,L,descending,14,6803.50,3,3,0,3,0.44
DNge087|L,DNge087,L,descending,6,2193.46,3,3,0,3,1.37
DNge087|R,DNge087,R,descending,7,2617.59,3,3,0,3,1.15
DNge095|R,DNge095,R,descending,10,5883.50,3,3,0,3,0.51
DNge108|L,DNge108,L,descending,20,12263.26,3,3,0,3,0.24
DNge151|M,DNge151,M,descending,10,7058.75,1,3,0,3,0.43
DNp33|L,DNp33,L,descending,37,23426.79,3,3,0,3,0.13
DNp49|L,DNp49,L,descending,66,41376.63,3,3,0,3,0.07
DNp63|R,DNp63,R,descending,18,12858.02,3,3,0,3,0.23
AN19B018|L,AN19B018,L,ascending,5,2052.34,3,0,3,3,1.46
AN11B008|R,AN11B008,R,ascending,3,1184.49,2,0,2,2,1.69
AN11B008|L,AN11B008,L,ascending,3,1164.06,2,0,2,2,1.72
AN07B076|R,AN07B076,R,ascending,3,2078.72,2,0,2,2,0.96
DNge012|R,DNge012,R,descending,17,5469.95,2,2,0,2,0.37
DNg34|R,DNg34,R,descending,59,37507.65,0,2,0,2,0.05
DNg22|R,DNg22,R,descending,6,3899.86,2,2,0,2,0.51
AN06A016|R,AN06A016,R,ascending,2,864.14,2,0,2,2,2.31
DNg73|R,DNg73,R,descending,4,1758.61,2,2,0,2,1.14
DNg78|R,DNg78,R,descending,3,1218.51,2,2,0,2,1.64
AN06A016|L,AN06A016,L,ascending,2,905.18,2,0,2,2,2.21
DNg109|R,DNg109,R,descending,20,10768.79,0,2,0,2,0.19
DNbe001|R,DNbe001,R,descending,26,18632.27,2,2,0,2,0.11
DNg22|L,DNg22,L,descending,7,4597.60,2,2,0,2,0.44
DNge049|R,DNge049,R,descending,37,23047.63,0,2,0,2,0.09
DNge050|R,DNge050,R,descending,42,23915.99,0,2,0,2,0.08
DNg02_b|L,DNg02_b,L,descending,21,11738.64,2,2,0,2,0.17
AN19B001|L,AN19B001,L,ascending,39,21756.58,0,0,2,2,0.09
DNge063|R,DNge063,R,descending,17,8780.13,2,2,0,2,0.23
DNge071|L,DNge071,L,descending,10,3778.24,2,2,0,2,0.53
DNge071|R,DNge071,R,descending,10,3923.32,2,2,0,2,0.51
DNge072|R,DNge072,R,descending,11,4891.62,2,2,0,2,0.41
AN07B004|R,AN07B004,R,ascending,316,146223.71,2,0,2,2,0.01
AN07B004|L,AN07B004,L,ascending,313,137373.65,2,0,2,2,0.01
DNge085|L,DNge085,L,descending,13,5244.29,2,2,0,2,0.38
DNge085|R,DNge085,R,descending,12,4271.39,2,2,0,2,0.47
AN16B078_c|R,AN16B078_c,R,ascending,9,2745.50,2,0,2,2,0.73
DNg12_b|L,DNg12_b,L,descending,7,3085.07,2,2,0,2,0.65
DNg81|L,DNg81,L,descending,3,796.74,2,2,0,2,2.51
DNg02_a|L,DNg02_a,L,descending,26,12399.24,2,2,0,2,0.16
DNge104|L,DNge104,L,descending,58,37186.36,0,2,0,2,0.05
DNge107|L,DNge107,L,descending,32,20917.91,2,2,0,2,0.10
DNg82|L,DNg82,L,descending,9,4784.61,2,2,0,2,0.42
DNge108|R,DNge108,R,descending,14,8282.13,2,2,0,2,0.24
DNge113|L,DNge113,L,descending,5,1664.89,2,2,0,2,1.20
DNge113|R,DNge113,R,descending,4,1366.85,2,2,0,2,1.46
DNpe052|R,DNpe052,R,descending,4,2698.37,0,2,0,2,0.74
AN16B078_c|L,AN16B078_c,L,ascending,13,3665.58,2,0,2,2,0.55
AN03B095|R,AN03B095,R,ascending,6,2900.87,2,0,2,2,0.69
DNge128|R,DNge128,R,descending,6,3564.27,0,2,0,2,0.56
DNae003|R,DNae003,R,descending,24,17448.53,2,2,0,2,0.11
DNae003|L,DNae003,L,descending,32,23267.61,2,2,0,2,0.09
DNae002|R,DNae002,R,descending,22,15256.33,2,2,0,2,0.13
ANXXX006|R,ANXXX006,R,ascending,14,6199.81,2,0,2,2,0.32
DNge142|L,DNge142,L,descending,52,35172.50,0,2,0,2,0.06
AN18B032|R,AN18B032,R,ascending,4,2303.97,2,0,2,2,0.87
AN18B032|L,AN18B032,L,ascending,7,3652.30,2,0,2,2,0.55
DNa16|R,DNa16,R,descending,37,28525.82,2,2,0,2,0.07
DNge148|L,DNge148,L,descending,9,4337.17,2,2,0,2,0.46
DNge150|M,DNge150,M,descending,18,8241.70,0,2,0,2,0.24
DNg66|M,DNg66,M,descending,49,37298.96,4,2,0,2,0.05
AN18B025|L,AN18B025,L,ascending,17,5427.19,2,0,2,2,0.37
AN18B023|R,AN18B023,R,ascending,15,5312.19,2,0,2,2,0.38
DNp102|L,DNp102,L,descending,35,20020.87,2,2,0,2,0.10
DNp11|R,DNp11,R,descending,34,19084.03,1,2,0,2,0.10
DNa16|L,DNa16,L,descending,37,29310.24,2,2,0,2,0.07
DNa15|R,DNa15,R,descending,34,24346.88,2,2,0,2,0.08
AN18B023|L,AN18B023,L,ascending,15,5282.64,2,0,2,2,0.38
DNa10|R,DNa10,R,descending,58,44026.91,2,2,0,2,0.05
DNg12_c|R,DNg12_c,R,descending,11,4973.34,2,2,0,2,0.40
AN06B040|R,AN06B040,R,ascending,32,16310.09,2,0,2,2,0.12
DNp17|R,DNp17,R,descending,45,29289.14,2,2,0,2,0.07
AN06B040|L,AN06B040,L,ascending,38,20030.16,2,0,2,2,0.10
AN07B056|R,AN07B056,R,ascending,6,4088.85,2,0,2,2,0.49
AN07B056|L,AN07B056,L,ascending,7,4732.15,2,0,2,2,0.42
DNg02_b|R,DNg02_b,R,descending,14,7965.51,2,2,0,2,0.25
DNp33|R,DNp33,R,descending,33,20389.10,2,2,0,2,0.10
DNp43|L,DNp43,L,descending,34,19510.72,0,2,0,2,0.10
DNp44|L,DNp44,L,descending,17,12594.32,1,2,0,2,0.16
DNp44|R,DNp44,R,descending,29,19222.25,1,2,0,2,0.10
AN02A001|R,AN02A001,R,ascending,63,35342.18,2,0,2,2,0.06
DNa09|R,DNa09,R,descending,37,27414.96,2,2,0,2,0.07
AN06A062|R,AN06A062,R,ascending,11,4570.49,2,0,2,2,0.44
AN12B017|L,AN12B017,L,ascending,30,20105.57,2,0,2,2,0.10
DNa09|L,DNa09,L,descending,34,24878.71,2,2,0,2,0.08
DNg12_c|L,DNg12_c,L,descending,9,3780.04,2,2,0,2,0.53
AN12B017|R,AN12B017,R,ascending,31,20487.11,2,0,2,2,0.10
AN06A060|R,AN06A060,R,ascending,7,2778.80,2,0,2,2,0.72
DNa08|L,DNa08,L,descending,18,12399.81,2,2,0,2,0.16
DNp64|R,DNp64,R,descending,18,12075.60,0,2,0,2,0.17
AN18B004|R,AN18B004,R,ascending,7,3974.45,2,0,2,2,0.50
DNa04|R,DNa04,R,descending,38,26336.40,2,2,0,2,0.08
DNp69|L,DNp69,L,descending,49,28866.79,0,2,0,2,0.07
DNpe004|R,DNpe004,R,descending,26,15871.15,2,2,0,2,0.13
DNpe005|L,DNpe005,L,descending,41,24490.43,2,2,0,2,0.08
DNpe007|L,DNpe007,L,descending,20,11396.57,1,2,0,2,0.18
DNpe007|R,DNpe007,R,descending,15,8678.22,1,2,0,2,0.23
AN18B004|L,AN18B004,L,ascending,6,3230.78,2,0,2,2,0.62
DNa04|L,DNa04,L,descending,41,29723.95,2,2,0,2,0.07
DNpe011|L,DNpe011,L,descending,8,5242.13,2,2,0,2,0.38
ANXXX002|L,ANXXX002,L,ascending,7,3488.37,2,0,2,2,0.57
DNg12_b|R,DNg12_b,R,descending,6,2793.76,2,2,0,2,0.72
DNpe021|R,DNpe021,R,descending,61,36937.87,0,2,0,2,0.05
AN19B060|L,AN19B060,L,ascending,4,2356.58,2,0,2,2,0.85
AN19B059|R,AN19B059,R,ascending,12,7541.23,2,0,2,2,0.27
DNg03|R,DNg03,R,descending,27,14527.80,2,2,0,2,0.14
pIP1|L,pIP1,L,descending,53,31361.65,0,2,0,2,0.06
AN10B008|R,AN10B008,R,ascending,15,10357.91,2,0,2,2,0.19
AN06A060|L,AN06A060,L,ascending,7,2676.39,2,0,2,2,0.75
DNpe041|L,DNpe041,L,descending,5,2898.14,0,2,0,2,0.69
DNpe041|R,DNpe041,R,descending,4,2426.08,0,2,0,2,0.82
DNpe043|L,DNpe043,L,descending,29,20033.43,1,2,0,2,0.10
DNpe043|R,DNpe043,R,descending,29,19568.45,1,2,0,2,0.10
DNpe045|L,DNpe045,L,descending,60,35337.38,1,2,0,2,0.06
DNpe045|R,DNpe045,R,descending,64,39894.29,1,2,0,2,0.05
AN01A055|R,AN01A055,R,ascending,61,26309.24,2,0,2,2,0.08
DNpe052|L,DNpe052,L,descending,3,2246.26,0,2,0,2,0.89
AN19A038|R,AN19A038,R,ascending,41,18302.38,1,0,1,1,0.05
DNge006|L,DNge006,L,descending,14,8864.97,1,1,0,1,0.11
DNge006|R,DNge006,R,descending,12,7564.96,1,1,0,1,0.13
DNge012|L,DNge012,L,descending,16,5630.87,1,1,0,1,0.18
AN16B112|R,AN16B112,R,ascending,7,1963.81,1,0,1,1,0.51
AN19B044|L,AN19B044,L,ascending,13,6184.77,1,0,1,1,0.16
ANXXX068|R,ANXXX068,R,ascending,17,13544.81,1,0,1,1,0.07
DNg37|L,DNg37,L,descending,38,18025.27,1,1,0,1,0.06
AN07B017|L,AN07B017,L,ascending,8,2975.68,1,0,1,1,0.34
AN07B017|R,AN07B017,R,ascending,8,2864.56,1,0,1,1,0.35
AN07B072_e|L,AN07B072_e,L,ascending,29,8885.44,1,0,1,1,0.11
DNge028|L,DNge028,L,descending,8,3138.71,1,1,0,1,0.32
DNge028|R,DNge028,R,descending,5,1833.08,1,1,0,1,0.55
AN07B072_e|R,AN07B072_e,R,ascending,23,3071.04,1,0,1,1,0.33
AN06A017|L,AN06A017,L,ascending,17,6764.57,1,0,1,1,0.15
DNge037|R,DNge037,R,descending,16,9097.65,1,1,0,1,0.11
AN06A017|R,AN06A017,R,ascending,16,6669.60,1,0,1,1,0.15
ANXXX171|L,ANXXX171,L,ascending,5,3307.80,1,0,1,1,0.30
DNge049|L,DNge049,L,descending,42,24444.15,0,1,0,1,0.04
AN06A027|R,AN06A027,R,ascending,8,3972.13,1,0,1,1,0.25
AN06A062|L,AN06A062,L,ascending,10,4171.96,1,0,1,1,0.24
AN11B012|R,AN11B012,R,ascending,3,1137.83,1,0,1,1,0.88
DNge062|L,DNge062,L,descending,10,5096.68,1,1,0,1,0.20
AN27X024|L,AN27X024,L,ascending,41,20326.21,1,0,1,1,0.05
AN19B051|L,AN19B051,L,ascending,4,3231.05,1,0,1,1,0.31
DNge064|L,DNge064,L,descending,21,12880.33,0,1,0,1,0.08
DNge070|L,DNge070,L,descending,2,728.75,1,1,0,1,1.37
DNge070|R,DNge070,R,descending,4,1937.71,1,1,0,1,0.52
AN19B051|R,AN19B051,R,ascending,2,1584.55,1,0,1,1,0.63
ANXXX171|R,ANXXX171,R,ascending,7,4662.64,1,0,1,1,0.21
DNge072|L,DNge072,L,descending,8,3228.65,1,1,0,1,0.31
ANXXX200|L,ANXXX200,L,ascending,13,6560.59,1,0,1,1,0.15
DNge078|L,DNge078,L,descending,5,1975.74,1,1,0,1,0.51
DNge078|R,DNge078,R,descending,7,2363.08,1,1,0,1,0.42
ANXXX200|R,ANXXX200,R,ascending,9,4858.78,1,0,1,1,0.21
ANXXX214|R,ANXXX214,R,ascending,6,4407.15,1,0,1,1,0.23
ANXXX462b|R,ANXXX462b,R,ascending,37,12325.79,1,0,1,1,0.08
DNa08|R,DNa08,R,descending,18,12039.19,1,1,0,1,0.08
DNge086|L,DNge086,L,descending,10,3970.95,1,1,0,1,0.25
DNa10|L,DNa10,L,descending,60,45112.86,1,1,0,1,0.02
DNa14|L,DNa14,L,descending,15,11810.07,1,1,0,1,0.08
DNa14|R,DNa14,R,descending,17,13507.86,1,1,0,1,0.07
DNae008|L,DNae008,L,descending,10,8057.67,0,1,0,1,0.12
DNge097|L,DNge097,L,descending,12,7960.33,1,1,0,1,0.13
DNge097|R,DNge097,R,descending,12,7686.85,1,1,0,1,0.13
DNge103|L,DNge103,L,descending,36,19139.24,0,1,0,1,0.05
DNae010|R,DNae010,R,descending,16,11630.04,1,1,0,1,0.09
DNge104|R,DNge104,R,descending,54,34113.44,0,1,0,1,0.03
DNge106|L,DNge106,L,descending,5,3488.58,1,1,0,1,0.29
DNge106|R,DNge106,R,descending,5,3286.70,1,1,0,1,0.30
DNb02|L,DNb02,L,descending,23,17629.80,1,1,0,1,0.06
DNge107|R,DNge107,R,descending,29,19447.18,1,1,0,1,0.05
DNb02|R,DNb02,R,descending,22,15798.27,1,1,0,1,0.06
DNb03|L,DNb03,L,descending,27,22067.64,1,1,0,1,0.05
DNb06|L,DNb06,L,descending,10,6442.32,1,1,0,1,0.16
DNb07|R,DNb07,R,descending,46,33798.59,1,1,0,1,0.03
DNge114|L,DNge114,L,descending,15,9103.18,1,1,0,1,0.11
DNbe001|L,DNbe001,L,descending,26,19136.53,1,1,0,1,0.05
DNge117|L,DNge117,L,descending,3,1088.25,1,1,0,1,0.92
DNge117|R,DNge117,R,descending,3,1073.25,1,1,0,1,0.93
DNge119|L,DNge119,L,descending,14,8548.33,1,1,0,1,0.12
DNbe005|L,DNbe005,L,descending,40,30049.91,1,1,0,1,0.03
DNbe005|R,DNbe005,R,descending,38,28243.57,1,1,0,1,0.04
DNge128|L,DNge128,L,descending,4,1924.08,0,1,0,1,0.52
DNc01|L,DNc01,L,descending,1,826.61,0,1,0,1,1.21
DNd02|R,DNd02,R,descending,54,37465.07,0,1,0,1,0.03
DNd03|L,DNd03,L,descending,75,48770.56,1,1,0,1,0.02
DNge137|R,DNge137,R,descending,11,8558.43,1,1,0,1,0.12
DNg02_a|R,DNg02_a,R,descending,28,13812.10,1,1,0,1,0.07
DNg05_a|L,DNg05_a,L,descending,18,8025.73,1,1,0,1,0.12
DNge141|L,DNge141,L,descending,14,7702.24,0,1,0,1,0.13
DNge141|R,DNge141,R,descending,12,6256.14,0,1,0,1,0.16
DNg05_b|L,DNg05_b,L,descending,13,6017.44,1,1,0,1,0.17
DNg05_b|R,DNg05_b,R,descending,10,4586.78,1,1,0,1,0.22
DNg100|L,DNg100,L,descending,84,50169.94,0,1,0,1,0.02
DNg106|L,DNg106,L,descending,26,13608.83,0,1,0,1,0.07
DNg106|R,DNg106,R,descending,26,14320.66,0,1,0,1,0.07
DNge148|R,DNge148,R,descending,7,3445.17,1,1,0,1,0.29
DNg107|L,DNg107,L,descending,4,2931.29,0,1,0,1,0.34
DNg108|R,DNg108,R,descending,18,8531.64,1,1,0,1,0.12
DNg109|L,DNg109,L,descending,18,9115.67,0,1,0,1,0.11
DNg12_a|L,DNg12_a,L,descending,12,5706.62,1,1,0,1,0.18
DNge179|L,DNge179,L,descending,5,1825.22,1,1,0,1,0.55
DNge179|R,DNge179,R,descending,4,1465.74,1,1,0,1,0.68
DNp01|R,DNp01,R,descending,5,2265.10,1,1,0,1,0.44
DNp07|R,DNp07,R,descending,43,24688.25,1,1,0,1,0.04
DNg12_a|R,DNg12_a,R,descending,9,4172.84,1,1,0,1,0.24
DNp102|R,DNp102,R,descending,35,20373.01,1,1,0,1,0.05
DNp11|L,DNp11,L,descending,37,21121.24,0,1,0,1,0.05
DNg13|L,DNg13,L,descending,29,16577.63,0,1,0,1,0.06
DNg13|R,DNg13,R,descending,30,16463.25,0,1,0,1,0.06
DNg14|L,DNg14,L,descending,10,7029.94,1,1,0,1,0.14
DNg14|R,DNg14,R,descending,9,6733.62,1,1,0,1,0.15
DNg20|L,DNg20,L,descending,14,9911.34,0,1,0,1,0.10
DNp14|L,DNp14,L,descending,31,18207.73,1,1,0,1,0.05
DNp14|R,DNp14,R,descending,30,17635.16,0,1,0,1,0.06
DNg26|R,DNg26,R,descending,11,7456.10,0,1,0,1,0.13
DNg31|L,DNg31,L,descending,18,12006.88,1,1,0,1,0.08
DNp17|L,DNp17,L,descending,46,29257.37,1,1,0,1,0.03
DNg31|R,DNg31,R,descending,16,11176.77,1,1,0,1,0.09
DNp21|L,DNp21,L,descending,35,21139.03,0,1,0,1,0.05
DNg32|L,DNg32,L,descending,38,22071.86,1,1,0,1,0.05
DNg32|R,DNg32,R,descending,39,22278.34,1,1,0,1,0.04
DNd04|R,DNd04,R,descending,16,10794.42,0,1,0,1,0.09
DNg37|R,DNg37,R,descending,44,19883.52,1,1,0,1,0.05
AN10B008|L,AN10B008,L,ascending,11,7318.37,1,0,1,1,0.14
aSP22|R,aSP22,R,descending,68,49759.01,1,1,0,1,0.02
DNge114|R,DNge114,R,descending,15,9861.15,1,1,0,1,0.10
DNg44|R,DNg44,R,descending,27,17229.39,0,1,0,1,0.06
AN06B005|L,AN06B005,L,ascending,5,4170.23,1,0,1,1,0.24
pIP1|R,pIP1,R,descending,49,29292.11,0,1,0,1,0.03
AN07B091|L,AN07B091,L,ascending,4,1129.93,1,0,1,1,0.89
AN19B060|R,AN19B060,R,ascending,3,1845.28,1,0,1,1,0.54
DNg51|L,DNg51,L,descending,11,6777.73,1,1,0,1,0.15
ANXXX002|R,ANXXX002,R,ascending,6,3201.71,1,0,1,1,0.31
AN06B014|L,AN06B014,L,ascending,9,6605.05,1,0,1,1,0.15
DNp60|L,DNp60,L,descending,41,25747.29,1,1,0,1,0.04
AN06B014|R,AN06B014,R,ascending,7,5059.48,1,0,1,1,0.20
DNg69|L,DNg69,L,descending,4,2326.83,1,1,0,1,0.43
DNg69|R,DNg69,R,descending,1,460.40,1,1,0,1,2.17
AN06B023|L,AN06B023,L,ascending,4,1742.45,1,0,1,1,0.57
AN06B023|R,AN06B023,R,ascending,7,3507.32,1,0,1,1,0.29
DNg71|L,DNg71,L,descending,23,14727.97,1,1,0,1,0.07
DNp66|L,DNp66,L,descending,31,17550.25,0,1,0,1,0.06
DNp66|R,DNp66,R,descending,30,17111.06,0,1,0,1,0.06
DNp67|L,DNp67,L,descending,31,19404.94,0,1,0,1,0.05
DNg71|R,DNg71,R,descending,23,14884.98,1,1,0,1,0.07
DNp69|R,DNp69,R,descending,53,29983.91,0,1,0,1,0.03
AN06B025|L,AN06B025,L,ascending,21,15908.66,1,0,1,1,0.06
DNg74_a|L,DNg74_a,L,descending,56,31785.05,0,1,0,1,0.03
DNpe005|R,DNpe005,R,descending,34,20417.74,1,1,0,1,0.05
DNg74_a|R,DNg74_a,R,descending,38,21161.17,1,1,0,1,0.05
AN19B024|R,AN19B024,R,ascending,33,18918.34,1,0,1,1,0.05
AN02A001|L,AN02A001,L,ascending,66,38582.12,1,0,1,1,0.03
DNg16|R,DNg16,R,descending,22,10629.73,0,1,0,1,0.09
AN19B076|L,AN19B076,L,ascending,8,5056.67,1,0,1,1,0.20
DNpe011|R,DNpe011,R,descending,7,4656.04,1,1,0,1,0.21
DNpe015|R,DNpe015,R,descending,35,23934.73,1,1,0,1,0.04
AN19B076|R,AN19B076,R,ascending,2,1228.71,1,0,1,1,0.81
AN06B048|L,AN06B048,L,ascending,2,1581.88,1,0,1,1,0.63
AN06B048|R,AN06B048,R,ascending,4,2857.08,1,0,1,1,0.35
DNpe030|R,DNpe030,R,descending,22,14722.52,0,1,0,1,0.07
AN06B051|L,AN06B051,L,ascending,14,7830.19,1,0,1,1,0.13
AN27X024|R,AN27X024,R,ascending,39,19330.20,1,0,1,1,0.05
DNpe035|R,DNpe035,R,descending,3,2173.20,1,1,0,1,0.46
AN27X013|L,AN27X013,L,ascending,11,6595.79,1,0,1,1,0.15
AN19B093|R,AN19B093,R,ascending,19,11434.37,1,0,1,1,0.09
DNg82|R,DNg82,R,descending,12,6718.63,1,1,0,1,0.15
DNg89|L,DNg89,L,descending,6,2376.50,1,1,0,1,0.42
AN03B050|L,AN03B050,L,ascending,25,19526.85,1,0,1,1,0.05
AN03B050|R,AN03B050,R,ascending,17,13173.61,1,0,1,1,0.08
AN19B039|R,AN19B039,R,ascending,9,5646.54,1,0,1,1,0.18
AN06B089|L,AN06B089,L,ascending,11,5962.13,1,0,1,1,0.17
DNg96|L,DNg96,L,descending,18,11142.85,1,1,0,1,0.09
ANXXX169|R,ANXXX169,R,ascending,18,13776.67,1,0,1,1,0.07
ANXXX068|L,ANXXX068,L,ascending,23,18518.24,1,0,1,1,0.05
AN19A038|L,AN19A038,L,ascending,29,13652.03,1,0,1,1,0.07
DNp43|R,DNp43,R,descending,36,21288.45,0,1,0,1,0.05
AN07B072_d|L,AN07B072_d,L,ascending,4,2827.86,0,0,0,0,0.00
AN07B072_d|R,AN07B072_d,R,ascending,8,5732.33,0,0,0,0,0.00
AN07B072_f|L,AN07B072_f,L,ascending,4,3093.26,0,0,0,0,0.00
AN07B072_f|R,AN07B072_f,R,ascending,3,2204.44,0,0,0,0,0.00
AN07B076|L,AN07B076,L,ascending,2,1179.93,0,0,0,0,0.00
AN07B078_a|L,AN07B078_a,L,ascending,3,1172.96,0,0,0,0,0.00
AN07B078_a|R,AN07B078_a,R,ascending,3,1055.57,0,0,0,0,0.00
AN07B078_b|L,AN07B078_b,L,ascending,2,673.24,0,0,0,0,0.00
AN07B078_b|R,AN07B078_b,R,ascending,3,1074.43,0,0,0,0,0.00
AN07B082_a|L,AN07B082_a,L,ascending,4,1086.88,0,0,0,0,0.00
AN07B082_a|R,AN07B082_a,R,ascending,5,1567.97,0,0,0,0,0.00
AN07B082_b|L,AN07B082_b,L,ascending,4,1377.46,0,0,0,0,0.00
AN07B082_b|R,AN07B082_b,R,ascending,5,1684.77,0,0,0,0,0.00
AN07B082_c|L,AN07B082_c,L,ascending,3,806.23,0,0,0,0,0.00
AN07B082_c|R,AN07B082_c,R,ascending,4,1551.10,0,0,0,0,0.00
AN07B082_d|L,AN07B082_d,L,ascending,3,951.57,0,0,0,0,0.00
AN07B082_d|R,AN07B082_d,R,ascending,2,818.34,0,0,0,0,0.00
AN07B085|L,AN07B085,L,ascending,9,6553.69,0,0,0,0,0.00
AN07B085|R,AN07B085,R,ascending,5,3690.66,0,0,0,0,0.00
AN07B089|L,AN07B089,L,ascending,17,11814.42,0,0,0,0,0.00
AN07B089|R,AN07B089,R,ascending,19,13127.02,0,0,0,0,0.00
AN07B091|R,AN07B091,R,ascending,7,2564.90,0,0,0,0,0.00
AN07B097|R,AN07B097,R,ascending,10,3964.61,0,0,0,0,0.00
AN07B100|R,AN07B100,R,ascending,2,1251.43,0,0,0,0,0.00
AN07B101_a|L,AN07B101_a,L,ascending,12,4582.64,0,0,0,0,0.00
AN07B101_a|R,AN07B101_a,R,ascending,15,6212.68,0,0,0,0,0.00
AN07B101_b|L,AN07B101_b,L,ascending,7,2421.88,0,0,0,0,0.00
AN07B101_b|R,AN07B101_b,R,ascending,6,2502.53,0,0,0,0,0.00
AN07B101_c|L,AN07B101_c,L,ascending,13,5287.49,0,0,0,0,0.00
AN07B101_c|R,AN07B101_c,R,ascending,13,5246.71,0,0,0,0,0.00
AN07B106|L,AN07B106,L,ascending,18,7277.36,0,0,0,0,0.00
AN07B106|R,AN07B106,R,ascending,18,3370.08,0,0,0,0,0.00
AN07B110|L,AN07B110,L,ascending,2,695.67,0,0,0,0,0.00
AN07B110|R,AN07B110,R,ascending,2,783.80,0,0,0,0,0.00
AN07B116|L,AN07B116,L,ascending,1,433.70,0,0,0,0,0.00
AN08B005|L,AN08B005,L,ascending,1,771.15,0,0,0,0,0.00
AN08B007|L,AN08B007,L,ascending,33,25672.31,0,0,0,0,0.00
AN08B007|R,AN08B007,R,ascending,33,25359.49,0,0,0,0,0.00
AN08B009|L,AN08B009,L,ascending,20,10533.16,0,0,0,0,0.00
AN08B009|R,AN08B009,R,ascending,20,11362.99,0,0,0,0,0.00
AN08B010|L,AN08B010,L,ascending,12,7216.67,0,0,0,0,0.00
AN08B010|R,AN08B010,R,ascending,13,8380.80,0,0,0,0,0.00
AN08B012|L,AN08B012,L,ascending,43,29808.33,0,0,0,0,0.00
AN08B012|R,AN08B012,R,ascending,47,32768.41,0,0,0,0,0.00
AN08B013|L,AN08B013,L,ascending,14,7197.57,0,0,0,0,0.00
AN08B013|R,AN08B013,R,ascending,14,7326.13,0,0,0,0,0.00
AN08B014|L,AN08B014,L,ascending,17,6541.39,0,0,0,0,0.00
AN08B014|R,AN08B014,R,ascending,12,4867.44,0,0,0,0,0.00
AN08B015|L,AN08B015,L,ascending,6,4304.91,0,0,0,0,0.00
AN08B015|R,AN08B015,R,ascending,6,4512.32,0,0,0,0,0.00
AN08B016|L,AN08B016,L,ascending,10,8029.08,0,0,0,0,0.00
AN08B016|R,AN08B016,R,ascending,6,5085.63,0,0,0,0,0.00
AN08B018|L,AN08B018,L,ascending,135,86491.27,0,0,0,0,0.00
AN08B018|R,AN08B018,R,ascending,128,81640.22,0,0,0,0,0.00
AN08B020|L,AN08B020,L,ascending,28,13166.34,0,0,0,0,0.00
AN08B020|R,AN08B020,R,ascending,28,13316.97,0,0,0,0,0.00
AN08B022|L,AN08B022,L,ascending,32,18999.19,0,0,0,0,0.00
AN08B022|R,AN08B022,R,ascending,34,20478.97,0,0,0,0,0.00
AN08B023|L,AN08B023,L,ascending,9,4581.53,0,0,0,0,0.00
AN08B023|R,AN08B023,R,ascending,6,2964.16,0,0,0,0,0.00
AN08B024|L,AN08B024,L,ascending,81,49817.46,0,0,0,0,0.00
AN08B024|R,AN08B024,R,ascending,72,44801.71,0,0,0,0,0.00
AN08B025|L,AN08B025,L,ascending,34,26689.96,0,0,0,0,0.00
AN08B025|R,AN08B025,R,ascending,34,26236.12,0,0,0,0,0.00
AN08B026|L,AN08B026,L,ascending,41,23843.78,0,0,0,0,0.00
AN08B026|R,AN08B026,R,ascending,42,26006.50,0,0,0,0,0.00
AN08B027|L,AN08B027,L,ascending,13,4848.42,0,0,0,0,0.00
AN08B027|R,AN08B027,R,ascending,21,8463.22,0,0,0,0,0.00
AN08B028|L,AN08B028,L,ascending,31,21880.38,0,0,0,0,0.00
AN08B028|R,AN08B028,R,ascending,31,22343.91,0,0,0,0,0.00
AN08B031|L,AN08B031,L,ascending,4,1625.14,0,0,0,0,0.00
AN08B031|R,AN08B031,R,ascending,3,1281.11,0,0,0,0,0.00
AN08B032|L,AN08B032,L,ascending,15,7280.54,0,0,0,0,0.00
AN08B032|R,AN08B032,R,ascending,15,7727.40,0,0,0,0,0.00
AN08B034|L,AN08B034,L,ascending,46,29117.35,0,0,0,0,0.00
AN08B034|R,AN08B034,R,ascending,37,21201.41,0,0,0,0,0.00
AN08B035|R,AN08B035,R,ascending,1,404.11,0,0,0,0,0.00
AN08B041|R,AN08B041,R,ascending,2,934.72,0,0,0,0,0.00
AN08B043|L,AN08B043,L,ascending,1,333.60,0,0,0,0,0.00
AN08B048|L,AN08B048,L,ascending,3,811.06,0,0,0,0,0.00
AN08B049|L,AN08B049,L,ascending,3,1039.55,0,0,0,0,0.00
AN08B049|R,AN08B049,R,ascending,5,2098.17,0,0,0,0,0.00
AN08B050|L,AN08B050,L,ascending,3,1227.92,0,0,0,0,0.00
AN08B050|R,AN08B050,R,ascending,1,436.61,0,0,0,0,0.00
AN08B053|L,AN08B053,L,ascending,1,222.74,0,0,0,0,0.00
AN08B057|L,AN08B057,L,ascending,8,2407.11,0,0,0,0,0.00
AN08B057|R,AN08B057,R,ascending,8,2903.89,0,0,0,0,0.00
AN08B059|L,AN08B059,L,ascending,5,2120.83,0,0,0,0,0.00
AN08B059|R,AN08B059,R,ascending,6,2398.58,0,0,0,0,0.00
AN08B066|L,AN08B066,L,ascending,3,1342.23,0,0,0,0,0.00
AN08B066|R,AN08B066,R,ascending,3,1427.12,0,0,0,0,0.00
AN08B069|L,AN08B069,L,ascending,9,3335.78,0,0,0,0,0.00
AN08B069|R,AN08B069,R,ascending,7,2823.12,0,0,0,0,0.00
AN08B074|L,AN08B074,L,ascending,38,16120.91,0,0,0,0,0.00
AN08B074|R,AN08B074,R,ascending,41,17604.79,0,0,0,0,0.00
AN08B079_a|L,AN08B079_a,L,ascending,16,11363.35,0,0,0,0,0.00
AN08B079_a|R,AN08B079_a,R,ascending,17,12553.81,0,0,0,0,0.00
AN08B079_b|L,AN08B079_b,L,ascending,7,5247.31,0,0,0,0,0.00
AN08B079_b|R,AN08B079_b,R,ascending,12,8946.35,0,0,0,0,0.00
AN08B081|L,AN08B081,L,ascending,4,1152.50,0,0,0,0,0.00
AN08B081|R,AN08B081,R,ascending,2,717.61,0,0,0,0,0.00
AN08B084|L,AN08B084,L,ascending,33,13995.91,0,0,0,0,0.00
AN08B084|R,AN08B084,R,ascending,33,14368.91,0,0,0,0,0.00
AN08B086|L,AN08B086,L,ascending,10,3603.93,0,0,0,0,0.00
AN08B086|R,AN08B086,R,ascending,4,1567.31,0,0,0,0,0.00
AN08B089|L,AN08B089,L,ascending,1,449.72,0,0,0,0,0.00
AN08B094|L,AN08B094,L,ascending,1,437.57,0,0,0,0,0.00
AN08B095|L,AN08B095,L,ascending,1,360.43,0,0,0,0,0.00
AN08B096|L,AN08B096,L,ascending,2,871.67,0,0,0,0,0.00
AN08B097|L,AN08B097,L,ascending,13,3759.70,0,0,0,0,0.00
AN08B097|R,AN08B097,R,ascending,9,3134.43,0,0,0,0,0.00
AN08B098|L,AN08B098,L,ascending,5,1543.03,0,0,0,0,0.00
AN08B098|R,AN08B098,R,ascending,5,1562.25,0,0,0,0,0.00
AN08B099_a|R,AN08B099_a,R,ascending,1,373.05,0,0,0,0,0.00
AN08B099_c|L,AN08B099_c,L,ascending,2,680.27,0,0,0,0,0.00
AN08B099_c|R,AN08B099_c,R,ascending,2,704.34,0,0,0,0,0.00
AN08B099_d|L,AN08B099_d,L,ascending,1,241.38,0,0,0,0,0.00
AN08B099_d|R,AN08B099_d,R,ascending,1,258.74,0,0,0,0,0.00
AN08B099_e|L,AN08B099_e,L,ascending,1,240.58,0,0,0,0,0.00
AN08B099_e|R,AN08B099_e,R,ascending,2,526.62,0,0,0,0,0.00
AN08B099_f|L,AN08B099_f,L,ascending,3,681.60,0,0,0,0,0.00
AN08B099_f|R,AN08B099_f,R,ascending,3,741.10,0,0,0,0,0.00
AN08B099_g|L,AN08B099_g,L,ascending,4,1131.63,0,0,0,0,0.00
AN08B099_g|R,AN08B099_g,R,ascending,3,876.57,0,0,0,0,0.00
AN08B099_h|L,AN08B099_h,L,ascending,3,938.83,0,0,0,0,0.00
AN08B099_h|R,AN08B099_h,R,ascending,4,1346.06,0,0,0,0,0.00
AN08B099_i|L,AN08B099_i,L,ascending,2,776.07,0,0,0,0,0.00
AN08B099_j|R,AN08B099_j,R,ascending,4,1607.43,0,0,0,0,0.00
AN08B100|L,AN08B100,L,ascending,7,4768.39,0,0,0,0,0.00
AN08B100|R,AN08B100,R,ascending,10,6770.18,0,0,0,0,0.00
AN08B101|L,AN08B101,L,ascending,7,2261.44,0,0,0,0,0.00
AN08B101|R,AN08B101,R,ascending,6,1949.81,0,0,0,0,0.00
AN08B102|L,AN08B102,L,ascending,2,453.54,0,0,0,0,0.00
AN08B103|L,AN08B103,L,ascending,16,3961.23,0,0,0,0,0.00
AN08B103|R,AN08B103,R,ascending,10,2750.38,0,0,0,0,0.00
AN08B106|L,AN08B106,L,ascending,8,2883.00,0,0,0,0,0.00
AN08B106|R,AN08B106,R,ascending,7,2719.56,0,0,0,0,0.00
AN08B107|L,AN08B107,L,ascending,2,599.88,0,0,0,0,0.00
AN08B107|R,AN08B107,R,ascending,3,797.86,0,0,0,0,0.00
AN08B109|L,AN08B109,L,ascending,1,366.54,0,0,0,0,0.00
AN08B109|R,AN08B109,R,ascending,2,738.84,0,0,0,0,0.00
AN08B110|L,AN08B110,L,ascending,9,2491.50,0,0,0,0,0.00
AN08B110|R,AN08B110,R,ascending,12,3446.48,0,0,0,0,0.00
AN08B111|L,AN08B111,L,ascending,13,4789.52,0,0,0,0,0.00
AN08B111|R,AN08B111,R,ascending,12,4545.75,0,0,0,0,0.00
AN08B112|L,AN08B112,L,ascending,18,6172.19,0,0,0,0,0.00
AN08B112|R,AN08B112,R,ascending,18,7157.72,0,0,0,0,0.00
AN08B113|L,AN08B113,L,ascending,8,2744.64,0,0,0,0,0.00
AN08B113|R,AN08B113,R,ascending,11,3537.18,0,0,0,0,0.00
AN09A005|L,AN09A005,L,ascending,5,2797.74,0,0,0,0,0.00
AN09A005|R,AN09A005,R,ascending,5,3001.48,0,0,0,0,0.00
AN09A007|L,AN09A007,L,ascending,7,3821.64,0,0,0,0,0.00
AN09A007|R,AN09A007,R,ascending,6,2043.45,0,0,0,0,0.00
AN09B002|L,AN09B002,L,ascending,32,18874.87,0,0,0,0,0.00
AN09B002|R,AN09B002,R,ascending,21,12074.84,0,0,0,0,0.00
AN09B003|L,AN09B003,L,ascending,16,10945.87,0,0,0,0,0.00
AN09B003|R,AN09B003,R,ascending,17,11259.55,0,0,0,0,0.00
AN09B004|L,AN09B004,L,ascending,123,103899.51,0,0,0,0,0.00
AN09B004|R,AN09B004,R,ascending,110,90962.15,0,0,0,0,0.00
AN09B006|L,AN09B006,L,ascending,8,3197.25,0,0,0,0,0.00
AN09B006|R,AN09B006,R,ascending,5,2070.48,0,0,0,0,0.00
AN09B007|L,AN09B007,L,ascending,16,12241.34,0,0,0,0,0.00
AN09B007|R,AN09B007,R,ascending,11,7947.88,0,0,0,0,0.00
AN09B009|L,AN09B009,L,ascending,20,16786.16,0,0,0,0,0.00
AN09B009|R,AN09B009,R,ascending,20,15783.01,0,0,0,0,0.00
AN09B011|L,AN09B011,L,ascending,23,17994.89,0,0,0,0,0.00
AN09B011|R,AN09B011,R,ascending,27,21322.89,0,0,0,0,0.00
AN09B012|L,AN09B012,L,ascending,34,28917.19,0,0,0,0,0.00
AN09B012|R,AN09B012,R,ascending,34,28799.13,0,0,0,0,0.00
AN09B013|L,AN09B013,L,ascending,10,9287.72,0,0,0,0,0.00
AN09B013|R,AN09B013,R,ascending,9,8221.78,0,0,0,0,0.00
AN09B014|L,AN09B014,L,ascending,12,6554.27,0,0,0,0,0.00
AN09B014|R,AN09B014,R,ascending,9,4780.90,0,0,0,0,0.00
AN09B015|L,AN09B015,L,ascending,35,20428.54,0,0,0,0,0.00
AN09B015|R,AN09B015,R,ascending,37,20044.05,0,0,0,0,0.00
AN09B016|L,AN09B016,L,ascending,32,20032.45,0,0,0,0,0.00
AN09B016|R,AN09B016,R,ascending,27,16236.18,0,0,0,0,0.00
AN09B017a|L,AN09B017a,L,ascending,21,13352.86,0,0,0,0,0.00
AN09B017a|R,AN09B017a,R,ascending,22,13905.99,0,0,0,0,0.00
AN09B017b|L,AN09B017b,L,ascending,30,5529.83,0,0,0,0,0.00
AN09B017b|R,AN09B017b,R,ascending,30,25291.01,0,0,0,0,0.00
AN09B017c|L,AN09B017c,L,ascending,14,12439.99,0,0,0,0,0.00
AN09B017c|R,AN09B017c,R,ascending,14,11648.69,0,0,0,0,0.00
AN09B017d|L,AN09B017d,L,ascending,26,24578.16,0,0,0,0,0.00
AN09B017d|R,AN09B017d,R,ascending,24,23092.40,0,0,0,0,0.00
AN09B017e|L,AN09B017e,L,ascending,40,37615.10,0,0,0,0,0.00
AN09B017e|R,AN09B017e,R,ascending,43,39704.21,0,0,0,0,0.00
AN09B017f|L,AN09B017f,L,ascending,36,34235.40,0,0,0,0,0.00
AN09B017f|R,AN09B017f,R,ascending,37,35093.55,0,0,0,0,0.00
AN09B017g|L,AN09B017g,L,ascending,35,32713.40,0,0,0,0,0.00
AN09B017g|R,AN09B017g,R,ascending,39,7753.00,0,0,0,0,0.00
AN09B018|L,AN09B018,L,ascending,42,34185.98,0,5,0,0,0.00
AN09B018|R,AN09B018,R,ascending,41,33050.45,0,6,0,0,0.00
AN09B019|L,AN09B019,L,ascending,29,21387.18,0,0,0,0,0.00
AN09B019|R,AN09B019,R,ascending,28,19980.62,0,0,0,0,0.00
AN09B020|L,AN09B020,L,ascending,4,1499.88,0,0,0,0,0.00
AN09B020|R,AN09B020,R,ascending,2,741.89,0,0,0,0,0.00
AN09B021|L,AN09B021,L,ascending,5,2341.48,0,0,0,0,0.00
AN09B021|R,AN09B021,R,ascending,4,1871.09,0,0,0,0,0.00
AN09B023|L,AN09B023,L,ascending,38,31792.99,0,0,0,0,0.00
AN09B023|R,AN09B023,R,ascending,44,35275.40,0,0,0,0,0.00
AN09B024|L,AN09B024,L,ascending,23,12724.86,0,0,0,0,0.00
AN09B024|R,AN09B024,R,ascending,24,12155.83,0,0,0,0,0.00
AN09B026|L,AN09B026,L,ascending,28,16382.13,0,0,0,0,0.00
AN09B026|R,AN09B026,R,ascending,26,14693.21,0,0,0,0,0.00
AN09B027|L,AN09B027,L,ascending,23,18067.62,0,0,0,0,0.00
AN09B027|R,AN09B027,R,ascending,20,15663.70,0,0,0,0,0.00
AN09B028|L,AN09B028,L,ascending,2,987.11,0,0,0,0,0.00
AN09B028|R,AN09B028,R,ascending,7,3291.48,0,0,0,0,0.00
AN09B029|L,AN09B029,L,ascending,17,14089.49,0,0,0,0,0.00
AN09B029|R,AN09B029,R,ascending,18,14417.00,0,0,0,0,0.00
AN09B030|L,AN09B030,L,ascending,3,1427.95,0,0,0,0,0.00
AN09B030|R,AN09B030,R,ascending,3,1453.60,0,0,0,0,0.00
AN09B031|L,AN09B031,L,ascending,19,11661.31,0,0,0,0,0.00
AN09B031|R,AN09B031,R,ascending,14,8360.46,0,0,0,0,0.00
AN09B032|L,AN09B032,L,ascending,3,1368.02,0,0,0,0,0.00
AN09B032|R,AN09B032,R,ascending,6,2661.43,0,0,0,0,0.00
AN09B033|L,AN09B033,L,ascending,47,40822.45,0,0,0,0,0.00
AN09B033|R,AN09B033,R,ascending,43,36194.96,0,0,0,0,0.00
AN09B034|L,AN09B034,L,ascending,33,8390.42,0,0,0,0,0.00
AN09B034|R,AN09B034,R,ascending,33,24162.22,0,0,0,0,0.00
AN09B035|L,AN09B035,L,ascending,6,3039.29,0,0,0,0,0.00
AN09B035|R,AN09B035,R,ascending,5,2633.89,0,0,0,0,0.00
AN09B036|L,AN09B036,L,ascending,11,8449.45,0,0,0,0,0.00
AN09B036|R,AN09B036,R,ascending,8,2685.56,0,0,0,0,0.00
AN09B037|L,AN09B037,L,ascending,16,13689.45,0,0,0,0,0.00
AN09B037|R,AN09B037,R,ascending,20,16474.35,0,0,0,0,0.00
AN09B040|L,AN09B040,L,ascending,4,1747.72,0,0,0,0,0.00
AN09B040|R,AN09B040,R,ascending,4,2166.66,0,0,0,0,0.00
AN09B042|L,AN09B042,L,ascending,6,5528.30,0,0,0,0,0.00
AN09B042|R,AN09B042,R,ascending,6,5386.73,0,0,0,0,0.00
AN09B044|L,AN09B044,L,ascending,1,805.71,0,0,0,0,0.00
AN09B044|R,AN09B044,R,ascending,1,664.49,0,0,0,0,0.00
AN09B059|L,AN09B059,L,ascending,42,20347.08,0,0,0,0,0.00
AN09B059|R,AN09B059,R,ascending,32,15379.56,0,0,0,0,0.00
AN09B060|L,AN09B060,L,ascending,36,28698.49,0,0,0,0,0.00
AN09B060|R,AN09B060,R,ascending,36,28418.16,0,0,0,0,0.00
AN10B005|L,AN10B005,L,ascending,39,18708.93,0,0,0,0,0.00
AN10B005|R,AN10B005,R,ascending,39,19352.14,0,0,0,0,0.00
AN10B015|L,AN10B015,L,ascending,17,9430.35,0,0,0,0,0.00
AN10B015|R,AN10B015,R,ascending,15,8264.70,0,0,0,0,0.00
AN10B017|L,AN10B017,L,ascending,39,22875.68,0,0,0,0,0.00
AN10B017|R,AN10B017,R,ascending,29,16107.86,0,0,0,0,0.00
AN10B018|L,AN10B018,L,ascending,27,21529.70,0,0,0,0,0.00
AN10B018|R,AN10B018,R,ascending,19,14569.77,0,0,0,0,0.00
AN10B019|L,AN10B019,L,ascending,14,7952.46,0,0,0,0,0.00
AN10B019|R,AN10B019,R,ascending,13,8364.06,0,0,0,0,0.00
AN10B020|L,AN10B020,L,ascending,32,18539.79,0,0,0,0,0.00
AN10B020|R,AN10B020,R,ascending,29,17482.29,0,0,0,0,0.00
AN10B021|L,AN10B021,L,ascending,16,8801.79,0,0,0,0,0.00
AN10B021|R,AN10B021,R,ascending,14,7633.51,0,0,0,0,0.00
AN10B022|L,AN10B022,L,ascending,32,19075.17,0,0,0,0,0.00
AN10B022|R,AN10B022,R,ascending,24,14150.68,0,0,0,0,0.00
AN10B024|L,AN10B024,L,ascending,23,15782.30,0,0,0,0,0.00
AN10B024|R,AN10B024,R,ascending,23,15917.23,0,0,0,0,0.00
AN10B025|L,AN10B025,L,ascending,2,746.17,0,0,0,0,0.00
AN10B026|L,AN10B026,L,ascending,15,6954.66,0,0,0,0,0.00
AN10B026|R,AN10B026,R,ascending,14,7082.39,0,0,0,0,0.00
AN10B027|L,AN10B027,L,ascending,37,22460.21,0,0,0,0,0.00
AN10B027|R,AN10B027,R,ascending,40,24718.03,0,0,0,0,0.00
AN10B029|L,AN10B029,L,ascending,31,18785.60,0,0,0,0,0.00
AN10B029|R,AN10B029,R,ascending,31,18734.23,0,0,0,0,0.00
AN10B033|L,AN10B033,L,ascending,26,17140.32,0,0,0,0,0.00
AN10B033|R,AN10B033,R,ascending,24,15178.14,0,0,0,0,0.00
AN10B034|L,AN10B034,L,ascending,6,3610.13,0,0,0,0,0.00
AN10B034|R,AN10B034,R,ascending,4,2647.01,0,0,0,0,0.00
AN10B035|L,AN10B035,L,ascending,5,3192.86,0,0,0,0,0.00
AN10B035|R,AN10B035,R,ascending,5,3310.25,0,0,0,0,0.00
AN10B037|L,AN10B037,L,ascending,6,3352.69,0,0,0,0,0.00
AN10B037|R,AN10B037,R,ascending,1,575.22,0,0,0,0,0.00
AN10B039|L,AN10B039,L,ascending,3,1513.62,0,0,0,0,0.00
AN10B039|R,AN10B039,R,ascending,3,1564.66,0,0,0,0,0.00
AN10B045|L,AN10B045,L,ascending,29,18316.48,0,0,0,0,0.00
AN10B045|R,AN10B045,R,ascending,33,21566.93,0,0,0,0,0.00
AN10B046|L,AN10B046,L,ascending,5,1954.39,0,0,0,0,0.00
AN10B046|R,AN10B046,R,ascending,1,471.47,0,0,0,0,0.00
AN10B047|L,AN10B047,L,ascending,31,19507.63,0,0,0,0,0.00
AN10B047|R,AN10B047,R,ascending,27,17276.16,0,0,0,0,0.00
AN10B048|L,AN10B048,L,ascending,19,10774.40,0,0,0,0,0.00
AN10B048|R,AN10B048,R,ascending,19,10840.47,0,0,0,0,0.00
AN10B053|L,AN10B053,L,ascending,34,20418.39,0,0,0,0,0.00
AN10B053|R,AN10B053,R,ascending,29,18342.45,0,0,0,0,0.00
AN12A003|L,AN12A003,L,ascending,8,6061.45,0,0,0,0,0.00
AN12A003|R,AN12A003,R,ascending,9,6634.59,0,0,0,0,0.00
AN12A017|L,AN12A017,L,ascending,2,955.09,0,0,0,0,0.00
AN12B001|L,AN12B001,L,ascending,34,18916.86,0,0,0,0,0.00
AN12B001|R,AN12B001,R,ascending,27,15574.82,0,0,0,0,0.00
AN12B004|L,AN12B004,L,ascending,54,40781.48,0,0,0,0,0.00
AN12B004|R,AN12B004,R,ascending,56,40240.62,0,0,0,0,0.00
AN12B005|L,AN12B005,L,ascending,10,8132.17,0,0,0,0,0.00
AN12B005|R,AN12B005,R,ascending,4,3115.14,0,0,0,0,0.00
AN12B006|L,AN12B006,L,ascending,8,6496.83,0,0,0,0,0.00
AN12B006|R,AN12B006,R,ascending,7,5879.21,0,0,0,0,0.00
AN12B008|L,AN12B008,L,ascending,6,3502.45,0,0,0,0,0.00
AN12B008|R,AN12B008,R,ascending,8,4651.25,0,0,0,0,0.00
AN12B011|L,AN12B011,L,ascending,12,5431.89,0,0,0,0,0.00
AN12B011|R,AN12B011,R,ascending,12,5686.44,0,0,0,0,0.00
AN12B019|L,AN12B019,L,ascending,29,20160.20,0,0,0,0,0.00
AN12B019|R,AN12B019,R,ascending,27,18772.85,0,0,0,0,0.00
AN12B055|L,AN12B055,L,ascending,4,1980.26,0,0,0,0,0.00
AN12B055|R,AN12B055,R,ascending,8,4004.14,0,0,0,0,0.00
AN12B060|L,AN12B060,L,ascending,2,1039.79,0,0,0,0,0.00
AN12B060|R,AN12B060,R,ascending,1,510.78,0,0,0,0,0.00
AN12B076|L,AN12B076,L,ascending,9,4200.21,0,0,0,0,0.00
AN12B076|R,AN12B076,R,ascending,4,1920.01,0,0,0,0,0.00
AN12B080|L,AN12B080,L,ascending,3,1222.59,0,0,0,0,0.00
AN12B080|R,AN12B080,R,ascending,3,1278.39,0,0,0,0,0.00
AN12B089|L,AN12B089,L,ascending,2,857.11,0,0,0,0,0.00
AN13B002|L,AN13B002,L,ascending,4,2820.55,0,0,0,0,0.00
AN13B002|R,AN13B002,R,ascending,3,2028.52,0,0,0,0,0.00
AN14A003|L,AN14A003,L,ascending,6,3793.39,0,0,0,0,0.00
AN14A003|R,AN14A003,R,ascending,7,4769.13,0,0,0,0,0.00
AN16B078_a|L,AN16B078_a,L,ascending,2,510.26,0,0,0,0,0.00
AN16B078_a|R,AN16B078_a,R,ascending,3,835.18,0,0,0,0,0.00
AN16B078_b|R,AN16B078_b,R,ascending,1,248.55,0,0,0,0,0.00
AN16B112|L,AN16B112,L,ascending,10,2692.87,0,0,0,0,0.00
AN16B116|L,AN16B116,L,ascending,6,1671.74,0,0,0,0,0.00
AN16B116|R,AN16B116,R,ascending,7,1937.94,0,0,0,0,0.00
AN17A002|L,AN17A002,L,ascending,24,16732.22,0,0,0,0,0.00
AN17A002|R,AN17A002,R,ascending,22,16545.25,0,0,0,0,0.00
AN17A003|L,AN17A003,L,ascending,34,16705.28,0,0,0,0,0.00
AN17A003|R,AN17A003,R,ascending,37,17659.93,0,0,0,0,0.00
AN17A004|L,AN17A004,L,ascending,12,5938.23,0,0,0,0,0.00
AN17A004|R,AN17A004,R,ascending,13,6067.89,0,0,0,0,0.00
AN17A008|L,AN17A008,L,ascending,38,24508.02,0,0,0,0,0.00
AN17A008|R,AN17A008,R,ascending,37,24874.45,0,0,0,0,0.00
AN17A009|L,AN17A009,L,ascending,6,4277.71,0,0,0,0,0.00
AN17A009|R,AN17A009,R,ascending,2,1394.16,0,0,0,0,0.00
AN17A012|L,AN17A012,L,ascending,35,25230.18,0,0,0,0,0.00
AN17A012|R,AN17A012,R,ascending,32,22817.59,0,0,0,0,0.00
AN17A013|L,AN17A013,L,ascending,2,718.74,0,0,0,0,0.00
AN17A013|R,AN17A013,R,ascending,4,1402.91,0,0,0,0,0.00
AN17A014|L,AN17A014,L,ascending,15,7489.90,0,0,0,0,0.00
AN17A014|R,AN17A014,R,ascending,17,8603.20,0,0,0,0,0.00
AN17A015|L,AN17A015,L,ascending,21,11298.89,0,0,0,0,0.00
AN17A015|R,AN17A015,R,ascending,31,17047.09,0,0,0,0,0.00
AN17A018|L,AN17A018,L,ascending,30,14899.56,0,0,0,0,0.00
AN17A018|R,AN17A018,R,ascending,23,11433.44,0,0,0,0,0.00
AN17A024|L,AN17A024,L,ascending,14,6249.16,0,0,0,0,0.00
AN17A024|R,AN17A024,R,ascending,13,6059.96,0,0,0,0,0.00
AN17A026|L,AN17A026,L,ascending,24,13212.40,0,0,0,0,0.00
AN17A026|R,AN17A026,R,ascending,16,8319.04,0,0,0,0,0.00
AN17A031|L,AN17A031,L,ascending,3,1334.75,0,0,0,0,0.00
AN17A031|R,AN17A031,R,ascending,3,1367.05,0,0,0,0,0.00
AN17A047|L,AN17A047,L,ascending,1,251.62,0,0,0,0,0.00
AN17A047|R,AN17A047,R,ascending,5,1163.76,0,0,0,0,0.00
AN17A050|L,AN17A050,L,ascending,14,5312.51,0,0,0,0,0.00
AN17A050|R,AN17A050,R,ascending,14,5459.83,0,0,0,0,0.00
AN17A062|L,AN17A062,L,ascending,57,33521.84,0,0,0,0,0.00
AN17A062|R,AN17A062,R,ascending,59,34334.70,0,0,0,0,0.00
AN17A068|L,AN17A068,L,ascending,1,414.28,0,0,0,0,0.00
AN17A068|R,AN17A068,R,ascending,2,677.11,0,0,0,0,0.00
AN17A073|L,AN17A073,L,ascending,2,1096.17,0,0,0,0,0.00
AN17A073|R,AN17A073,R,ascending,2,1009.02,0,0,0,0,0.00
AN17A076|L,AN17A076,L,ascending,16,5715.11,0,0,0,0,0.00
AN17A076|R,AN17A076,R,ascending,19,6913.91,0,0,0,0,0.00
AN17B002|L,AN17B002,L,ascending,33,24566.95,0,0,0,0,0.00
AN17B002|R,AN17B002,R,ascending,27,19029.59,0,0,0,0,0.00
AN17B005|L,AN17B005,L,ascending,25,13997.21,0,0,0,0,0.00
AN17B005|R,AN17B005,R,ascending,17,9308.48,0,0,0,0,0.00
AN17B007|L,AN17B007,L,ascending,16,10794.24,0,0,0,0,0.00
AN17B007|R,AN17B007,R,ascending,17,11928.09,0,0,0,0,0.00
AN17B008|R,AN17B008,R,ascending,30,19561.09,0,0,0,0,0.00
AN17B009|L,AN17B009,L,ascending,12,6986.82,0,0,0,0,0.00
AN17B009|R,AN17B009,R,ascending,20,11096.53,0,0,0,0,0.00
AN17B011|L,AN17B011,L,ascending,9,6406.29,0,0,0,0,0.00
AN17B011|R,AN17B011,R,ascending,11,7058.01,0,0,0,0,0.00
AN17B012|L,AN17B012,L,ascending,21,9382.74,0,0,0,0,0.00
AN17B012|R,AN17B012,R,ascending,23,10259.76,0,0,0,0,0.00
AN17B013|L,AN17B013,L,ascending,11,8303.56,0,0,0,0,0.00
AN17B013|R,AN17B013,R,ascending,9,6578.33,0,0,0,0,0.00
AN17B016|L,AN17B016,L,ascending,43,24218.04,0,0,0,0,0.00
AN17B016|R,AN17B016,R,ascending,45,24248.79,0,0,0,0,0.00
AN18B001|L,AN18B001,L,ascending,14,4515.68,0,0,0,0,0.00
AN18B001|R,AN18B001,R,ascending,11,3702.99,0,0,0,0,0.00
AN18B002|L,AN18B002,L,ascending,3,1775.45,0,0,0,0,0.00
AN18B002|R,AN18B002,R,ascending,4,2616.41,0,0,0,0,0.00
AN18B019|L,AN18B019,L,ascending,21,12612.17,0,0,0,0,0.00
AN18B019|R,AN18B019,R,ascending,19,10816.57,0,0,0,0,0.00
AN18B020|L,AN18B020,L,ascending,2,592.79,0,0,0,0,0.00
AN18B020|R,AN18B020,R,ascending,2,531.54,0,0,0,0,0.00
AN18B022|L,AN18B022,L,ascending,14,7994.91,0,0,0,0,0.00
AN18B022|R,AN18B022,R,ascending,11,6393.73,0,0,0,0,0.00
AN18B025|R,AN18B025,R,ascending,11,3792.18,0,0,0,0,0.00
AN18B053|L,AN18B053,L,ascending,22,10496.57,0,0,0,0,0.00
AN18B053|R,AN18B053,R,ascending,23,11475.91,0,0,0,0,0.00
AN19A018|L,AN19A018,L,ascending,68,44750.62,0,0,0,0,0.00
AN19A018|R,AN19A018,R,ascending,68,44373.36,0,0,0,0,0.00
AN19A019|L,AN19A019,L,ascending,3,1212.29,0,0,0,0,0.00
AN19A019|R,AN19A019,R,ascending,6,2764.36,0,0,0,0,0.00
AN19B004|R,AN19B004,R,ascending,1,415.12,0,0,0,0,0.00
AN19B009|R,AN19B009,R,ascending,1,541.55,0,0,0,0,0.00
AN19B010|L,AN19B010,L,ascending,7,4567.84,0,0,0,0,0.00
AN19B010|R,AN19B010,R,ascending,6,4176.68,0,0,0,0,0.00
AN19B015|L,AN19B015,L,ascending,6,2783.66,0,0,0,0,0.00
AN19B015|R,AN19B015,R,ascending,7,3323.88,0,0,0,0,0.00
AN19B017|L,AN19B017,L,ascending,66,31296.77,0,0,0,0,0.00
AN19B017|R,AN19B017,R,ascending,67,33347.62,0,0,0,0,0.00
AN19B019|L,AN19B019,L,ascending,132,71817.79,0,0,0,0,0.00
AN19B019|R,AN19B019,R,ascending,131,69203.57,0,0,0,0,0.00
AN19B022|L,AN19B022,L,ascending,1,598.25,0,0,0,0,0.00
AN19B022|R,AN19B022,R,ascending,2,1176.07,0,0,0,0,0.00
AN19B024|L,AN19B024,L,ascending,35,20395.07,0,0,0,0,0.00
AN19B028|L,AN19B028,L,ascending,15,11470.38,0,0,0,0,0.00
AN19B028|R,AN19B028,R,ascending,16,11691.28,0,0,0,0,0.00
AN19B032|L,AN19B032,L,ascending,4,2511.91,0,0,0,0,0.00
AN19B032|R,AN19B032,R,ascending,4,2682.33,0,0,0,0,0.00
AN19B036|L,AN19B036,L,ascending,50,34790.05,0,0,0,0,0.00
AN19B036|R,AN19B036,R,ascending,53,36150.02,0,0,0,0,0.00
AN19B039|L,AN19B039,L,ascending,6,3621.34,0,0,0,0,0.00
AN19B042|L,AN19B042,L,ascending,10,4492.41,0,0,0,0,0.00
AN19B042|R,AN19B042,R,ascending,7,3473.13,0,0,0,0,0.00
AN19B044|R,AN19B044,R,ascending,9,4138.83,0,0,0,0,0.00
AN19B049|L,AN19B049,L,ascending,38,18038.79,0,0,0,0,0.00
AN19B049|R,AN19B049,R,ascending,44,21400.69,0,0,0,0,0.00
AN19B059|L,AN19B059,L,ascending,5,3163.69,0,0,0,0,0.00
AN19B061|L,AN19B061,L,ascending,1,564.32,0,0,0,0,0.00
AN19B061|R,AN19B061,R,ascending,1,535.60,0,0,0,0,0.00
AN19B063|L,AN19B063,L,ascending,1,567.64,0,0,0,0,0.00
AN19B079|L,AN19B079,L,ascending,1,597.98,0,0,0,0,0.00
AN19B079|R,AN19B079,R,ascending,1,556.95,0,0,0,0,0.00
AN19B093|L,AN19B093,L,ascending,15,8873.98,0,0,0,0,0.00
AN19B099|L,AN19B099,L,ascending,10,5743.38,0,0,0,0,0.00
AN19B099|R,AN19B099,R,ascending,10,5793.26,0,0,0,0,0.00
AN19B100|L,AN19B100,L,ascending,1,600.20,0,0,0,0,0.00
AN19B100|R,AN19B100,R,ascending,1,617.41,0,0,0,0,0.00
AN19B101|L,AN19B101,L,ascending,3,1693.23,0,0,0,0,0.00
AN19B101|R,AN19B101,R,ascending,10,6057.40,0,0,0,0,0.00
AN19B104|L,AN19B104,L,ascending,14,8208.67,0,0,0,0,0.00
AN19B104|R,AN19B104,R,ascending,11,6018.56,0,0,0,0,0.00
AN19B106|L,AN19B106,L,ascending,2,1247.34,0,0,0,0,0.00
AN19B106|R,AN19B106,R,ascending,3,1782.16,0,0,0,0,0.00
AN23B001|L,AN23B001,L,ascending,6,3391.22,0,0,0,0,0.00
AN23B001|R,AN23B001,R,ascending,7,4101.54,0,0,0,0,0.00
AN23B002|L,AN23B002,L,ascending,2,1017.99,0,0,0,0,0.00
AN23B002|R,AN23B002,R,ascending,6,3189.62,0,0,0,0,0.00
AN23B003|L,AN23B003,L,ascending,4,2745.44,0,0,0,0,0.00
AN23B003|R,AN23B003,R,ascending,7,4354.58,0,0,0,0,0.00
AN23B004|L,AN23B004,L,ascending,4,2577.44,0,0,0,0,0.00
AN23B004|R,AN23B004,R,ascending,3,1996.61,0,0,0,0,0.00
AN23B010|L,AN23B010,L,ascending,12,6166.57,0,0,0,0,0.00
AN23B010|R,AN23B010,R,ascending,12,6320.40,0,0,0,0,0.00
AN23B026|L,AN23B026,L,ascending,6,4464.27,0,0,0,0,0.00
AN23B026|R,AN23B026,R,ascending,8,5779.03,0,0,0,0,0.00
AN26X004|L,AN26X004,L,ascending,8,3594.53,0,0,0,0,0.00
AN26X004|R,AN26X004,R,ascending,6,2743.74,0,0,0,0,0.00
AN27X003|L,AN27X003,L,ascending,2,913.18,0,0,0,0,0.00
AN27X004|L,AN27X004,L,ascending,4,3053.91,0,0,0,0,0.00
AN27X004|R,AN27X004,R,ascending,3,2406.61,0,0,0,0,0.00
AN27X008|L,AN27X008,L,ascending,23,12420.85,0,0,0,0,0.00
AN27X008|R,AN27X008,R,ascending,18,9084.34,0,0,0,0,0.00
AN27X009|L,AN27X009,L,ascending,62,36932.82,0,0,0,0,0.00
AN27X009|R,AN27X009,R,ascending,78,46448.20,0,0,0,0,0.00
AN27X011|L,AN27X011,L,ascending,47,24835.46,0,0,0,0,0.00
AN27X011|R,AN27X011,R,ascending,13,6932.44,0,0,0,0,0.00
AN27X013|R,AN27X013,R,ascending,7,3872.34,0,0,0,0,0.00
AN27X015|L,AN27X015,L,ascending,52,28421.03,0,0,0,0,0.00
AN27X015|R,AN27X015,R,ascending,48,27173.22,0,0,0,0,0.00
AN27X016|L,AN27X016,L,ascending,25,13284.24,0,0,0,0,0.00
AN27X016|R,AN27X016,R,ascending,25,12835.29,0,0,0,0,0.00
AN27X017|L,AN27X017,L,ascending,23,17364.68,0,0,0,0,0.00
AN27X017|R,AN27X017,R,ascending,29,22862.63,0,0,0,0,0.00
AN27X018|L,AN27X018,L,ascending,73,45601.41,0,0,0,0,0.00
AN27X018|R,AN27X018,R,ascending,66,41199.93,0,0,0,0,0.00
AN27X019|L,AN27X019,L,ascending,1,886.77,0,0,0,0,0.00
AN27X019|R,AN27X019,R,ascending,7,3818.06,0,0,0,0,0.00
AN27X020|L,AN27X020,L,ascending,55,27452.20,0,0,0,0,0.00
AN27X020|R,AN27X020,R,ascending,55,27608.93,0,0,0,0,0.00
AN27X021|L,AN27X021,L,ascending,37,19083.41,0,0,0,0,0.00
AN27X021|R,AN27X021,R,ascending,37,19235.51,0,0,0,0,0.00
AN27X022|L,AN27X022,L,ascending,27,14165.14,0,0,0,0,0.00
AN27X022|R,AN27X022,R,ascending,29,15350.09,0,0,0,0,0.00
ANXXX005|R,ANXXX005,R,ascending,2,959.02,0,0,0,0,0.00
ANXXX007|L,ANXXX007,L,ascending,26,22443.07,0,0,0,0,0.00
ANXXX007|R,ANXXX007,R,ascending,18,15399.07,0,0,0,0,0.00
ANXXX013|L,ANXXX013,L,ascending,1,589.62,0,0,0,0,0.00
ANXXX013|R,ANXXX013,R,ascending,2,1406.96,0,0,0,0,0.00
ANXXX023|L,ANXXX023,L,ascending,2,917.40,0,0,0,0,0.00
ANXXX023|R,ANXXX023,R,ascending,4,1985.17,0,0,0,0,0.00
ANXXX024|L,ANXXX024,L,ascending,3,2166.08,0,0,0,0,0.00
ANXXX024|R,ANXXX024,R,ascending,3,2034.70,0,0,0,0,0.00
ANXXX026|L,ANXXX026,L,ascending,5,2031.88,0,0,0,0,0.00
ANXXX026|R,ANXXX026,R,ascending,4,1261.52,0,0,0,0,0.00
ANXXX027|L,ANXXX027,L,ascending,112,95949.42,0,0,0,0,0.00
ANXXX027|R,ANXXX027,R,ascending,114,94640.48,0,0,0,0,0.00
ANXXX030|L,ANXXX030,L,ascending,9,6782.30,0,0,0,0,0.00
ANXXX030|R,ANXXX030,R,ascending,12,8468.02,0,0,0,0,0.00
ANXXX033|L,ANXXX033,L,ascending,15,10336.45,0,0,0,0,0.00
ANXXX033|R,ANXXX033,R,ascending,12,8525.11,0,0,0,0,0.00
ANXXX041|L,ANXXX041,L,ascending,6,1887.91,0,0,0,0,0.00
ANXXX041|R,ANXXX041,R,ascending,10,3572.05,0,0,0,0,0.00
ANXXX049|L,ANXXX049,L,ascending,17,11471.72,0,0,0,0,0.00
ANXXX049|R,ANXXX049,R,ascending,14,9644.02,0,0,0,0,0.00
ANXXX050|L,ANXXX050,L,ascending,17,14892.01,0,0,0,0,0.00
ANXXX050|R,ANXXX050,R,ascending,11,9138.91,0,0,0,0,0.00
ANXXX055|L,ANXXX055,L,ascending,16,13831.05,0,0,0,0,0.00
ANXXX055|R,ANXXX055,R,ascending,12,10376.00,0,0,0,0,0.00
ANXXX057|L,ANXXX057,L,ascending,32,25167.73,0,0,0,0,0.00
ANXXX057|R,ANXXX057,R,ascending,33,25811.28,0,0,0,0,0.00
ANXXX072|L,ANXXX072,L,ascending,6,2964.63,0,0,0,0,0.00
ANXXX072|R,ANXXX072,R,ascending,6,2776.73,0,0,0,0,0.00
ANXXX074|L,ANXXX074,L,ascending,3,2499.14,0,0,0,0,0.00
ANXXX074|R,ANXXX074,R,ascending,1,795.14,0,0,0,0,0.00
ANXXX075|L,ANXXX075,L,ascending,28,23872.50,0,0,0,0,0.00
ANXXX075|R,ANXXX075,R,ascending,33,26464.56,0,0,0,0,0.00
ANXXX082|L,ANXXX082,L,ascending,16,12642.02,0,0,0,0,0.00
ANXXX082|R,ANXXX082,R,ascending,12,9390.38,0,0,0,0,0.00
ANXXX084|L,ANXXX084,L,ascending,27,21974.50,0,0,0,0,0.00
ANXXX084|R,ANXXX084,R,ascending,19,15285.47,0,0,0,0,0.00
ANXXX092|L,ANXXX092,L,ascending,2,1468.37,0,0,0,0,0.00
ANXXX092|R,ANXXX092,R,ascending,1,710.92,0,0,0,0,0.00
ANXXX093|L,ANXXX093,L,ascending,21,19087.32,0,0,0,0,0.00
ANXXX093|R,ANXXX093,R,ascending,25,23082.81,0,0,0,0,0.00
ANXXX094|L,ANXXX094,L,ascending,33,26023.55,0,0,0,0,0.00
ANXXX094|R,ANXXX094,R,ascending,33,25314.27,0,0,0,0,0.00
ANXXX098|L,ANXXX098,L,ascending,68,54953.62,0,0,0,0,0.00
ANXXX098|R,ANXXX098,R,ascending,67,53615.69,0,0,0,0,0.00
ANXXX099|L,ANXXX099,L,ascending,8,6678.94,0,0,0,0,0.00
ANXXX099|R,ANXXX099,R,ascending,7,5671.71,0,0,0,0,0.00
ANXXX102|L,ANXXX102,L,ascending,40,32137.96,0,0,0,0,0.00
ANXXX102|R,ANXXX102,R,ascending,43,33978.24,0,0,0,0,0.00
ANXXX106|L,ANXXX106,L,ascending,12,3224.42,0,0,0,0,0.00
ANXXX106|R,ANXXX106,R,ascending,11,3478.70,0,0,0,0,0.00
ANXXX108|L,ANXXX108,L,ascending,46,18515.15,0,0,0,0,0.00
ANXXX108|R,ANXXX108,R,ascending,36,14295.19,0,0,0,0,0.00
ANXXX109|L,ANXXX109,L,ascending,10,3874.03,0,0,0,0,0.00
ANXXX109|R,ANXXX109,R,ascending,11,4506.58,0,0,0,0,0.00
ANXXX116|L,ANXXX116,L,ascending,25,21174.59,0,0,0,0,0.00
ANXXX116|R,ANXXX116,R,ascending,28,23508.53,0,0,0,0,0.00
ANXXX120|L,ANXXX120,L,ascending,52,45654.79,0,0,0,0,0.00
ANXXX120|R,ANXXX120,R,ascending,47,39902.94,0,0,0,0,0.00
ANXXX127|L,ANXXX127,L,ascending,20,16854.19,0,0,0,0,0.00
ANXXX127|R,ANXXX127,R,ascending,20,17096.78,0,0,0,0,0.00
ANXXX130|L,ANXXX130,L,ascending,5,1871.80,0,0,0,0,0.00
ANXXX130|R,ANXXX130,R,ascending,5,1958.46,0,0,0,0,0.00
ANXXX131|L,ANXXX131,L,ascending,6,3393.69,0,0,0,0,0.00
ANXXX131|R,ANXXX131,R,ascending,3,1757.46,0,0,0,0,0.00
ANXXX132|L,ANXXX132,L,ascending,11,8529.59,0,0,0,0,0.00
ANXXX132|R,ANXXX132,R,ascending,5,3951.39,0,0,0,0,0.00
ANXXX136|L,ANXXX136,L,ascending,24,14837.14,0,2,0,0,0.00
ANXXX136|R,ANXXX136,R,ascending,29,18201.13,0,2,0,0,0.00
ANXXX139|L,ANXXX139,L,ascending,19,10794.82,0,0,0,0,0.00
ANXXX139|R,ANXXX139,R,ascending,8,3714.19,0,0,0,0,0.00
ANXXX144|L,ANXXX144,L,ascending,11,8437.13,0,0,0,0,0.00
ANXXX144|R,ANXXX144,R,ascending,7,5190.23,0,0,0,0,0.00
ANXXX145|L,ANXXX145,L,ascending,32,20742.03,0,0,0,0,0.00
ANXXX145|R,ANXXX145,R,ascending,33,23822.11,0,0,0,0,0.00
ANXXX150|L,ANXXX150,L,ascending,26,24097.01,0,1,0,0,0.00
ANXXX150|R,ANXXX150,R,ascending,18,16543.39,0,1,0,0,0.00
ANXXX151|L,ANXXX151,L,ascending,19,17031.86,0,0,0,0,0.00
ANXXX151|R,ANXXX151,R,ascending,18,16671.97,0,0,0,0,0.00
ANXXX152|L,ANXXX152,L,ascending,2,1506.27,0,0,0,0,0.00
ANXXX152|R,ANXXX152,R,ascending,5,3736.24,0,0,0,0,0.00
ANXXX154|L,ANXXX154,L,ascending,8,3079.25,0,0,0,0,0.00
ANXXX154|R,ANXXX154,R,ascending,7,2963.20,0,0,0,0,0.00
ANXXX165|L,ANXXX165,L,ascending,20,16232.20,0,0,0,0,0.00
ANXXX165|R,ANXXX165,R,ascending,21,17638.55,0,0,0,0,0.00
ANXXX169|L,ANXXX169,L,ascending,13,9689.74,0,0,0,0,0.00
ANXXX170|L,ANXXX170,L,ascending,15,13981.50,0,0,0,0,0.00
ANXXX170|R,ANXXX170,R,ascending,22,19693.06,0,0,0,0,0.00
AN06B044|L,AN06B044,L,ascending,14,11161.69,0,0,0,0,0.00
DNpe050|L,DNpe050,L,descending,38,21586.42,0,0,0,0,0.00
ANXXX174|L,ANXXX174,L,ascending,27,21882.39,0,0,0,0,0.00
ANXXX174|R,ANXXX174,R,ascending,24,19172.24,0,0,0,0,0.00
ANXXX178|L,ANXXX178,L,ascending,12,10679.91,0,0,0,0,0.00
ANXXX178|R,ANXXX178,R,ascending,8,2575.29,0,0,0,0,0.00
vMS13|R,vMS13,R,ascending,19,11991.66,0,0,0,0,0.00
INXXX063|L,INXXX063,L,ascending,1,690.13,0,0,0,0,0.00
ANXXX196|L,ANXXX196,L,ascending,11,9875.57,0,1,0,0,0.00
ANXXX196|R,ANXXX196,R,ascending,9,8216.38,0,1,0,0,0.00
MDN|L,MDN,L,descending,34,25133.66,0,0,0,0,0.00
MDN|R,MDN,R,descending,32,23690.50,0,0,0,0,0.00
ANXXX202|L,ANXXX202,L,ascending,19,15164.30,0,3,0,0,0.00
ANXXX202|R,ANXXX202,R,ascending,24,17505.53,0,4,0,0,0.00
ANXXX214|L,ANXXX214,L,ascending,5,3382.50,0,0,0,0,0.00
aSP22|L,aSP22,L,descending,62,45448.48,0,0,0,0,0.00
ANXXX218|L,ANXXX218,L,ascending,24,11580.53,0,0,0,0,0.00
ANXXX218|R,ANXXX218,R,ascending,21,9923.72,0,0,0,0,0.00
ANXXX250|L,ANXXX250,L,ascending,51,20406.47,0,0,0,0,0.00
ANXXX250|R,ANXXX250,R,ascending,46,19085.86,0,0,0,0,0.00
ANXXX254|L,ANXXX254,L,ascending,7,6085.32,0,0,0,0,0.00
ANXXX254|R,ANXXX254,R,ascending,5,4323.54,0,0,0,0,0.00
ANXXX255|L,ANXXX255,L,ascending,22,11234.79,0,0,0,0,0.00
ANXXX255|R,ANXXX255,R,ascending,26,11940.22,0,0,0,0,0.00
ANXXX264|L,ANXXX264,L,ascending,5,2586.84,0,0,0,0,0.00
ANXXX264|R,ANXXX264,R,ascending,4,2003.87,0,0,0,0,0.00
ANXXX296|L,ANXXX296,L,ascending,12,10064.71,0,0,0,0,0.00
ANXXX296|R,ANXXX296,R,ascending,10,8067.30,0,0,0,0,0.00
ANXXX308|L,ANXXX308,L,ascending,12,5593.86,0,0,0,0,0.00
ANXXX308|R,ANXXX308,R,ascending,19,10372.43,0,0,0,0,0.00
ANXXX338|R,ANXXX338,R,ascending,23,10955.38,0,0,0,0,0.00
ANXXX380|L,ANXXX380,L,ascending,11,9600.17,0,0,0,0,0.00
ANXXX380|R,ANXXX380,R,ascending,11,9301.38,0,0,0,0,0.00
ANXXX404|L,ANXXX404,L,ascending,13,4459.77,0,0,0,0,0.00
ANXXX404|R,ANXXX404,R,ascending,13,4732.36,0,0,0,0,0.00
ANXXX410|L,ANXXX410,L,ascending,9,7868.18,0,0,0,0,0.00
ANXXX410|R,ANXXX410,R,ascending,2,1704.52,0,0,0,0,0.00
ANXXX434|L,ANXXX434,L,ascending,35,23181.61,0,0,0,0,0.00
ANXXX434|R,ANXXX434,R,ascending,31,20145.89,0,0,0,0,0.00
ANXXX462a|L,ANXXX462a,L,ascending,38,16041.67,0,0,0,0,0.00
ANXXX462a|R,ANXXX462a,R,ascending,44,19646.51,0,0,0,0,0.00
ANXXX462b|L,ANXXX462b,L,ascending,39,9682.83,0,0,0,0,0.00
dMS9|L,dMS9,L,ascending,10,6384.00,0,0,0,0,0.00
ANXXX470|M,ANXXX470,M,ascending,42,17359.69,0,0,0,0,0.00
CB0429|L,CB0429,L,descending,2,1250.64,0,0,0,0,0.00
CB0429|R,CB0429,R,descending,2,1261.99,0,0,0,0,0.00
DNa01|L,DNa01,L,descending,41,29913.17,0,0,0,0,0.00
DNa01|R,DNa01,R,descending,35,25769.19,0,0,0,0,0.00
DNa02|L,DNa02,L,descending,27,19778.31,0,0,0,0,0.00
DNa02|R,DNa02,R,descending,30,21868.61,0,0,0,0,0.00
DNa03|L,DNa03,L,descending,6,4823.21,0,0,0,0,0.00
DNa03|R,DNa03,R,descending,3,2154.96,0,0,0,0,0.00
dMS9|R,dMS9,R,ascending,5,3270.86,0,0,0,0,0.00
pIP10|L,pIP10,L,descending,41,22826.87,0,0,0,0,0.00
DNa05|L,DNa05,L,descending,36,27083.98,0,0,0,0,0.00
DNa05|R,DNa05,R,descending,37,26966.98,0,0,0,0,0.00
pIP10|R,pIP10,R,descending,36,19404.35,0,0,0,0,0.00
pMP2|L,pMP2,L,descending,30,18702.86,0,0,0,0,0.00
DNa07|L,DNa07,L,descending,5,3978.86,0,0,0,0,0.00
DNa07|R,DNa07,R,descending,4,2588.49,0,0,0,0,0.00
pMP2|R,pMP2,R,descending,30,17411.83,0,0,0,0,0.00
vMS13|L,vMS13,L,ascending,17,9991.39,0,0,0,0,0.00
IN06B027|L,IN06B027,L,ascending,4,3170.91,0,0,0,0,0.00
AN01A089|L,AN01A089,L,ascending,81,37100.64,0,0,0,0,0.00
AN01A089|R,AN01A089,R,ascending,83,37601.98,0,0,0,0,0.00
AN01B002|L,AN01B002,L,ascending,19,13990.64,0,0,0,0,0.00
DNa11|L,DNa11,L,descending,14,10174.67,0,0,0,0,0.00
DNa11|R,DNa11,R,descending,13,9590.31,0,0,0,0,0.00
DNa13|L,DNa13,L,descending,45,34440.86,0,0,0,0,0.00
DNa13|R,DNa13,R,descending,51,39061.63,0,0,0,0,0.00
AN01B002|R,AN01B002,R,ascending,19,13803.06,0,0,0,0,0.00
AN01B004|L,AN01B004,L,ascending,34,22806.09,0,0,0,0,0.00
AN01B004|R,AN01B004,R,ascending,41,27144.12,0,0,0,0,0.00
AN01B005|L,AN01B005,L,ascending,12,9221.59,0,0,0,0,0.00
AN01B005|R,AN01B005,R,ascending,13,8332.17,0,0,0,0,0.00
AN01B011|L,AN01B011,L,ascending,22,15302.27,0,0,0,0,0.00
DNae001|L,DNae001,L,descending,13,9574.90,0,0,0,0,0.00
DNae001|R,DNae001,R,descending,12,8549.95,0,0,0,0,0.00
AN01B011|R,AN01B011,R,ascending,23,16370.63,0,0,0,0,0.00
AN01B014|L,AN01B014,L,ascending,1,590.10,0,0,0,0,0.00
AN01B014|R,AN01B014,R,ascending,1,210.06,0,0,0,0,0.00
AN01B018|L,AN01B018,L,ascending,18,10001.51,0,0,0,0,0.00
DNae004|L,DNae004,L,descending,20,14028.72,0,0,0,0,0.00
DNae004|R,DNae004,R,descending,19,13383.59,0,0,0,0,0.00
DNae005|L,DNae005,L,descending,13,9506.73,0,0,0,0,0.00
DNae005|R,DNae005,R,descending,18,12932.87,0,0,0,0,0.00
DNae006|L,DNae006,L,descending,4,3199.13,0,0,0,0,0.00
DNae006|R,DNae006,R,descending,7,5480.64,0,0,0,0,0.00
DNae007|L,DNae007,L,descending,4,2490.85,0,0,0,0,0.00
DNae007|R,DNae007,R,descending,4,2560.41,0,0,0,0,0.00
AN01B018|R,AN01B018,R,ascending,24,12714.84,0,0,0,0,0.00
DNae008|R,DNae008,R,descending,11,8480.93,0,0,0,0,0.00
DNae009|L,DNae009,L,descending,93,68765.21,0,0,0,0,0.00
DNae009|R,DNae009,R,descending,93,67714.09,0,0,0,0,0.00
DNae010|L,DNae010,L,descending,15,11462.72,0,0,0,0,0.00
AN02A002|L,AN02A002,L,ascending,129,74261.83,0,0,0,0,0.00
DNb01|L,DNb01,L,descending,28,20485.24,0,0,0,0,0.00
DNb01|R,DNb01,R,descending,27,19703.54,0,0,0,0,0.00
AN02A002|R,AN02A002,R,ascending,149,84071.16,0,0,0,0,0.00
AN02A005|L,AN02A005,L,ascending,24,11319.00,0,0,0,0,0.00
AN02A005|R,AN02A005,R,ascending,24,10781.64,0,0,0,0,0.00
DNb03|R,DNb03,R,descending,29,23562.51,0,0,0,0,0.00
DNb04|L,DNb04,L,descending,38,27104.66,0,0,0,0,0.00
DNb04|R,DNb04,R,descending,34,24245.22,0,0,0,0,0.00
DNb05|L,DNb05,L,descending,43,29487.84,0,0,0,0,0.00
DNb05|R,DNb05,R,descending,37,23865.36,0,0,0,0,0.00
AN02A009|L,AN02A009,L,ascending,26,12594.92,0,0,0,0,0.00
DNb06|R,DNb06,R,descending,15,4036.34,0,0,0,0,0.00
DNb07|L,DNb07,L,descending,40,30048.03,0,0,0,0,0.00
AN02A009|R,AN02A009,R,ascending,30,14024.46,0,0,0,0,0.00
DNb08|L,DNb08,L,descending,40,25161.14,0,0,0,0,0.00
DNb08|R,DNb08,R,descending,39,23895.90,0,0,0,0,0.00
DNb09|L,DNb09,L,descending,36,23851.16,0,0,0,0,0.00
DNb09|R,DNb09,R,descending,39,25508.41,0,0,0,0,0.00
AN02A016|L,AN02A016,L,ascending,9,3908.19,0,0,0,0,0.00
AN02A016|R,AN02A016,R,ascending,12,4880.61,0,0,0,0,0.00
DNbe002|L,DNbe002,L,descending,36,26972.27,0,0,0,0,0.00
DNbe002|R,DNbe002,R,descending,41,30865.70,0,0,0,0,0.00
DNbe003|L,DNbe003,L,descending,10,6646.06,0,0,0,0,0.00
DNbe003|R,DNbe003,R,descending,6,3794.44,0,0,0,0,0.00
DNbe004|L,DNbe004,L,descending,30,21198.25,0,0,0,0,0.00
DNbe004|R,DNbe004,R,descending,35,23845.28,0,0,0,0,0.00
AN02A017|L,AN02A017,L,ascending,28,10668.70,0,0,0,0,0.00
AN02A017|R,AN02A017,R,ascending,33,12188.86,0,0,0,0,0.00
DNbe006|L,DNbe006,L,descending,21,13680.37,0,0,0,0,0.00
DNbe006|R,DNbe006,R,descending,24,16220.03,0,0,0,0,0.00
DNbe007|L,DNbe007,L,descending,7,5123.05,0,0,0,0,0.00
DNbe007|R,DNbe007,R,descending,5,3258.35,0,0,0,0,0.00
AN02A022|L,AN02A022,L,ascending,3,1871.57,0,0,0,0,0.00
DNc02|L,DNc02,L,descending,1,814.99,0,0,0,0,0.00
DNd02|L,DNd02,L,descending,40,27551.42,0,0,0,0,0.00
AN02A022|R,AN02A022,R,ascending,3,1924.31,0,0,0,0,0.00
AN02A025|L,AN02A025,L,ascending,8,3383.37,0,0,0,0,0.00
DNd03|R,DNd03,R,descending,57,35615.86,0,0,0,0,0.00
AN02A025|R,AN02A025,R,ascending,12,5068.51,0,0,0,0,0.00
AN02A046|L,AN02A046,L,ascending,4,1626.21,0,0,0,0,0.00
DNd05|L,DNd05,L,descending,25,20401.87,0,0,0,0,0.00
DNd05|R,DNd05,R,descending,22,17720.16,0,0,0,0,0.00
DNde001|L,DNde001,L,descending,18,13780.23,0,0,0,0,0.00
DNde001|R,DNde001,R,descending,20,13348.81,0,0,0,0,0.00
DNde002|L,DNde002,L,descending,23,13456.92,0,0,0,0,0.00
DNde002|R,DNde002,R,descending,23,12583.55,0,0,0,0,0.00
DNde003|L,DNde003,L,descending,5,2485.08,0,0,0,0,0.00
DNde003|R,DNde003,R,descending,3,1614.53,0,0,0,0,0.00
AN02A046|R,AN02A046,R,ascending,4,1425.63,0,0,0,0,0.00
AN03A008|L,AN03A008,L,ascending,29,16234.94,0,0,0,0,0.00
DNde006|L,DNde006,L,descending,13,7944.90,0,0,0,0,0.00
DNde006|R,DNde006,R,descending,11,6553.66,0,0,0,0,0.00
DNde007|L,DNde007,L,descending,8,6221.40,0,0,0,0,0.00
DNde007|R,DNde007,R,descending,13,9719.48,0,0,0,0,0.00
DNg01_a|L,DNg01_a,L,descending,4,1839.46,0,0,0,0,0.00
DNg01_a|R,DNg01_a,R,descending,3,1293.39,0,0,0,0,0.00
DNg01_b|L,DNg01_b,L,descending,6,3075.45,0,0,0,0,0.00
DNg01_b|R,DNg01_b,R,descending,5,2779.95,0,0,0,0,0.00
DNg01_c|L,DNg01_c,L,descending,3,1290.19,0,0,0,0,0.00
DNg01_c|R,DNg01_c,R,descending,3,1427.15,0,0,0,0,0.00
DNg01_d|L,DNg01_d,L,descending,5,2201.18,0,0,0,0,0.00
DNg01_d|R,DNg01_d,R,descending,1,458.13,0,0,0,0,0.00
DNg01_unclear|L,DNg01_unclear,L,descending,2,887.24,0,0,0,0,0.00
AN03A008|R,AN03A008,R,ascending,29,15541.01,0,0,0,0,0.00
AN03B009|L,AN03B009,L,ascending,3,1904.90,0,0,0,0,0.00
AN03B009|R,AN03B009,R,ascending,6,3891.56,0,0,0,0,0.00
AN03B011|L,AN03B011,L,ascending,15,10479.93,0,0,0,0,0.00
DNg02_c|L,DNg02_c,L,descending,2,1014.02,0,0,0,0,0.00
DNg02_c|R,DNg02_c,R,descending,5,2428.85,0,0,0,0,0.00
DNg02_d|L,DNg02_d,L,descending,5,2623.89,0,0,0,0,0.00
DNg02_d|R,DNg02_d,R,descending,5,2895.68,0,0,0,0,0.00
DNg02_e|L,DNg02_e,L,descending,7,3578.67,0,0,0,0,0.00
DNg02_e|R,DNg02_e,R,descending,2,1105.71,0,0,0,0,0.00
DNg02_f|L,DNg02_f,L,descending,6,3308.05,0,0,0,0,0.00
DNg02_f|R,DNg02_f,R,descending,5,2708.74,0,0,0,0,0.00
DNg02_g|L,DNg02_g,L,descending,13,6798.66,0,0,0,0,0.00
DNg02_g|R,DNg02_g,R,descending,12,6357.48,0,0,0,0,0.00
AN03B011|R,AN03B011,R,ascending,11,7388.45,0,0,0,0,0.00
AN03B039|L,AN03B039,L,ascending,8,4482.26,0,0,0,0,0.00
DNg04|L,DNg04,L,descending,6,3124.90,0,0,0,0,0.00
AN03B039|R,AN03B039,R,ascending,8,4853.23,0,0,0,0,0.00
AN03B094|L,AN03B094,L,ascending,9,5236.74,0,0,0,0,0.00
DNg05_a|R,DNg05_a,R,descending,22,11326.52,0,0,0,0,0.00
AN03B094|R,AN03B094,R,ascending,5,2855.12,0,0,0,0,0.00
AN04A001|L,AN04A001,L,ascending,15,8187.95,0,0,0,0,0.00
DNg05_c|L,DNg05_c,L,descending,2,1292.49,0,0,0,0,0.00
DNg05_c|R,DNg05_c,R,descending,5,2869.50,0,0,0,0,0.00
DNg06|L,DNg06,L,descending,40,18594.43,0,0,0,0,0.00
DNg06|R,DNg06,R,descending,28,13620.40,0,0,0,0,0.00
DNg07|L,DNg07,L,descending,23,12051.93,0,0,0,0,0.00
DNg07|R,DNg07,R,descending,20,10337.61,0,0,0,0,0.00
DNg08|L,DNg08,L,descending,88,55481.91,0,0,0,0,0.00
DNg08|R,DNg08,R,descending,82,53308.86,0,0,0,0,0.00
DNg09_a|L,DNg09_a,L,descending,4,1903.49,0,0,0,0,0.00
DNg09_a|R,DNg09_a,R,descending,3,1466.41,0,0,0,0,0.00
AN04A001|R,AN04A001,R,ascending,12,6746.80,0,0,0,0,0.00
DNg100|R,DNg100,R,descending,78,47498.14,0,0,0,0,0.00
DNg101|L,DNg101,L,descending,44,20493.49,0,0,0,0,0.00
DNg101|R,DNg101,R,descending,40,20506.88,0,0,0,0,0.00
AN04B001|L,AN04B001,L,ascending,27,14633.08,0,0,0,0,0.00
AN04B001|R,AN04B001,R,ascending,29,15738.17,0,0,0,0,0.00
DNg103|L,DNg103,L,descending,7,4410.99,0,0,0,0,0.00
DNg103|R,DNg103,R,descending,7,4885.74,0,0,0,0,0.00
DNg104|L,DNg104,L,descending,1,730.56,0,0,0,0,0.00
DNg104|R,DNg104,R,descending,3,1780.04,0,0,0,0,0.00
AN04B003|L,AN04B003,L,ascending,55,37088.34,0,0,0,0,0.00
AN04B003|R,AN04B003,R,ascending,54,36797.93,0,0,0,0,0.00
AN04B004|L,AN04B004,L,ascending,1,536.70,0,0,0,0,0.00
AN04B004|R,AN04B004,R,ascending,2,1021.51,0,0,0,0,0.00
AN04B023|L,AN04B023,L,ascending,60,37377.63,0,0,0,0,0.00
DNg107|R,DNg107,R,descending,6,3826.13,0,0,0,0,0.00
DNg108|L,DNg108,L,descending,27,12222.18,0,0,0,0,0.00
AN04B023|R,AN04B023,R,ascending,67,42951.55,0,0,0,0,0.00
AN04B051|L,AN04B051,L,ascending,10,5830.97,0,0,0,0,0.00
AN04B051|R,AN04B051,R,ascending,7,3739.17,0,0,0,0,0.00
AN05B004|L,AN05B004,L,ascending,21,16581.23,0,4,0,0,0.00
AN05B004|R,AN05B004,R,ascending,21,16681.95,0,4,0,0,0.00
DNg110|L,DNg110,L,descending,10,4036.24,0,0,0,0,0.00
DNg110|R,DNg110,R,descending,15,6800.02,0,0,0,0,0.00
DNg111|L,DNg111,L,descending,19,9214.74,0,0,0,0,0.00
DNg111|R,DNg111,R,descending,16,7414.33,0,0,0,0,0.00
DNg11|L,DNg11,L,descending,12,6514.49,0,0,0,0,0.00
DNg11|R,DNg11,R,descending,12,6436.43,0,0,0,0,0.00
AN05B005|L,AN05B005,L,ascending,3,2482.35,0,0,0,0,0.00
AN05B005|R,AN05B005,R,ascending,3,2474.04,0,0,0,0,0.00
AN05B006|L,AN05B006,L,ascending,27,14691.33,0,0,0,0,0.00
AN05B006|R,AN05B006,R,ascending,6,3776.45,0,0,0,0,0.00
AN05B007|L,AN05B007,L,ascending,18,9120.89,0,0,0,0,0.00
AN05B009|L,AN05B009,L,ascending,13,8465.80,0,0,0,0,0.00
DNg12_d|L,DNg12_d,L,descending,6,1446.14,0,0,0,0,0.00
DNg12_d|R,DNg12_d,R,descending,5,2504.70,0,0,0,0,0.00
DNg12_e|L,DNg12_e,L,descending,17,6920.87,0,0,0,0,0.00
DNg12_e|R,DNg12_e,R,descending,13,5737.82,0,0,0,0,0.00
DNg12_g|L,DNg12_g,L,descending,1,509.77,0,0,0,0,0.00
DNg12_g|R,DNg12_g,R,descending,1,451.48,0,0,0,0,0.00
DNg12_h|L,DNg12_h,L,descending,3,1338.10,0,0,0,0,0.00
DNg12_h|R,DNg12_h,R,descending,2,822.27,0,0,0,0,0.00
AN05B009|R,AN05B009,R,ascending,16,10709.17,0,0,0,0,0.00
AN05B010|L,AN05B010,L,ascending,5,1997.62,0,0,0,0,0.00
AN05B015|L,AN05B015,L,ascending,2,1629.19,0,0,0,0,0.00
AN05B017|L,AN05B017,L,ascending,9,4164.99,0,0,0,0,0.00
DNg15|L,DNg15,L,descending,45,26894.67,0,0,0,0,0.00
DNg15|R,DNg15,R,descending,47,27283.05,0,0,0,0,0.00
DNg16|L,DNg16,L,descending,21,9620.72,0,0,0,0,0.00
AN17B008|L,AN17B008,L,ascending,28,18065.61,0,0,0,0,0.00
DNg17|L,DNg17,L,descending,25,12538.61,0,0,0,0,0.00
DNg17|R,DNg17,R,descending,27,14176.77,0,0,0,0,0.00
DNg18_a|L,DNg18_a,L,descending,3,1357.24,0,0,0,0,0.00
DNg18_a|R,DNg18_a,R,descending,2,719.59,0,0,0,0,0.00
DNg18_b|L,DNg18_b,L,descending,9,5231.53,0,0,0,0,0.00
DNg18_b|R,DNg18_b,R,descending,10,5661.75,0,0,0,0,0.00
DNg19|L,DNg19,L,descending,14,7132.36,0,0,0,0,0.00
DNg19|R,DNg19,R,descending,15,8399.73,0,0,0,0,0.00
AN05B021|L,AN05B021,L,ascending,9,6353.70,0,0,0,0,0.00
DNg20|R,DNg20,R,descending,10,5916.74,0,0,0,0,0.00
DNg21|L,DNg21,L,descending,18,13212.91,0,0,0,0,0.00
DNg21|R,DNg21,R,descending,21,14805.01,0,0,0,0,0.00
AN05B021|R,AN05B021,R,ascending,5,3287.94,0,0,0,0,0.00
AN05B023a|L,AN05B023a,L,ascending,11,6617.13,0,0,0,0,0.00
DNg23|L,DNg23,L,descending,10,4677.97,0,0,0,0,0.00
DNg23|R,DNg23,R,descending,11,5409.49,0,0,0,0,0.00
DNg24|L,DNg24,L,descending,15,9109.52,0,0,0,0,0.00
DNg24|R,DNg24,R,descending,11,7168.78,0,0,0,0,0.00
DNg26|L,DNg26,L,descending,9,6516.95,0,0,0,0,0.00
AN05B023a|R,AN05B023a,R,ascending,5,2814.26,0,0,0,0,0.00
AN05B023c|L,AN05B023c,L,ascending,11,9563.54,0,0,0,0,0.00
AN05B023c|R,AN05B023c,R,ascending,5,4284.31,0,0,0,0,0.00
DNg29|L,DNg29,L,descending,31,19716.22,0,0,0,0,0.00
DNg29|R,DNg29,R,descending,28,17893.58,0,0,0,0,0.00
DNg30|L,DNg30,L,descending,7,4012.95,0,0,0,0,0.00
DNg30|R,DNg30,R,descending,13,7596.49,0,0,0,0,0.00
AN05B023d|L,AN05B023d,L,ascending,14,12663.78,0,0,0,0,0.00
AN05B023d|R,AN05B023d,R,ascending,12,10533.10,0,0,0,0,0.00
AN05B024|L,AN05B024,L,ascending,8,4327.07,0,0,0,0,0.00
AN05B025|L,AN05B025,L,ascending,14,12421.09,0,0,0,0,0.00
AN05B025|R,AN05B025,R,ascending,16,12677.81,0,0,0,0,0.00
AN05B026|L,AN05B026,L,ascending,14,8152.78,0,0,0,0,0.00
AN05B027|L,AN05B027,L,ascending,8,3617.55,0,0,0,0,0.00
AN05B029|L,AN05B029,L,ascending,10,4563.04,0,0,0,0,0.00
DNg35|L,DNg35,L,descending,22,14833.65,0,0,0,0,0.00
DNg35|R,DNg35,R,descending,23,15071.63,0,0,0,0,0.00
DNg36_a|L,DNg36_a,L,descending,11,6875.09,0,0,0,0,0.00
DNg36_a|R,DNg36_a,R,descending,13,8591.60,0,0,0,0,0.00
DNg36_b|L,DNg36_b,L,descending,18,10525.92,0,0,0,0,0.00
DNg36_b|R,DNg36_b,R,descending,19,11741.06,0,0,0,0,0.00
AN05B035|L,AN05B035,L,ascending,18,15163.79,0,0,0,0,0.00
AN05B035|R,AN05B035,R,ascending,14,11777.33,0,0,0,0,0.00
DNg38|L,DNg38,L,descending,12,6936.03,0,0,0,0,0.00
DNg38|R,DNg38,R,descending,13,7964.35,0,0,0,0,0.00
DNg39|L,DNg39,L,descending,27,16273.87,0,0,0,0,0.00
DNg39|R,DNg39,R,descending,21,12990.96,0,0,0,0,0.00
DNg40|L,DNg40,L,descending,6,3477.05,0,0,0,0,0.00
DNg40|R,DNg40,R,descending,4,2670.71,0,0,0,0,0.00
DNg41|L,DNg41,L,descending,33,24402.41,0,0,0,0,0.00
DNg41|R,DNg41,R,descending,33,23045.48,0,0,0,0,0.00
AN05B036|L,AN05B036,L,ascending,3,1661.24,0,0,0,0,0.00
AN05B040|L,AN05B040,L,ascending,8,3744.59,0,0,0,0,0.00
DNg43|L,DNg43,L,descending,27,19698.25,0,0,0,0,0.00
DNg43|R,DNg43,R,descending,32,22309.06,0,0,0,0,0.00
DNg44|L,DNg44,L,descending,36,22907.58,0,0,0,0,0.00
AN05B044|L,AN05B044,L,ascending,7,4924.89,0,0,0,0,0.00
DNg45|L,DNg45,L,descending,14,8866.67,0,0,0,0,0.00
DNg45|R,DNg45,R,descending,7,4478.40,0,0,0,0,0.00
DNg46|R,DNg46,R,descending,3,1487.40,0,0,0,0,0.00
DNg47|L,DNg47,L,descending,11,4072.04,0,0,0,0,0.00
DNg47|R,DNg47,R,descending,8,2921.67,0,0,0,0,0.00
DNg48|L,DNg48,L,descending,19,9116.83,0,0,0,0,0.00
DNg48|R,DNg48,R,descending,23,10849.45,0,0,0,0,0.00
AN05B044|R,AN05B044,R,ascending,17,12000.96,0,0,0,0,0.00
AN05B045|L,AN05B045,L,ascending,5,3185.40,0,0,0,0,0.00
AN05B045|R,AN05B045,R,ascending,7,4496.21,0,0,0,0,0.00
AN05B046|L,AN05B046,L,ascending,6,2565.62,0,0,0,0,0.00
AN05B049_a|L,AN05B049_a,L,ascending,1,574.94,0,0,0,0,0.00
DNg51|R,DNg51,R,descending,11,6504.51,0,0,0,0,0.00
DNg52|L,DNg52,L,descending,10,5149.87,0,0,0,0,0.00
DNg52|R,DNg52,R,descending,14,7047.59,0,0,0,0,0.00
DNg53|L,DNg53,L,descending,2,648.28,0,0,0,0,0.00
DNg54|L,DNg54,L,descending,7,3662.10,0,0,0,0,0.00
DNg54|R,DNg54,R,descending,5,2427.49,0,0,0,0,0.00
DNg55|M,DNg55,M,descending,4,2196.94,0,0,0,0,0.00
DNg56|L,DNg56,L,descending,14,6753.66,0,0,0,0,0.00
DNg56|R,DNg56,R,descending,20,10021.81,0,0,0,0,0.00
DNg57|L,DNg57,L,descending,2,558.91,0,0,0,0,0.00
DNg57|R,DNg57,R,descending,1,220.20,0,0,0,0,0.00
DNg58|L,DNg58,L,descending,4,1302.03,0,0,0,0,0.00
DNg58|R,DNg58,R,descending,7,2464.79,0,0,0,0,0.00
DNg59|L,DNg59,L,descending,10,5584.95,0,0,0,0,0.00
DNg59|R,DNg59,R,descending,14,7625.12,0,0,0,0,0.00
DNg60|L,DNg60,L,descending,2,808.15,0,0,0,0,0.00
DNg60|R,DNg60,R,descending,3,1485.18,0,0,0,0,0.00
DNg61|L,DNg61,L,descending,1,381.15,0,0,0,0,0.00
DNg62|L,DNg62,L,descending,5,1994.72,0,0,0,0,0.00
DNg62|R,DNg62,R,descending,3,949.43,0,0,0,0,0.00
DNg63|L,DNg63,L,descending,15,7914.81,0,0,0,0,0.00
DNg63|R,DNg63,R,descending,8,4277.48,0,0,0,0,0.00
DNg64|L,DNg64,L,descending,2,714.45,0,0,0,0,0.00
DNg65|L,DNg65,L,descending,7,4408.29,0,0,0,0,0.00
DNg65|R,DNg65,R,descending,7,4544.44,0,0,0,0,0.00
AN05B049_a|R,AN05B049_a,R,ascending,2,1164.12,0,0,0,0,0.00
DNg67|L,DNg67,L,descending,2,1078.74,0,0,0,0,0.00
DNg67|R,DNg67,R,descending,6,3891.04,0,0,0,0,0.00
AN05B049_b|L,AN05B049_b,L,ascending,2,1100.33,0,0,0,0,0.00
AN05B049_b|R,AN05B049_b,R,ascending,2,1094.83,0,0,0,0,0.00
AN05B049_c|R,AN05B049_c,R,ascending,5,2937.02,0,0,0,0,0.00
AN05B050_a|L,AN05B050_a,L,ascending,1,657.51,0,0,0,0,0.00
AN05B050_c|R,AN05B050_c,R,ascending,5,3032.13,0,0,0,0,0.00
AN05B052|L,AN05B052,L,ascending,7,4541.79,0,0,0,0,0.00
AN05B052|R,AN05B052,R,ascending,2,1391.95,0,0,0,0,0.00
AN05B053|L,AN05B053,L,ascending,1,776.45,0,0,0,0,0.00
DNg72|L,DNg72,L,descending,3,1961.64,0,0,0,0,0.00
DNg72|R,DNg72,R,descending,9,5678.11,0,0,0,0,0.00
DNg73|L,DNg73,L,descending,2,1124.84,0,0,0,0,0.00
AN05B053|R,AN05B053,R,ascending,5,3627.99,0,0,0,0,0.00
AN05B054_a|L,AN05B054_a,L,ascending,2,1108.31,0,0,0,0,0.00
AN05B054_a|R,AN05B054_a,R,ascending,2,987.33,0,0,0,0,0.00
AN05B054_b|L,AN05B054_b,L,ascending,1,515.60,0,0,0,0,0.00
AN05B054_b|R,AN05B054_b,R,ascending,1,514.49,0,0,0,0,0.00
DNg75|L,DNg75,L,descending,24,13698.51,0,0,0,0,0.00
DNg75|R,DNg75,R,descending,28,16874.57,0,0,0,0,0.00
AN05B056|L,AN05B056,L,ascending,3,1129.12,0,0,0,0,0.00
AN05B058|L,AN05B058,L,ascending,7,3046.85,0,0,0,0,0.00
AN05B059|L,AN05B059,L,ascending,3,2746.86,0,0,0,0,0.00
AN05B062|L,AN05B062,L,ascending,5,4536.89,0,0,0,0,0.00
DNg79|L,DNg79,L,descending,39,24844.71,0,0,0,0,0.00
DNg79|R,DNg79,R,descending,44,28333.67,0,0,0,0,0.00
AN05B062|R,AN05B062,R,ascending,6,5357.53,0,0,0,0,0.00
AN05B063|L,AN05B063,L,ascending,4,3066.08,0,0,0,0,0.00
AN05B063|R,AN05B063,R,ascending,3,2158.44,0,0,0,0,0.00
AN05B067|L,AN05B067,L,ascending,3,1522.12,0,0,0,0,0.00
AN05B068|L,AN05B068,L,ascending,1,884.27,0,0,0,0,0.00
AN05B068|R,AN05B068,R,ascending,1,925.12,0,0,0,0,0.00
DNg83|L,DNg83,L,descending,3,1578.41,0,0,0,0,0.00
DNg83|R,DNg83,R,descending,2,1013.12,0,0,0,0,0.00
DNg84|L,DNg84,L,descending,5,1714.11,0,0,0,0,0.00
DNg84|R,DNg84,R,descending,4,1493.20,0,0,0,0,0.00
DNg85|L,DNg85,L,descending,9,3627.01,0,0,0,0,0.00
DNg85|R,DNg85,R,descending,6,1998.43,0,0,0,0,0.00
DNg87|L,DNg87,L,descending,12,5880.64,0,0,0,0,0.00
DNg87|R,DNg87,R,descending,11,5514.13,0,0,0,0,0.00
DNg88|L,DNg88,L,descending,18,9633.84,0,0,0,0,0.00
DNg88|R,DNg88,R,descending,16,8734.47,0,0,0,0,0.00
AN05B069|L,AN05B069,L,ascending,3,1688.99,0,0,0,0,0.00
DNg89|R,DNg89,R,descending,4,1418.39,0,0,0,0,0.00
DNg90|L,DNg90,L,descending,22,12009.86,0,0,0,0,0.00
DNg90|R,DNg90,R,descending,19,9338.83,0,0,0,0,0.00
AN05B071|L,AN05B071,L,ascending,8,3744.47,0,0,0,0,0.00
AN05B076|L,AN05B076,L,ascending,36,23771.14,0,0,0,0,0.00
DNg92_a|L,DNg92_a,L,descending,1,490.18,0,0,0,0,0.00
DNg92_a|R,DNg92_a,R,descending,3,1549.12,0,0,0,0,0.00
DNg92_b|L,DNg92_b,L,descending,2,1178.65,0,0,0,0,0.00
AN05B076|R,AN05B076,R,ascending,36,24181.85,0,0,0,0,0.00
AN05B078|L,AN05B078,L,ascending,9,4689.65,0,0,0,0,0.00
DNg94|L,DNg94,L,descending,9,5756.13,0,0,0,0,0.00
DNg94|R,DNg94,R,descending,14,8333.70,0,0,0,0,0.00
DNg95|L,DNg95,L,descending,18,11681.29,0,0,0,0,0.00
DNg95|R,DNg95,R,descending,16,10735.44,0,0,0,0,0.00
AN05B081|L,AN05B081,L,ascending,4,1966.87,0,0,0,0,0.00
DNg96|R,DNg96,R,descending,18,11216.98,0,0,0,0,0.00
DNg97|L,DNg97,L,descending,28,15444.82,0,0,0,0,0.00
DNg97|R,DNg97,R,descending,29,16953.32,0,0,0,0,0.00
AN05B083|L,AN05B083,L,ascending,1,364.56,0,0,0,0,0.00
AN05B095|L,AN05B095,L,ascending,1,544.89,0,0,0,0,0.00
DNg99|L,DNg99,L,descending,24,15350.40,0,0,0,0,0.00
DNg99|R,DNg99,R,descending,25,16206.19,0,0,0,0,0.00
DNge001|L,DNge001,L,descending,4,1886.76,0,0,0,0,0.00
DNge001|R,DNge001,R,descending,3,1315.65,0,0,0,0,0.00
AN05B095|R,AN05B095,R,ascending,5,4158.03,0,0,0,0,0.00
AN05B096|L,AN05B096,L,ascending,16,11605.74,0,0,0,0,0.00
DNge003|L,DNge003,L,descending,13,5278.22,0,0,0,0,0.00
DNge003|R,DNge003,R,descending,13,5996.38,0,0,0,0,0.00
DNge004|L,DNge004,L,descending,3,1694.08,0,0,0,0,0.00
DNge004|R,DNge004,R,descending,3,1791.30,0,0,0,0,0.00
AN05B096|R,AN05B096,R,ascending,13,9017.89,0,0,0,0,0.00
AN05B097|L,AN05B097,L,ascending,69,46474.61,0,0,0,0,0.00
DNge007|L,DNge007,L,descending,9,4191.88,0,0,0,0,0.00
DNge007|R,DNge007,R,descending,10,4758.18,0,0,0,0,0.00
DNge008|L,DNge008,L,descending,4,1673.18,0,0,0,0,0.00
DNge008|R,DNge008,R,descending,3,1331.64,0,0,0,0,0.00
DNge009|L,DNge009,L,descending,7,3352.17,0,0,0,0,0.00
DNge009|R,DNge009,R,descending,4,1968.37,0,0,0,0,0.00
DNge010|L,DNge010,L,descending,16,8216.61,0,0,0,0,0.00
DNge010|R,DNge010,R,descending,13,6508.52,0,0,0,0,0.00
DNge011|L,DNge011,L,descending,19,5961.35,0,0,0,0,0.00
DNge011|R,DNge011,R,descending,12,3913.08,0,0,0,0,0.00
AN05B097|R,AN05B097,R,ascending,65,43395.01,0,0,0,0,0.00
AN05B098|L,AN05B098,L,ascending,3,2456.44,0,0,0,0,0.00
AN05B098|R,AN05B098,R,ascending,3,2592.78,0,0,0,0,0.00
AN05B099|L,AN05B099,L,ascending,56,48104.90,0,0,0,0,0.00
DNge014|L,DNge014,L,descending,3,1681.39,0,0,0,0,0.00
DNge014|R,DNge014,R,descending,3,1690.60,0,0,0,0,0.00
DNge015|L,DNge015,L,descending,9,3652.33,0,0,0,0,0.00
DNge015|R,DNge015,R,descending,14,6372.14,0,0,0,0,0.00
DNge016|L,DNge016,L,descending,12,5725.67,0,0,0,0,0.00
DNge016|R,DNge016,R,descending,10,4700.91,0,0,0,0,0.00
DNge017|L,DNge017,L,descending,2,819.48,0,0,0,0,0.00
AN05B099|R,AN05B099,R,ascending,62,52805.43,0,0,0,0,0.00
AN05B100|L,AN05B100,L,ascending,22,14318.74,0,0,0,0,0.00
DNge019|L,DNge019,L,descending,17,7400.47,0,0,0,0,0.00
DNge019|R,DNge019,R,descending,11,5141.08,0,0,0,0,0.00
DNge020|R,DNge020,R,descending,1,429.82,0,0,0,0,0.00
DNge021|L,DNge021,L,descending,1,488.71,0,0,0,0,0.00
DNge021|R,DNge021,R,descending,2,878.89,0,0,0,0,0.00
DNge022|L,DNge022,L,descending,18,6997.02,0,0,0,0,0.00
DNge022|R,DNge022,R,descending,17,6871.19,0,0,0,0,0.00
DNge023|L,DNge023,L,descending,14,6350.81,0,0,0,0,0.00
DNge023|R,DNge023,R,descending,17,8152.61,0,0,0,0,0.00
DNge024|L,DNge024,L,descending,2,1088.27,0,0,0,0,0.00
DNge024|R,DNge024,R,descending,5,2561.19,0,0,0,0,0.00
DNge025|L,DNge025,L,descending,8,3375.09,0,0,0,0,0.00
DNge025|R,DNge025,R,descending,4,1705.16,0,0,0,0,0.00
AN05B100|R,AN05B100,R,ascending,34,21757.20,0,0,0,0,0.00
AN05B101|L,AN05B101,L,ascending,147,85826.00,0,0,0,0,0.00
DNge027|L,DNge027,L,descending,10,4548.29,0,0,0,0,0.00
DNge027|R,DNge027,R,descending,7,2930.23,0,0,0,0,0.00
AN05B101|R,AN05B101,R,ascending,146,85437.59,0,0,0,0,0.00
AN05B102a|L,AN05B102a,L,ascending,53,40108.70,0,0,0,0,0.00
DNge029|L,DNge029,L,descending,1,418.76,0,0,0,0,0.00
DNge029|R,DNge029,R,descending,1,418.02,0,0,0,0,0.00
DNge030|L,DNge030,L,descending,6,1891.92,0,0,0,0,0.00
DNge030|R,DNge030,R,descending,8,3171.34,0,0,0,0,0.00
DNge032|L,DNge032,L,descending,30,17941.02,0,0,0,0,0.00
DNge032|R,DNge032,R,descending,24,15562.79,0,0,0,0,0.00
AN05B102a|R,AN05B102a,R,ascending,47,36369.42,0,0,0,0,0.00
AN05B102b|L,AN05B102b,L,ascending,15,13033.78,0,0,0,0,0.00
DNge034|L,DNge034,L,descending,5,3023.80,0,0,0,0,0.00
DNge034|R,DNge034,R,descending,3,1945.72,0,0,0,0,0.00
DNge035|L,DNge035,L,descending,26,16589.12,0,0,0,0,0.00
DNge035|R,DNge035,R,descending,28,17576.36,0,0,0,0,0.00
DNge036|L,DNge036,L,descending,6,3172.40,0,0,0,0,0.00
DNge036|R,DNge036,R,descending,8,4183.70,0,0,0,0,0.00
DNge037|L,DNge037,L,descending,17,9767.46,0,0,0,0,0.00
AN05B102b|R,AN05B102b,R,ascending,12,3992.53,0,0,0,0,0.00
AN05B102c|L,AN05B102c,L,ascending,36,31667.33,0,0,0,0,0.00
AN05B102c|R,AN05B102c,R,ascending,37,31393.77,0,0,0,0,0.00
DNge039|L,DNge039,L,descending,6,2366.50,0,0,0,0,0.00
DNge039|R,DNge039,R,descending,10,4069.74,0,0,0,0,0.00
DNge040|L,DNge040,L,descending,16,9995.47,0,0,0,0,0.00
DNge040|R,DNge040,R,descending,18,11146.62,0,0,0,0,0.00
DNge041|L,DNge041,L,descending,6,3206.77,0,0,0,0,0.00
DNge041|R,DNge041,R,descending,10,5723.73,0,0,0,0,0.00
DNge042|L,DNge042,L,descending,1,644.78,0,0,0,0,0.00
DNge042|R,DNge042,R,descending,2,710.16,0,0,0,0,0.00
DNge043|L,DNge043,L,descending,6,2557.58,0,0,0,0,0.00
DNge043|R,DNge043,R,descending,4,1478.35,0,0,0,0,0.00
DNge044|L,DNge044,L,descending,13,4702.94,0,0,0,0,0.00
DNge044|R,DNge044,R,descending,14,5050.45,0,0,0,0,0.00
DNge045|L,DNge045,L,descending,17,7854.00,0,0,0,0,0.00
DNge045|R,DNge045,R,descending,16,7429.42,0,0,0,0,0.00
DNge046|L,DNge046,L,descending,1,524.23,0,0,0,0,0.00
DNge046|R,DNge046,R,descending,2,885.83,0,0,0,0,0.00
DNge047|L,DNge047,L,descending,1,580.80,0,0,0,0,0.00
DNge047|R,DNge047,R,descending,1,530.39,0,0,0,0,0.00
DNge048|L,DNge048,L,descending,30,16633.61,0,0,0,0,0.00
DNge048|R,DNge048,R,descending,40,22870.84,0,0,0,0,0.00
AN05B102d|L,AN05B102d,L,ascending,19,17103.24,0,0,0,0,0.00
AN05B102d|R,AN05B102d,R,ascending,17,6166.57,0,0,0,0,0.00
DNge050|L,DNge050,L,descending,42,23849.03,0,0,0,0,0.00
AN05B103|L,AN05B103,L,ascending,31,21184.78,0,0,0,0,0.00
DNge051|R,DNge051,R,descending,2,897.69,0,0,0,0,0.00
DNge052|L,DNge052,L,descending,4,1882.43,0,0,0,0,0.00
DNge052|R,DNge052,R,descending,3,1380.60,0,0,0,0,0.00
DNge053|L,DNge053,L,descending,39,23557.70,0,0,0,0,0.00
DNge053|R,DNge053,R,descending,41,25784.01,0,0,0,0,0.00
DNge054|L,DNge054,L,descending,10,4513.79,0,0,0,0,0.00
DNge054|R,DNge054,R,descending,16,7427.26,0,0,0,0,0.00
DNge055|L,DNge055,L,descending,3,1362.85,0,0,0,0,0.00
DNge055|R,DNge055,R,descending,4,1931.62,0,0,0,0,0.00
DNge056|L,DNge056,L,descending,11,4134.80,0,0,0,0,0.00
DNge056|R,DNge056,R,descending,14,5431.70,0,0,0,0,0.00
DNge057|L,DNge057,L,descending,6,2634.10,0,0,0,0,0.00
DNge057|R,DNge057,R,descending,1,344.56,0,0,0,0,0.00
DNge058|L,DNge058,L,descending,6,3074.83,0,0,0,0,0.00
DNge058|R,DNge058,R,descending,9,5190.20,0,0,0,0,0.00
AN05B103|R,AN05B103,R,ascending,30,20170.12,0,0,0,0,0.00
DNge059|R,DNge059,R,descending,6,3205.96,0,0,0,0,0.00
DNge060|L,DNge060,L,descending,31,14271.53,0,0,0,0,0.00
DNge060|R,DNge060,R,descending,31,14548.31,0,0,0,0,0.00
DNge061|L,DNge061,L,descending,34,5504.24,0,0,0,0,0.00
DNge061|R,DNge061,R,descending,28,13534.99,0,0,0,0,0.00
AN05B104|L,AN05B104,L,ascending,7,3740.76,0,0,0,0,0.00
DNge062|R,DNge062,R,descending,7,3644.58,0,0,0,0,0.00
AN05B104|R,AN05B104,R,ascending,7,3646.81,0,0,0,0,0.00
AN05B105|L,AN05B105,L,ascending,2,1080.94,0,0,0,0,0.00
AN05B105|R,AN05B105,R,ascending,2,1035.57,0,0,0,0,0.00
DNge064|R,DNge064,R,descending,19,12130.39,0,0,0,0,0.00
DNge065|L,DNge065,L,descending,15,6650.21,0,0,0,0,0.00
DNge065|R,DNge065,R,descending,18,8563.15,0,0,0,0,0.00
DNge067|L,DNge067,L,descending,6,3658.03,0,0,0,0,0.00
DNge067|R,DNge067,R,descending,3,1855.76,0,0,0,0,0.00
DNge068|L,DNge068,L,descending,14,5670.75,0,0,0,0,0.00
DNge068|R,DNge068,R,descending,14,6037.18,0,0,0,0,0.00
DNge069|L,DNge069,L,descending,7,4279.66,0,0,0,0,0.00
DNge069|R,DNge069,R,descending,5,2517.33,0,0,0,0,0.00
AN05B106|L,AN05B106,L,ascending,44,38405.42,0,0,0,0,0.00
AN05B106|R,AN05B106,R,ascending,42,37464.84,0,0,0,0,0.00
AN05B107|L,AN05B107,L,ascending,4,2666.21,0,0,0,0,0.00
AN05B107|R,AN05B107,R,ascending,5,2911.31,0,0,0,0,0.00
AN06A010|L,AN06A010,L,ascending,1,653.06,0,0,0,0,0.00
AN06A010|R,AN06A010,R,ascending,1,589.54,0,0,0,0,0.00
DNge073|L,DNge073,L,descending,78,40977.64,0,0,0,0,0.00
DNge073|R,DNge073,R,descending,79,36125.28,0,0,0,0,0.00
DNge074|L,DNge074,L,descending,45,24627.80,0,0,0,0,0.00
DNge074|R,DNge074,R,descending,43,24402.79,0,0,0,0,0.00
DNge075|L,DNge075,L,descending,56,36882.61,0,0,0,0,0.00
DNge075|R,DNge075,R,descending,57,36652.12,0,0,0,0,0.00
DNge076|L,DNge076,L,descending,14,6725.58,0,0,0,0,0.00
DNge076|R,DNge076,R,descending,16,8073.57,0,0,0,0,0.00
DNge077|R,DNge077,R,descending,1,504.37,0,0,0,0,0.00
AN06A015|L,AN06A015,L,ascending,7,4031.97,0,0,0,0,0.00
AN06A015|R,AN06A015,R,ascending,8,4623.79,0,0,0,0,0.00
AN06A018|L,AN06A018,L,ascending,2,789.55,0,0,0,0,0.00
AN06A018|R,AN06A018,R,ascending,3,1200.76,0,0,0,0,0.00
DNge080|L,DNge080,L,descending,8,3898.72,0,0,0,0,0.00
DNge080|R,DNge080,R,descending,11,5956.85,0,0,0,0,0.00
DNge081|L,DNge081,L,descending,10,5108.37,0,0,0,0,0.00
DNge081|R,DNge081,R,descending,10,5439.67,0,0,0,0,0.00
DNge082|L,DNge082,L,descending,19,11540.83,0,0,0,0,0.00
DNge082|R,DNge082,R,descending,14,8858.83,0,0,0,0,0.00
DNge083|L,DNge083,L,descending,44,25562.96,0,0,0,0,0.00
DNge083|R,DNge083,R,descending,49,29124.24,0,0,0,0,0.00
DNge084|L,DNge084,L,descending,33,16940.52,0,0,0,0,0.00
DNge084|R,DNge084,R,descending,30,16503.71,0,0,0,0,0.00
AN06A027|L,AN06A027,L,ascending,7,3474.97,0,0,0,0,0.00
AN06A030|L,AN06A030,L,ascending,4,1717.68,0,0,0,0,0.00
AN06A030|R,AN06A030,R,ascending,4,3127.65,0,0,0,0,0.00
AN06A041|L,AN06A041,L,ascending,6,2795.28,0,0,0,0,0.00
AN06A041|R,AN06A041,R,ascending,9,4016.24,0,0,0,0,0.00
AN06A080|L,AN06A080,L,ascending,10,4371.37,0,0,0,0,0.00
DNge088|L,DNge088,L,descending,32,21842.09,0,0,0,0,0.00
DNge088|R,DNge088,R,descending,34,22201.45,0,0,0,0,0.00
DNge089|L,DNge089,L,descending,6,2882.13,0,0,0,0,0.00
DNge089|R,DNge089,R,descending,3,1436.75,0,0,0,0,0.00
DNge090|L,DNge090,L,descending,6,3340.70,0,0,0,0,0.00
DNge090|R,DNge090,R,descending,11,6231.65,0,0,0,0,0.00
DNge091|L,DNge091,L,descending,49,32153.09,0,0,0,0,0.00
DNge091|R,DNge091,R,descending,45,28857.10,0,0,0,0,0.00
DNge092|L,DNge092,L,descending,17,10129.22,0,0,0,0,0.00
DNge092|R,DNge092,R,descending,19,11306.70,0,0,0,0,0.00
DNge093|L,DNge093,L,descending,18,10284.23,0,0,0,0,0.00
DNge093|R,DNge093,R,descending,15,7993.71,0,0,0,0,0.00
DNge094|L,DNge094,L,descending,11,5708.14,0,0,0,0,0.00
DNge094|R,DNge094,R,descending,19,9609.56,0,0,0,0,0.00
DNge095|L,DNge095,L,descending,4,2325.81,0,0,0,0,0.00
AN06A080|R,AN06A080,R,ascending,10,4312.54,0,0,0,0,0.00
DNge096|L,DNge096,L,descending,4,1968.80,0,0,0,0,0.00
DNge096|R,DNge096,R,descending,3,1509.94,0,0,0,0,0.00
AN06A092|L,AN06A092,L,ascending,2,830.03,0,0,0,0,0.00
AN06A092|R,AN06A092,R,ascending,8,3686.79,0,0,0,0,0.00
DNge098|L,DNge098,L,descending,15,7168.05,0,0,0,0,0.00
DNge098|R,DNge098,R,descending,19,8752.60,0,0,0,0,0.00
DNge099|L,DNge099,L,descending,16,9406.56,0,0,0,0,0.00
DNge099|R,DNge099,R,descending,17,8884.50,0,0,0,0,0.00
DNge101|L,DNge101,L,descending,12,6551.07,0,0,0,0,0.00
DNge101|R,DNge101,R,descending,16,8771.99,0,0,0,0,0.00
DNge102|L,DNge102,L,descending,24,14783.46,0,0,0,0,0.00
DNge102|R,DNge102,R,descending,22,13460.09,0,0,0,0,0.00
AN06A095|L,AN06A095,L,ascending,5,2231.76,0,0,0,0,0.00
DNge103|R,DNge103,R,descending,37,18954.81,0,0,0,0,0.00
AN06A095|R,AN06A095,R,ascending,3,1501.55,0,0,0,0,0.00
AN06A112|L,AN06A112,L,ascending,5,2424.76,0,0,0,0,0.00
DNge105|L,DNge105,L,descending,4,2030.28,0,0,0,0,0.00
DNge105|R,DNge105,R,descending,2,922.09,0,0,0,0,0.00
AN06A112|R,AN06A112,R,ascending,5,2476.98,0,0,0,0,0.00
AN06B002|L,AN06B002,L,ascending,21,14076.80,0,0,0,0,0.00
AN06B002|R,AN06B002,R,ascending,11,7761.50,0,0,0,0,0.00
AN06B004|L,AN06B004,L,ascending,29,15511.10,0,0,0,0,0.00
AN06B004|R,AN06B004,R,ascending,32,17356.33,0,0,0,0,0.00
AN06B005|R,AN06B005,R,ascending,5,4111.85,0,0,0,0,0.00
DNge110|L,DNge110,L,descending,5,3199.35,0,0,0,0,0.00
DNge110|R,DNge110,R,descending,9,6163.71,0,0,0,0,0.00
DNge111|L,DNge111,L,descending,4,1807.46,0,0,0,0,0.00
DNge111|R,DNge111,R,descending,4,1706.54,0,0,0,0,0.00
AN06B007|L,AN06B007,L,ascending,18,11017.36,0,0,0,0,0.00
AN06B007|R,AN06B007,R,ascending,26,15618.84,0,0,0,0,0.00
AN06B009|L,AN06B009,L,ascending,176,95657.61,0,0,0,0,0.00
AN06B009|R,AN06B009,R,ascending,184,98914.73,0,0,0,0,0.00
DNge115|L,DNge115,L,descending,12,7063.88,0,0,0,0,0.00
DNge115|R,DNge115,R,descending,11,6249.59,0,0,0,0,0.00
DNge116|L,DNge116,L,descending,21,12029.47,0,0,0,0,0.00
DNge116|R,DNge116,R,descending,24,13831.73,0,0,0,0,0.00
AN06B011|L,AN06B011,L,ascending,34,21094.68,0,0,0,0,0.00
AN06B011|R,AN06B011,R,ascending,37,22546.47,0,0,0,0,0.00
AN06B012|L,AN06B012,L,ascending,4,2429.69,0,0,0,0,0.00
DNge119|R,DNge119,R,descending,9,5039.42,0,0,0,0,0.00
DNge120|L,DNge120,L,descending,17,11254.79,0,0,0,0,0.00
DNge120|R,DNge120,R,descending,17,10770.73,0,0,0,0,0.00
DNge121|L,DNge121,L,descending,5,2398.64,0,0,0,0,0.00
DNge121|R,DNge121,R,descending,7,3683.99,0,0,0,0,0.00
DNge122|L,DNge122,L,descending,33,19143.35,0,0,0,0,0.00
DNge122|R,DNge122,R,descending,30,17018.76,0,0,0,0,0.00
DNge123|L,DNge123,L,descending,7,2612.63,0,0,0,0,0.00
DNge123|R,DNge123,R,descending,5,1822.95,0,0,0,0,0.00
DNge124|L,DNge124,L,descending,10,5870.25,0,0,0,0,0.00
DNge124|R,DNge124,R,descending,9,5489.15,0,0,0,0,0.00
AN06B012|R,AN06B012,R,ascending,3,1819.09,0,0,0,0,0.00
AN06B015|L,AN06B015,L,ascending,4,1941.64,0,0,0,0,0.00
DNge126|L,DNge126,L,descending,1,359.15,0,0,0,0,0.00
DNge126|R,DNge126,R,descending,1,456.25,0,0,0,0,0.00
DNge127|L,DNge127,L,descending,12,7343.96,0,0,0,0,0.00
DNge127|R,DNge127,R,descending,8,5036.02,0,0,0,0,0.00
AN06B025|R,AN06B025,R,ascending,21,15381.18,0,0,0,0,0.00
AN06B026|L,AN06B026,L,ascending,4,2070.77,0,0,0,0,0.00
DNge129|L,DNge129,L,descending,66,42698.11,0,0,0,0,0.00
DNge129|R,DNge129,R,descending,62,40132.63,0,0,0,0,0.00
DNge130|L,DNge130,L,descending,7,3565.78,0,0,0,0,0.00
DNge130|R,DNge130,R,descending,7,3570.45,0,0,0,0,0.00
DNge131|L,DNge131,L,descending,24,13811.57,0,0,0,0,0.00
DNge131|R,DNge131,R,descending,30,17435.82,0,0,0,0,0.00
DNge132|L,DNge132,L,descending,17,8900.41,0,0,0,0,0.00
DNge132|R,DNge132,R,descending,21,10386.20,0,0,0,0,0.00
DNge133|L,DNge133,L,descending,6,2752.60,0,0,0,0,0.00
DNge133|R,DNge133,R,descending,2,888.86,0,0,0,0,0.00
DNge134|L,DNge134,L,descending,1,554.03,0,0,0,0,0.00
DNge134|R,DNge134,R,descending,1,514.16,0,0,0,0,0.00
DNge135|L,DNge135,L,descending,11,7887.93,0,0,0,0,0.00
DNge135|R,DNge135,R,descending,13,8731.08,0,0,0,0,0.00
AN06B026|R,AN06B026,R,ascending,5,2535.30,0,0,0,0,0.00
AN06B031|L,AN06B031,L,ascending,5,1882.43,0,0,0,0,0.00
DNge137|L,DNge137,L,descending,7,5739.19,0,0,0,0,0.00
AN06B031|R,AN06B031,R,ascending,4,2168.38,0,0,0,0,0.00
DNge138|M,DNge138,M,descending,12,5854.01,0,0,0,0,0.00
AN06B034|L,AN06B034,L,ascending,27,17189.87,0,0,0,0,0.00
AN06B034|R,AN06B034,R,ascending,20,13368.76,0,0,0,0,0.00
DNge140|L,DNge140,L,descending,13,8886.63,0,0,0,0,0.00
DNge140|R,DNge140,R,descending,12,7705.82,0,0,0,0,0.00
AN06B037|L,AN06B037,L,ascending,34,16723.47,0,0,0,0,0.00
AN06B037|R,AN06B037,R,ascending,35,18041.44,0,0,0,0,0.00
AN06B039|L,AN06B039,L,ascending,25,17047.20,0,0,0,0,0.00
AN06B039|R,AN06B039,R,ascending,19,13722.84,0,0,0,0,0.00
AN06B042|R,AN06B042,R,ascending,1,530.30,0,0,0,0,0.00
AN06B044|R,AN06B044,R,ascending,11,8574.96,0,0,0,0,0.00
DNge144|L,DNge144,L,descending,5,3380.01,0,0,0,0,0.00
DNge144|R,DNge144,R,descending,10,6149.73,0,0,0,0,0.00
DNge145|L,DNge145,L,descending,3,1265.79,0,0,0,0,0.00
DNge145|R,DNge145,R,descending,3,1326.14,0,0,0,0,0.00
DNge146|L,DNge146,L,descending,5,2417.52,0,0,0,0,0.00
DNge146|R,DNge146,R,descending,4,1813.60,0,0,0,0,0.00
DNge147|L,DNge147,L,descending,8,3406.68,0,0,0,0,0.00
DNge147|R,DNge147,R,descending,7,3196.79,0,0,0,0,0.00
AN06B045|L,AN06B045,L,ascending,5,4320.40,0,0,0,0,0.00
AN06B045|R,AN06B045,R,ascending,4,3040.11,0,0,0,0,0.00
DNge149|M,DNge149,M,descending,29,11977.55,0,0,0,0,0.00
AN06B051|R,AN06B051,R,ascending,18,9112.95,0,0,0,0,0.00
AN06B057|L,AN06B057,L,ascending,23,11824.74,0,0,0,0,0.00
DNge152|M,DNge152,M,descending,16,5278.91,0,0,0,0,0.00
DNge153|L,DNge153,L,descending,30,16430.98,0,0,0,0,0.00
DNge153|R,DNge153,R,descending,28,15617.82,0,0,0,0,0.00
DNge154|L,DNge154,L,descending,3,1863.24,0,0,0,0,0.00
DNge154|R,DNge154,R,descending,3,1872.36,0,0,0,0,0.00
AN06B057|R,AN06B057,R,ascending,20,10758.73,0,0,0,0,0.00
AN06B068|L,AN06B068,L,ascending,12,6525.78,0,0,0,0,0.00
DNge173|L,DNge173,L,descending,2,605.05,0,0,0,0,0.00
DNge173|R,DNge173,R,descending,7,2118.21,0,0,0,0,0.00
DNge174|L,DNge174,L,descending,1,464.36,0,0,0,0,0.00
DNge174|R,DNge174,R,descending,1,459.65,0,0,0,0,0.00
DNge175|L,DNge175,L,descending,7,3903.05,0,0,0,0,0.00
DNge175|R,DNge175,R,descending,5,2709.11,0,0,0,0,0.00
DNge176|L,DNge176,L,descending,4,1475.74,0,0,0,0,0.00
DNge176|R,DNge176,R,descending,2,1113.20,0,0,0,0,0.00
DNge178|L,DNge178,L,descending,5,1946.67,0,0,0,0,0.00
DNge178|R,DNge178,R,descending,3,1480.82,0,0,0,0,0.00
AN06B068|R,AN06B068,R,ascending,12,6089.79,0,0,0,0,0.00
AN06B075|L,AN06B075,L,ascending,13,6819.05,0,0,0,0,0.00
DNge180|L,DNge180,L,descending,4,2261.72,0,0,0,0,0.00
DNge180|R,DNge180,R,descending,3,1600.39,0,0,0,0,0.00
DNge181|L,DNge181,L,descending,12,7258.26,0,0,0,0,0.00
DNge181|R,DNge181,R,descending,12,7281.13,0,0,0,0,0.00
DNge182|L,DNge182,L,descending,20,11645.60,0,0,0,0,0.00
DNge182|R,DNge182,R,descending,21,13626.17,0,0,0,0,0.00
DNge183|L,DNge183,L,descending,6,4222.39,0,0,0,0,0.00
DNge183|R,DNge183,R,descending,5,3392.81,0,0,0,0,0.00
DNge184|L,DNge184,L,descending,2,626.29,0,0,0,0,0.00
DNp01|L,DNp01,L,descending,3,1317.11,0,0,0,0,0.00
AN06B075|R,AN06B075,R,ascending,11,6032.43,0,0,0,0,0.00
DNp02|L,DNp02,L,descending,26,13860.74,0,0,0,0,0.00
DNp02|R,DNp02,R,descending,25,13027.97,0,0,0,0,0.00
DNp03|L,DNp03,L,descending,6,3441.33,0,0,0,0,0.00
DNp03|R,DNp03,R,descending,2,1222.08,0,0,0,0,0.00
DNp04|L,DNp04,L,descending,7,3523.57,0,0,0,0,0.00
DNp04|R,DNp04,R,descending,8,4045.45,0,0,0,0,0.00
DNp05|L,DNp05,L,descending,25,15292.06,0,0,0,0,0.00
DNp05|R,DNp05,R,descending,30,18362.51,0,0,0,0,0.00
DNp06|L,DNp06,L,descending,46,25082.74,0,0,0,0,0.00
DNp06|R,DNp06,R,descending,43,23442.28,0,0,0,0,0.00
DNp07|L,DNp07,L,descending,52,30512.06,0,0,0,0,0.00
AN06B088|L,AN06B088,L,ascending,4,3440.49,0,0,0,0,0.00
DNp08|L,DNp08,L,descending,66,38643.72,0,0,0,0,0.00
DNp08|R,DNp08,R,descending,66,39075.19,0,0,0,0,0.00
DNp09|L,DNp09,L,descending,27,16487.95,0,0,0,0,0.00
DNp09|R,DNp09,R,descending,26,14970.28,0,0,0,0,0.00
DNp101|L,DNp101,L,descending,1,768.18,0,0,0,0,0.00
DNp101|R,DNp101,R,descending,1,769.24,0,0,0,0,0.00
AN06B088|R,AN06B088,R,ascending,5,4172.00,0,0,0,0,0.00
AN06B089|R,AN06B089,R,ascending,8,5086.32,0,0,0,0,0.00
DNp103|L,DNp103,L,descending,22,11210.72,0,0,0,0,0.00
DNp103|R,DNp103,R,descending,21,10783.14,0,0,0,0,0.00
DNp104|L,DNp104,L,descending,1,502.53,0,0,0,0,0.00
DNp104|R,DNp104,R,descending,3,1405.52,0,0,0,0,0.00
DNp10|L,DNp10,L,descending,28,21324.07,0,0,0,0,0.00
DNp10|R,DNp10,R,descending,40,29517.04,0,0,0,0,0.00
AN06B090|L,AN06B090,L,ascending,19,10777.69,0,0,0,0,0.00
AN06B090|R,AN06B090,R,ascending,23,12583.49,0,0,0,0,0.00
AN07B003|L,AN07B003,L,ascending,2,968.73,0,0,0,0,0.00
AN07B003|R,AN07B003,R,ascending,2,926.84,0,0,0,0,0.00
AN07B005|L,AN07B005,L,ascending,17,8342.45,0,0,0,0,0.00
AN07B005|R,AN07B005,R,ascending,16,8578.13,0,0,0,0,0.00
AN07B011|L,AN07B011,L,ascending,3,1549.59,0,0,0,0,0.00
AN07B011|R,AN07B011,R,ascending,2,1054.18,0,0,0,0,0.00
AN07B013|L,AN07B013,L,ascending,11,4793.60,0,0,0,0,0.00
AN07B013|R,AN07B013,R,ascending,9,4455.50,0,0,0,0,0.00
DNp16_a|L,DNp16_a,L,descending,4,2069.55,0,0,0,0,0.00
DNp16_a|R,DNp16_a,R,descending,4,1995.54,0,0,0,0,0.00
DNp16_b|L,DNp16_b,L,descending,4,2433.79,0,0,0,0,0.00
DNp16_b|R,DNp16_b,R,descending,6,3367.17,0,0,0,0,0.00
AN07B015|L,AN07B015,L,ascending,7,2445.58,0,0,0,0,0.00
AN07B015|R,AN07B015,R,ascending,7,2600.80,0,0,0,0,0.00
DNp18|L,DNp18,L,descending,47,30095.27,0,0,0,0,0.00
DNp18|R,DNp18,R,descending,41,25457.73,0,0,0,0,0.00
DNp19|L,DNp19,L,descending,29,16820.22,0,0,0,0,0.00
DNp19|R,DNp19,R,descending,24,13941.03,0,0,0,0,0.00
DNp20|R,DNp20,R,descending,1,753.22,0,0,0,0,0.00
AN07B018|L,AN07B018,L,ascending,24,11948.12,0,0,0,0,0.00
AN07B018|R,AN07B018,R,ascending,23,11715.97,0,0,0,0,0.00
DNp22|L,DNp22,L,descending,32,17649.39,0,0,0,0,0.00
DNp22|R,DNp22,R,descending,23,13228.67,0,0,0,0,0.00
DNp23|L,DNp23,L,descending,1,574.71,0,0,0,0,0.00
DNp23|R,DNp23,R,descending,2,1111.61,0,0,0,0,0.00
DNp24|L,DNp24,L,descending,3,1930.81,0,0,0,0,0.00
DNp24|R,DNp24,R,descending,3,1969.44,0,0,0,0,0.00
DNp26|L,DNp26,L,descending,8,4798.08,0,0,0,0,0.00
DNp26|R,DNp26,R,descending,15,9092.46,0,0,0,0,0.00
DNp27|R,DNp27,R,descending,1,571.76,0,0,0,0,0.00
DNp28|L,DNp28,L,descending,25,16106.02,0,0,0,0,0.00
DNp28|R,DNp28,R,descending,26,17119.20,0,0,0,0,0.00
DNp29|R,DNp29,R,descending,2,1207.96,0,0,0,0,0.00
AN07B021|L,AN07B021,L,ascending,17,9667.86,0,0,0,0,0.00
AN07B021|R,AN07B021,R,ascending,12,6547.58,0,0,0,0,0.00
DNp32|R,DNp32,R,descending,1,802.18,0,0,0,0,0.00
AN07B024|L,AN07B024,L,ascending,2,1427.15,0,0,0,0,0.00
AN07B025|L,AN07B025,L,ascending,7,3759.42,0,0,0,0,0.00
DNp34|L,DNp34,L,descending,39,22579.39,0,0,0,0,0.00
DNp34|R,DNp34,R,descending,42,24711.48,0,0,0,0,0.00
DNp35|L,DNp35,L,descending,2,937.80,0,0,0,0,0.00
DNp35|R,DNp35,R,descending,1,439.04,0,0,0,0,0.00
DNp36|L,DNp36,L,descending,31,16319.64,0,0,0,0,0.00
DNp36|R,DNp36,R,descending,36,20313.21,0,0,0,0,0.00
DNp38|L,DNp38,L,descending,29,19719.39,0,0,0,0,0.00
DNp38|R,DNp38,R,descending,24,16174.91,0,0,0,0,0.00
DNp39|L,DNp39,L,descending,5,2447.34,0,0,0,0,0.00
DNp39|R,DNp39,R,descending,5,2510.71,0,0,0,0,0.00
DNp41|L,DNp41,L,descending,30,16838.58,0,0,0,0,0.00
DNp41|R,DNp41,R,descending,30,16333.29,0,0,0,0,0.00
DNp42|L,DNp42,L,descending,41,23078.85,0,0,0,0,0.00
DNp42|R,DNp42,R,descending,43,23239.18,0,0,0,0,0.00
AN07B025|R,AN07B025,R,ascending,10,5255.21,0,0,0,0,0.00
AN07B032|L,AN07B032,L,ascending,4,2685.76,0,0,0,0,0.00
AN07B032|R,AN07B032,R,ascending,4,3052.77,0,0,0,0,0.00
AN07B035|L,AN07B035,L,ascending,25,14576.32,0,0,0,0,0.00
DNp45|L,DNp45,L,descending,19,8997.14,0,0,0,0,0.00
DNp45|R,DNp45,R,descending,24,11773.46,0,0,0,0,0.00
DNp46|L,DNp46,L,descending,14,10261.97,0,0,0,0,0.00
DNp46|R,DNp46,R,descending,14,9563.87,0,0,0,0,0.00
DNp47|L,DNp47,L,descending,36,22442.47,0,0,0,0,0.00
DNp47|R,DNp47,R,descending,33,19766.89,0,0,0,0,0.00
AN07B035|R,AN07B035,R,ascending,26,15672.14,0,0,0,0,0.00
AN07B036|L,AN07B036,L,ascending,35,28195.92,0,0,0,0,0.00
AN07B036|R,AN07B036,R,ascending,32,25458.55,0,0,0,0,0.00
AN07B037_a|L,AN07B037_a,L,ascending,57,22216.72,0,0,0,0,0.00
"DNp51,DNpe019|L","DNp51,DNpe019",L,descending,15,8526.49,0,0,0,0,0.00
"DNp51,DNpe019|R","DNp51,DNpe019",R,descending,15,7717.50,0,0,0,0,0.00
DNp53|L,DNp53,L,descending,21,14855.72,0,0,0,0,0.00
DNp53|R,DNp53,R,descending,29,19873.19,0,0,0,0,0.00
DNp54|L,DNp54,L,descending,24,15060.33,0,0,0,0,0.00
DNp54|R,DNp54,R,descending,16,9738.60,0,0,0,0,0.00
DNp55|L,DNp55,L,descending,39,23742.68,0,0,0,0,0.00
DNp55|R,DNp55,R,descending,38,22200.23,0,0,0,0,0.00
DNp56|L,DNp56,L,descending,11,6349.37,0,0,0,0,0.00
DNp56|R,DNp56,R,descending,11,6055.18,0,0,0,0,0.00
DNp57|L,DNp57,L,descending,17,11618.73,0,0,0,0,0.00
DNp57|R,DNp57,R,descending,18,11797.76,0,0,0,0,0.00
AN07B037_a|R,AN07B037_a,R,ascending,53,22480.34,0,0,0,0,0.00
AN07B037_b|L,AN07B037_b,L,ascending,51,20914.66,0,0,0,0,0.00
DNp59|L,DNp59,L,descending,43,26702.32,0,0,0,0,0.00
DNp59|R,DNp59,R,descending,40,24867.08,0,0,0,0,0.00
AN07B037_b|R,AN07B037_b,R,ascending,57,24560.66,0,0,0,0,0.00
DNp60|R,DNp60,R,descending,38,23002.25,0,0,0,0,0.00
AN07B040|L,AN07B040,L,ascending,18,6900.66,0,0,0,0,0.00
AN07B040|R,AN07B040,R,ascending,29,12959.32,0,0,0,0,0.00
AN07B041|L,AN07B041,L,ascending,9,4379.06,0,0,0,0,0.00
AN07B041|R,AN07B041,R,ascending,10,5248.95,0,0,0,0,0.00
AN07B043|L,AN07B043,L,ascending,20,15460.78,0,0,0,0,0.00
AN07B043|R,AN07B043,R,ascending,13,10083.97,0,0,0,0,0.00
AN07B045|L,AN07B045,L,ascending,10,5714.26,0,0,0,0,0.00
AN07B045|R,AN07B045,R,ascending,5,2490.53,0,0,0,0,0.00
AN07B046_a|L,AN07B046_a,L,ascending,8,4180.81,0,0,0,0,0.00
DNp67|R,DNp67,R,descending,39,24124.37,0,0,0,0,0.00
DNp68|L,DNp68,L,descending,18,12018.56,0,0,0,0,0.00
DNp68|R,DNp68,R,descending,16,10724.24,0,0,0,0,0.00
AN07B046_a|R,AN07B046_a,R,ascending,7,3652.14,0,0,0,0,0.00
AN07B046_b|L,AN07B046_b,L,ascending,3,1633.36,0,0,0,0,0.00
DNp70|L,DNp70,L,descending,22,12517.80,0,0,0,0,0.00
DNp70|R,DNp70,R,descending,22,12479.20,0,0,0,0,0.00
DNp71|L,DNp71,L,descending,22,10867.78,0,0,0,0,0.00
DNp71|R,DNp71,R,descending,25,12497.67,0,0,0,0,0.00
DNp72|L,DNp72,L,descending,17,12269.11,0,0,0,0,0.00
DNp72|R,DNp72,R,descending,19,12468.84,0,0,0,0,0.00
DNp73|L,DNp73,L,descending,33,18902.57,0,0,0,0,0.00
DNp73|R,DNp73,R,descending,30,17572.23,0,0,0,0,0.00
DNpe001|L,DNpe001,L,descending,3,1602.19,0,0,0,0,0.00
DNpe001|R,DNpe001,R,descending,4,2108.29,0,0,0,0,0.00
DNpe002|L,DNpe002,L,descending,27,14621.24,0,0,0,0,0.00
DNpe002|R,DNpe002,R,descending,29,15345.25,0,0,0,0,0.00
DNpe003|L,DNpe003,L,descending,17,9703.90,0,0,0,0,0.00
DNpe003|R,DNpe003,R,descending,17,10000.97,0,0,0,0,0.00
DNpe004|L,DNpe004,L,descending,28,15209.57,0,0,0,0,0.00
AN07B046_b|R,AN07B046_b,R,ascending,6,3719.08,0,0,0,0,0.00
AN07B046_c|L,AN07B046_c,L,ascending,7,3690.17,0,0,0,0,0.00
AN07B046_c|R,AN07B046_c,R,ascending,8,4390.28,0,0,0,0,0.00
DNpe006|L,DNpe006,L,descending,44,28012.88,0,0,0,0,0.00
DNpe006|R,DNpe006,R,descending,47,29035.82,0,0,0,0,0.00
AN07B050|L,AN07B050,L,ascending,10,7607.23,0,0,0,0,0.00
AN07B050|R,AN07B050,R,ascending,13,9678.15,0,0,0,0,0.00
DNpe008|L,DNpe008,L,descending,45,28708.75,0,0,0,0,0.00
DNpe008|R,DNpe008,R,descending,47,30937.56,0,0,0,0,0.00
AN07B057|L,AN07B057,L,ascending,2,1174.46,0,0,0,0,0.00
AN07B057|R,AN07B057,R,ascending,4,2259.85,0,0,0,0,0.00
DNpe010|L,DNpe010,L,descending,3,1504.34,0,0,0,0,0.00
DNpe010|R,DNpe010,R,descending,4,2029.50,0,0,0,0,0.00
AN07B060|L,AN07B060,L,ascending,6,2994.77,0,0,0,0,0.00
AN07B060|R,AN07B060,R,ascending,6,2831.60,0,0,0,0,0.00
DNpe012_a|L,DNpe012_a,L,descending,6,3703.55,0,0,0,0,0.00
DNpe012_a|R,DNpe012_a,R,descending,10,5991.29,0,0,0,0,0.00
DNpe012_b|L,DNpe012_b,L,descending,7,3703.66,0,0,0,0,0.00
DNpe012_b|R,DNpe012_b,R,descending,11,7046.88,0,0,0,0,0.00
DNpe013|L,DNpe013,L,descending,18,9622.23,0,0,0,0,0.00
DNpe013|R,DNpe013,R,descending,16,8502.70,0,0,0,0,0.00
DNpe014|L,DNpe014,L,descending,16,9526.24,0,0,0,0,0.00
DNpe014|R,DNpe014,R,descending,17,9715.46,0,0,0,0,0.00
DNpe015|L,DNpe015,L,descending,32,21118.69,0,0,0,0,0.00
AN07B062|L,AN07B062,L,ascending,10,3267.45,0,0,0,0,0.00
DNpe016|L,DNpe016,L,descending,32,17792.49,0,0,0,0,0.00
DNpe016|R,DNpe016,R,descending,33,17582.64,0,0,0,0,0.00
DNpe017|L,DNpe017,L,descending,41,22538.28,0,0,0,0,0.00
DNpe017|R,DNpe017,R,descending,38,21558.38,0,0,0,0,0.00
DNpe018|L,DNpe018,L,descending,2,1239.08,0,0,0,0,0.00
DNpe018|R,DNpe018,R,descending,4,2704.51,0,0,0,0,0.00
AN07B062|R,AN07B062,R,ascending,9,3258.04,0,0,0,0,0.00
AN07B069_a|L,AN07B069_a,L,ascending,5,1908.34,0,0,0,0,0.00
AN07B069_a|R,AN07B069_a,R,ascending,3,1163.47,0,0,0,0,0.00
DNpe022|L,DNpe022,L,descending,33,21516.99,0,0,0,0,0.00
DNpe022|R,DNpe022,R,descending,34,22056.56,0,0,0,0,0.00
DNpe023|L,DNpe023,L,descending,4,2244.26,0,0,0,0,0.00
DNpe023|R,DNpe023,R,descending,2,1257.94,0,0,0,0,0.00
DNpe024|L,DNpe024,L,descending,13,6644.84,0,0,0,0,0.00
DNpe024|R,DNpe024,R,descending,13,6727.48,0,0,0,0,0.00
DNpe025|L,DNpe025,L,descending,28,14244.26,0,0,0,0,0.00
DNpe025|R,DNpe025,R,descending,24,11634.37,0,0,0,0,0.00
DNpe026|L,DNpe026,L,descending,15,9982.33,0,0,0,0,0.00
DNpe026|R,DNpe026,R,descending,23,15070.88,0,0,0,0,0.00
DNpe027|L,DNpe027,L,descending,5,3234.24,0,0,0,0,0.00
DNpe027|R,DNpe027,R,descending,4,2543.04,0,0,0,0,0.00
DNpe028|L,DNpe028,L,descending,24,16439.84,0,0,0,0,0.00
DNpe028|R,DNpe028,R,descending,13,8274.53,0,0,0,0,0.00
DNpe029|L,DNpe029,L,descending,23,15174.03,0,0,0,0,0.00
DNpe029|R,DNpe029,R,descending,25,16119.97,0,0,0,0,0.00
DNpe030|L,DNpe030,L,descending,14,9296.39,0,0,0,0,0.00
AN07B069_b|L,AN07B069_b,L,ascending,13,5088.49,0,0,0,0,0.00
DNpe031|L,DNpe031,L,descending,69,37562.30,0,0,0,0,0.00
DNpe031|R,DNpe031,R,descending,62,33382.11,0,0,0,0,0.00
DNpe032|L,DNpe032,L,descending,41,24074.23,0,0,0,0,0.00
DNpe032|R,DNpe032,R,descending,50,30341.93,0,0,0,0,0.00
AN07B069_b|R,AN07B069_b,R,ascending,11,4550.56,0,0,0,0,0.00
AN07B070|L,AN07B070,L,ascending,1,242.70,0,0,0,0,0.00
DNpe035|L,DNpe035,L,descending,3,1987.35,0,0,0,0,0.00
AN07B070|R,AN07B070,R,ascending,2,577.35,0,0,0,0,0.00
AN07B071_a|L,AN07B071_a,L,ascending,1,249.16,0,0,0,0,0.00
AN07B071_a|R,AN07B071_a,R,ascending,1,357.97,0,0,0,0,0.00
DNpe037|L,DNpe037,L,descending,6,3026.24,0,0,0,0,0.00
DNpe037|R,DNpe037,R,descending,8,3598.58,0,0,0,0,0.00
DNpe039|L,DNpe039,L,descending,23,11781.17,0,0,0,0,0.00
DNpe039|R,DNpe039,R,descending,23,12124.95,0,0,0,0,0.00
AN07B071_b|L,AN07B071_b,L,ascending,1,239.95,0,0,0,0,0.00
AN07B071_c|L,AN07B071_c,L,ascending,5,1778.15,0,0,0,0,0.00
AN07B071_c|R,AN07B071_c,R,ascending,5,2001.27,0,0,0,0,0.00
AN07B071_d|L,AN07B071_d,L,ascending,6,1817.81,0,0,0,0,0.00
DNpe042|L,DNpe042,L,descending,9,4218.58,0,0,0,0,0.00
DNpe042|R,DNpe042,R,descending,11,5285.92,0,0,0,0,0.00
AN07B071_d|R,AN07B071_d,R,ascending,7,2248.37,0,0,0,0,0.00
AN07B072_a|L,AN07B072_a,L,ascending,12,9129.23,0,0,0,0,0.00
AN07B072_a|R,AN07B072_a,R,ascending,2,1630.25,0,0,0,0,0.00
AN07B072_b|L,AN07B072_b,L,ascending,5,3948.64,0,0,0,0,0.00
DNpe049|L,DNpe049,L,descending,38,24979.57,0,0,0,0,0.00
DNpe049|R,DNpe049,R,descending,33,20678.19,0,0,0,0,0.00
AN01A086|R,AN01A086,R,ascending,72,33387.34,0,0,0,0,0.00
AN00A009|M,AN00A009,M,ascending,4,1774.62,0,0,0,0,0.00
AN01A006|L,AN01A006,L,ascending,1,504.57,0,0,0,0,0.00
AN01A006|R,AN01A006,R,ascending,1,727.91,0,0,0,0,0.00
AN01A014|L,AN01A014,L,ascending,3,999.81,0,0,0,0,0.00
AN01A014|R,AN01A014,R,ascending,4,1418.07,0,0,0,0,0.00
AN01A021|L,AN01A021,L,ascending,5,2369.10,0,0,0,0,0.00
AN01A021|R,AN01A021,R,ascending,3,2252.70,0,0,0,0,0.00
AN01A033|L,AN01A033,L,ascending,11,4491.17,0,0,0,0,0.00
AN01A033|R,AN01A033,R,ascending,16,6437.88,0,0,0,0,0.00
AN01A049|L,AN01A049,L,ascending,3,1131.97,0,0,0,0,0.00
AN01A049|R,AN01A049,R,ascending,7,2754.73,0,0,0,0,0.00
AN01A055|L,AN01A055,L,ascending,69,30131.91,0,0,0,0,0.00
AN07B072_b|R,AN07B072_b,R,ascending,8,6207.95,0,0,0,0,0.00
AN01A086|L,AN01A086,L,ascending,74,34393.82,0,0,0,0,0.00
AN00A006|M,AN00A006,M,ascending,110,91961.74,0,0,0,0,0.00
DNxl114|R,DNxl114,R,descending,35,22139.04,0,0,0,0,0.00
DNpe050|R,DNpe050,R,descending,33,19077.27,0,0,0,0,0.00
AN07B072_c|L,AN07B072_c,L,ascending,3,2387.10,0,0,0,0,0.00
AN07B072_c|R,AN07B072_c,R,ascending,4,3164.01,0,0,0,0,0.00
DNpe053|L,DNpe053,L,descending,51,42381.39,2,0,0,0,0.00
DNpe053|R,DNpe053,R,descending,50,41157.89,3,0,0,0,0.00
DNpe054|L,DNpe054,L,descending,31,20428.34,0,0,0,0,0.00
DNpe054|R,DNpe054,R,descending,22,14948.53,0,0,0,0,0.00
DNpe055|L,DNpe055,L,descending,37,22786.84,0,0,0,0,0.00
DNpe055|R,DNpe055,R,descending,31,18856.88,0,0,0,0,0.00
DNpe056|L,DNpe056,L,descending,43,26059.34,0,0,0,0,0.00
DNpe056|R,DNpe056,R,descending,50,29918.34,0,0,0,0,0.00
DNpe057|L,DNpe057,L,descending,4,1869.20,0,0,0,0,0.00
DNpe057|R,DNpe057,R,descending,4,2399.98,0,0,0,0,0.00
DNxl114|L,DNxl114,L,descending,27,17046.88,0,0,0,0,0.00
AN00A002|M,AN00A002,M,ascending,3,1212.24,0,0,0,0,0.00
