randomization,descending_0.01,ascending_0.01,total_0.01,descending_0.02,ascending_0.02,total_0.02,descending_0.05,ascending_0.05,total_0.05,descending_0.1,ascending_0.1,total_0.1,descending_0.2,ascending_0.2,total_0.2,descending_0.3,ascending_0.3,total_0.3,descending_0.5,ascending_0.5,total_0.5
0,8,32,40,63,139,202,414,1555,1969,1941,4707,6648,8154,13092,21246,18543,25149,43692,51769,54703,106472
1,7,31,38,64,152,216,437,1604,2041,2007,4930,6937,8328,13174,21502,18537,25289,43826,52995,54503,107498
2,10,39,49,59,178,237,414,1651,2065,2004,5011,7015,8347,13079,21426,18586,25395,43981,52746,54361,107107
3,11,35,46,53,143,196,412,1669,2081,1928,4978,6906,8156,13403,21559,18286,25693,43979,52739,54967,107706
4,12,41,53,56,186,242,444,1745,2189,1954,4803,6757,8281,12987,21268,18547,25205,43752,52291,54832,107123
5,9,44,53,50,192,242,413,1604,2017,1913,4906,6819,8057,13111,21168,18529,24852,43381,52867,54352,107219
6,14,41,55,58,172,230,458,1612,2070,1981,4871,6852,8359,13292,21651,19003,25852,44855,53476,54691,108167
7,12,37,49,53,188,241,414,1581,1995,1831,4709,6540,8148,12946,21094,18604,25109,43713,52341,54565,106906
8,10,41,51,44,153,197,437,1399,1836,2008,4680,6688,8563,12783,21346,19095,24874,43969,53050,54666,107716
9,11,27,38,52,172,224,430,1669,2099,1859,4996,6855,8112,13460,21572,18224,25855,44079,51830,54676,106506
10,9,30,39,59,161,220,449,1623,2072,1993,4800,6793,8314,13242,21556,18626,25658,44284,53044,54910,107954
11,18,35,53,65,163,228,418,1598,2016,1932,4970,6902,8227,12884,21111,18317,25082,43399,52189,53771,105960
12,10,30,40,54,158,212,463,1611,2074,1998,4836,6834,8348,13339,21687,18542,25565,44107,52354,55080,107434
13,12,22,34,60,164,224,451,1465,1916,1951,4702,6653,8393,12667,21060,18322,24221,42543,52327,53721,106048
14,10,35,45,54,161,215,397,1495,1892,2058,4613,6671,8467,12954,21421,18686,25217,43903,52883,54649,107532
15,18,38,56,62,181,243,421,1642,2063,1965,4824,6789,8485,12831,21316,18520,25012,43532,52619,53940,106559
16,12,39,51,64,156,220,468,1638,2106,1898,5119,7017,8055,13466,21521,18511,25642,44153,53248,55042,108290
17,10,38,48,59,179,238,417,1570,1987,1870,4772,6642,8020,12892,20912,18445,25192,43637,51874,54505,106379
18,8,47,55,52,192,244,410,1609,2019,1952,4799,6751,8167,13065,21232,19071,25677,44748,53029,54712,107741
19,14,31,45,59,149,208,435,1553,1988,1966,4787,6753,8181,12943,21124,18203,25111,43314,52176,53937,106113
20,11,32,43,53,165,218,472,1571,2043,2051,4882,6933,8578,13289,21867,18942,25235,44177,53301,54271,107572
21,16,45,61,69,180,249,468,1649,2117,1987,4980,6967,8238,13365,21603,18562,25311,43873,52667,54583,107250
22,9,41,50,54,183,237,375,1551,1926,1944,4731,6675,8110,12883,20993,18240,25309,43549,51700,54582,106282
23,7,40,47,51,169,220,416,1641,2057,1977,4867,6844,8343,13067,21410,18882,25206,44088,53165,54346,107511
24,14,40,54,50,171,221,426,1607,2033,1836,4970,6806,7892,13296,21188,18147,25874,44021,51498,54622,106120
25,11,35,46,56,193,249,429,1764,2193,2007,4984,6991,8526,13349,21875,18847,25869,44716,53474,55402,108876
26,12,38,50,57,168,225,402,1614,2016,1894,4809,6703,8063,13035,21098,18593,24925,43518,52451,54636,107087
27,14,42,56,64,168,232,475,1538,2013,2028,4678,6706,8354,13077,21431,18853,25179,44032,53443,54974,108417
28,4,52,56,40,205,245,415,1625,2040,1949,4706,6655,8198,12927,21125,18644,25008,43652,52307,54816,107123
29,12,44,56,48,203,251,398,1632,2030,1876,4899,6775,8303,12999,21302,18894,25440,44334,53047,54330,107377
30,13,36,49,54,190,244,422,1639,2061,1882,4940,6822,8152,13378,21530,18518,25284,43802,52628,54818,107446
31,11,30,41,60,184,244,413,1566,1979,1819,4715,6534,8102,12875,20977,18664,25269,43933,53187,54646,107833
32,13,49,62,64,194,258,417,1812,2229,1972,5211,7183,8275,13656,21931,18808,25913,44721,53209,55715,108924
33,13,38,51,58,172,230,434,1544,1978,2043,4725,6768,8264,13043,21307,18485,25340,43825,53220,55021,108241
34,18,28,46,51,155,206,382,1587,1969,1900,4777,6677,8187,13202,21389,18453,25446,43899,51480,54930,106410
35,12,29,41,47,149,196,451,1547,1998,1973,4669,6642,8164,12744,20908,18370,24569,42939,51930,54226,106156
36,11,37,48,79,167,246,475,1588,2063,2126,4891,7017,8387,13454,21841,18753,25608,44361,52481,54696,107177
37,12,28,40,53,156,209,428,1553,1981,1897,4825,6722,8343,13267,21610,18484,25714,44198,53320,54044,107364
38,14,34,48,55,182,237,403,1714,2117,1924,4940,6864,8061,13367,21428,18316,25417,43733,52522,55031,107553
39,16,28,44,65,173,238,393,1622,2015,1924,4828,6752,8008,13231,21239,18022,25396,43418,51901,54524,106425
40,16,30,46,60,164,224,439,1518,1957,1942,4673,6615,8320,13094,21414,18859,25031,43890,53765,54199,107964
41,11,33,44,56,145,201,448,1525,1973,1968,4623,6591,8299,13260,21559,18766,25214,43980,53080,54914,107994
42,8,38,46,57,188,245,422,1552,1974,1933,4801,6734,8053,12961,21014,18072,25176,43248,52381,54587,106968
43,13,38,51,57,161,218,426,1569,1995,1909,4750,6659,7959,13006,20965,18104,25072,43176,52073,54735,106808
44,10,27,37,59,173,232,451,1521,1972,2036,4636,6672,8407,13126,21533,18753,25520,44273,53725,55004,108729
45,20,40,60,60,172,232,455,1657,2112,1925,5040,6965,8529,13236,21765,18996,25589,44585,53339,54947,108286
46,15,42,57,66,163,229,449,1643,2092,2024,5002,7026,8496,13513,22009,18740,25615,44355,53287,55420,108707
47,12,37,49,49,175,224,415,1622,2037,1900,4833,6733,8253,13021,21274,18372,24907,43279,52428,54132,106560
48,9,41,50,46,168,214,387,1550,1937,1958,4797,6755,8536,12831,21367,18913,24811,43724,53423,54674,108097
49,8,33,41,52,154,206,457,1609,2066,1962,4682,6644,8204,12959,21163,18675,24919,43594,52814,54442,107256
50,10,34,44,71,166,237,415,1576,1991,1941,4590,6531,8255,12708,20963,18552,25027,43579,52723,54882,107605
51,12,30,42,64,183,247,425,1591,2016,2036,4858,6894,8341,13046,21387,18609,25194,43803,52902,54967,107869
52,11,42,53,48,184,232,434,1519,1953,1867,4782,6649,7986,12965,20951,18235,25408,43643,52233,54693,106926
53,12,26,38,56,140,196,428,1549,1977,1940,4696,6636,8230,13079,21309,18240,25483,43723,52709,54519,107228
54,6,29,35,45,160,205,446,1555,2001,1932,4838,6770,8072,13021,21093,18274,25274,43548,52523,54567,107090
55,21,34,55,55,150,205,450,1609,2059,1941,4629,6570,8247,12807,21054,18577,24648,43225,52673,54156,106829
56,13,49,62,62,205,267,407,1603,2010,1911,4897,6808,8421,13398,21819,18429,25170,43599,52740,54286,107026
57,11,28,39,63,141,204,435,1573,2008,1936,5029,6965,8302,13447,21749,18527,25481,44008,52908,55176,108084
58,9,46,55,59,151,210,400,1596,1996,1947,4674,6621,8305,12924,21229,18700,25043,43743,53084,54552,107636
59,12,42,54,53,179,232,411,1670,2081,2018,5148,7166,8284,13289,21573,18730,25791,44521,52985,55112,108097
60,10,44,54,61,169,230,420,1627,2047,1855,4855,6710,7968,12983,20951,18348,25256,43604,52527,54485,107012
61,11,34,45,71,159,230,474,1492,1966,1953,4659,6612,8196,12541,20737,18503,25091,43594,52220,53855,106075
62,10,26,36,57,170,227,392,1574,1966,1906,4665,6571,8251,13064,21315,18674,25464,44138,53090,55123,108213
63,10,35,45,55,164,219,416,1639,2055,1945,4755,6700,8451,13079,21530,18795,25332,44127,52699,54387,107086
64,11,37,48,61,176,237,407,1575,1982,1869,4879,6748,8366,12961,21327,18726,25199,43925,52664,55402,108066
65,20,41,61,68,176,244,469,1686,2155,2007,5029,7036,8245,13283,21528,18344,25835,44179,52390,55296,107686
66,13,39,52,60,174,234,441,1490,1931,2017,4793,6810,8222,12949,21171,18873,25162,44035,52994,53982,106976
67,15,28,43,65,175,240,401,1659,2060,1932,4939,6871,8116,13210,21326,18187,25433,43620,51772,54967,106739
68,15,30,45,51,174,225,419,1562,1981,2063,4958,7021,8213,13495,21708,18644,25983,44627,52664,55167,107831
69,9,30,39,43,143,186,410,1574,1984,1954,4804,6758,8486,12811,21297,18850,25013,43863,53106,54536,107642
70,2,43,45,53,192,245,413,1612,2025,1903,4852,6755,8150,13325,21475,18375,25686,44061,51614,54511,106125
71,11,31,42,63,157,220,431,1556,1987,1949,4644,6593,7981,12338,20319,18076,24682,42758,52220,53848,106068
72,12,40,52,54,173,227,448,1624,2072,1932,4838,6770,8397,13265,21662,18564,25276,43840,53385,54865,108250
73,11,32,43,43,152,195,420,1538,1958,1918,4680,6598,8181,12790,20971,18313,24402,42715,52518,54202,106720
74,7,31,38,54,149,203,440,1468,1908,1969,4575,6544,8464,12992,21456,18623,25001,43624,52501,54076,106577
75,16,43,59,46,182,228,414,1565,1979,1969,4886,6855,8240,13380,21620,18639,25526,44165,52942,54748,107690
76,10,29,39,47,175,222,409,1592,2001,1830,4847,6677,8247,12839,21086,18529,25276,43805,52850,54556,107406
77,6,23,29,55,147,202,441,1536,1977,1912,4837,6749,8337,12968,21305,18505,25074,43579,52011,54616,106627
78,10,27,37,55,142,197,416,1581,1997,1866,4787,6653,8123,13030,21153,18613,25221,43834,53202,54828,108030
79,7,37,44,58,198,256,441,1642,2083,1983,4828,6811,8245,13543,21788,18676,25752,44428,52710,55066,107776
80,7,47,54,62,195,257,431,1537,1968,1865,4633,6498,8207,12574,20781,18071,24439,42510,51990,54074,106064
81,14,46,60,57,190,247,446,1567,2013,1934,4859,6793,8149,13285,21434,18538,25644,44182,53127,55041,108168
82,11,41,52,65,176,241,436,1519,1955,2034,4701,6735,8268,12902,21170,18908,25000,43908,52860,54352,107212
83,16,27,43,73,168,241,472,1620,2092,1978,4767,6745,8255,13129,21384,18740,25114,43854,53636,54834,108470
84,9,30,39,59,129,188,417,1564,1981,1883,5013,6896,8165,13442,21607,18432,25711,44143,51847,55098,106945
85,11,25,36,61,172,233,431,1601,2032,1944,4793,6737,8488,13191,21679,18640,25778,44418,52925,54736,107661
86,10,36,46,60,171,231,413,1591,2004,1962,4828,6790,8210,13411,21621,18604,25668,44272,52774,54859,107633
87,9,36,45,40,197,237,441,1569,2010,1985,4788,6773,8155,13046,21201,18315,25314,43629,52069,54398,106467
88,23,32,55,63,159,222,426,1536,1962,2015,4866,6881,8195,13037,21232,18494,25521,44015,52413,54858,107271
89,9,33,42,55,155,210,427,1536,1963,1891,4798,6689,8370,13409,21779,18516,25174,43690,53050,54918,107968
90,14,35,49,75,149,224,445,1514,1959,1902,4805,6707,8078,13313,21391,18233,25700,43933,51560,55296,106856
91,10,34,44,53,153,206,442,1582,2024,2015,4829,6844,8290,12852,21142,18636,25553,44189,52632,55225,107857
92,10,41,51,59,172,231,423,1648,2071,2003,4882,6885,8405,13280,21685,19144,25359,44503,53559,54293,107852
93,10,32,42,58,182,240,456,1508,1964,1921,4626,6547,8228,12938,21166,18333,25062,43395,53556,54360,107916
94,14,33,47,50,168,218,422,1653,2075,1964,4902,6866,8379,13176,21555,18599,25687,44286,53074,55240,108314
95,9,33,42,47,189,236,428,1572,2000,1913,4777,6690,8397,13281,21678,18763,25660,44423,52780,55352,108132
96,9,35,44,60,180,240,402,1581,1983,1923,4779,6702,8434,13019,21453,18723,25203,43926,52906,54628,107534
97,8,38,46,56,159,215,445,1650,2095,1961,4910,6871,8090,13123,21213,18236,25323,43559,52099,54302,106401
98,10,33,43,51,164,215,434,1577,2011,1865,4892,6757,8092,13421,21513,18446,25589,44035,52407,54770,107177
99,11,19,30,68,141,209,478,1543,2021,2052,4874,6926,8475,13347,21822,18685,25726,44411,52700,55332,108032
100,7,45,52,50,163,213,399,1486,1885,1940,4618,6558,8164,12767,20931,18846,24912,43758,52873,54348,107221
101,11,43,54,59,187,246,403,1686,2089,1975,4917,6892,8332,13462,21794,18660,25233,43893,53190,54564,107754
102,15,38,53,51,201,252,391,1642,2033,1949,4951,6900,8300,13194,21494,18254,25343,43597,51965,55188,107153
103,5,43,48,48,186,234,436,1602,2038,1888,4836,6724,8046,13164,21210,18367,25344,43711,52332,54672,107004
104,16,49,65,59,168,227,410,1580,1990,1822,4796,6618,8178,13113,21291,18755,25172,43927,53204,54770,107974
105,10,47,57,65,169,234,424,1586,2010,1982,4773,6755,8443,13104,21547,19026,25453,44479,52827,54948,107775
106,11,52,63,66,184,250,447,1638,2085,2001,4896,6897,8426,13230,21656,18635,25504,44139,53326,54888,108214
107,13,51,64,54,182,236,419,1583,2002,2005,4816,6821,8354,13148,21502,18697,25683,44380,52841,54869,107710
108,11,30,41,58,174,232,433,1594,2027,1956,4778,6734,8303,12842,21145,18552,24969,43521,52706,54090,106796
109,10,27,37,60,153,213,422,1601,2023,1815,4869,6684,8186,13466,21652,18345,25737,44082,51988,55378,107366
110,14,50,64,60,182,242,413,1577,1990,1826,4698,6524,7947,12747,20694,18232,24763,42995,52222,54197,106419
111,6,33,39,56,191,247,398,1591,1989,1979,4703,6682,8340,12704,21044,18885,24817,43702,52778,53948,106726
112,13,30,43,62,178,240,460,1620,2080,1938,4812,6750,8078,13494,21572,18428,25810,44238,52495,55166,107661
113,15,35,50,67,175,242,431,1532,1963,1887,4762,6649,8249,13082,21331,18428,25528,43956,52314,55168,107482
114,12,34,46,63,182,245,426,1626,2052,1911,4880,6791,8314,12980,21294,18316,25000,43316,51838,53824,105662
115,13,23,36,51,148,199,406,1482,1888,1893,4705,6598,8150,12745,20895,18419,25266,43685,52754,54599,107353
116,9,44,53,56,165,221,374,1436,1810,1881,4612,6493,8113,12724,20837,18393,25128,43521,52953,54651,107604
117,10,23,33,65,125,190,456,1558,2014,1995,4755,6750,8553,13305,21858,19051,25528,44579,53207,54777,107984
118,13,31,44,59,171,230,386,1545,1931,1927,4649,6576,8360,13169,21529,18603,25367,43970,52951,54378,107329
119,14,35,49,68,178,246,415,1657,2072,1907,4746,6653,8311,12945,21256,18591,24976,43567,53155,54485,107640
120,10,45,55,67,163,230,426,1594,2020,1946,4542,6488,8260,12895,21155,18658,24965,43623,53218,53806,107024
121,8,46,54,43,184,227,432,1539,1971,1957,4690,6647,8172,13046,21218,18210,25481,43691,52631,54967,107598
122,11,38,49,48,190,238,432,1537,1969,1981,4750,6731,8364,13183,21547,18829,25119,43948,53034,54095,107129
123,15,39,54,33,181,214,399,1640,2039,1844,4961,6805,8240,13200,21440,18423,25095,43518,52810,54694,107504
124,13,33,46,63,165,228,443,1548,1991,1918,4782,6700,8106,13110,21216,18339,25657,43996,52437,54750,107187
125,12,40,52,70,176,246,445,1535,1980,1904,4943,6847,8166,13114,21280,18340,25236,43576,52351,54768,107119
126,9,39,48,62,186,248,441,1603,2044,1974,4928,6902,8279,13197,21476,18740,25513,44253,53229,54466,107695
127,8,55,63,42,178,220,414,1647,2061,1920,4896,6816,8350,13410,21760,18600,25703,44303,53003,55124,108127
128,15,24,39,50,149,199,452,1549,2001,1901,4848,6749,8207,13085,21292,18719,26012,44731,53101,54234,107335
129,21,50,71,59,193,252,454,1717,2171,2055,5041,7096,8500,13141,21641,19033,25131,44164,53583,54967,108550
130,8,30,38,65,151,216,451,1609,2060,2008,4866,6874,8311,13116,21427,18592,25463,44055,52654,54779,107433
131,10,33,43,46,194,240,433,1551,1984,1849,4627,6476,8124,12742,20866,18306,25231,43537,52109,54059,106168
132,7,35,42,56,188,244,382,1633,2015,1891,4906,6797,8291,13267,21558,18501,25836,44337,52558,55333,107891
133,11,25,36,53,167,220,397,1669,2066,1970,4958,6928,8253,13216,21469,18443,25621,44064,52686,54855,107541
134,11,40,51,66,188,254,448,1553,2001,2000,4628,6628,8501,12762,21263,18800,25105,43905,53064,54341,107405
135,9,31,40,53,164,217,468,1587,2055,2090,4999,7089,8339,13149,21488,18465,25945,44410,52620,55624,108244
136,12,45,57,77,169,246,433,1567,2000,1960,4659,6619,8141,12630,20771,18551,24850,43401,52324,53267,105591
137,13,36,49,56,176,232,451,1621,2072,1972,4998,6970,8231,13262,21493,18514,25768,44282,53144,55328,108472
138,6,30,36,64,177,241,445,1625,2070,1948,4908,6856,8325,12692,21017,18478,24858,43336,52727,53834,106561
139,11,33,44,52,151,203,450,1671,2121,1962,4797,6759,8120,13153,21273,18786,24993,43779,52851,54743,107594
140,13,34,47,72,174,246,400,1652,2052,2056,4742,6798,8524,12888,21412,19009,25014,44023,53034,54161,107195
141,18,37,55,75,168,243,413,1532,1945,1996,4724,6720,8277,12751,21028,18608,25091,43699,53112,54417,107529
142,16,45,61,56,220,276,421,1689,2110,1942,5037,6979,8304,13403,21707,18746,25728,44474,52710,54632,107342
143,7,37,44,63,165,228,448,1618,2066,1954,4731,6685,8404,12950,21354,18872,24919,43791,52929,54319,107248
144,15,31,46,59,170,229,411,1552,1963,1874,4514,6388,7827,12841,20668,18072,25072,43144,52128,54248,106376
145,11,42,53,42,161,203,406,1619,2025,1893,4726,6619,8141,13156,21297,18361,25383,43744,52414,55548,107962
146,11,31,42,72,162,234,445,1512,1957,2046,4850,6896,8331,13121,21452,18710,25773,44483,52914,55301,108215
147,9,29,38,67,170,237,480,1621,2101,1992,5033,7025,8394,13746,22140,18657,26105,44762,52712,55499,108211
148,13,39,52,63,177,240,461,1626,2087,1917,4891,6808,8344,13142,21486,18528,25027,43555,52075,54510,106585
149,12,39,51,53,168,221,433,1526,1959,1892,4636,6528,8014,12752,20766,17987,25216,43203,51568,55061,106629
150,11,31,42,73,190,263,438,1570,2008,1969,4765,6734,8316,12835,21151,18760,24779,43539,52703,54623,107326
151,14,27,41,57,151,208,435,1606,2041,1917,4946,6863,8154,13089,21243,18205,25265,43470,52364,54338,106702
152,13,37,50,75,149,224,460,1530,1990,1979,4907,6886,8302,13154,21456,18862,25425,44287,52740,54656,107396
153,18,36,54,57,173,230,423,1537,1960,1984,4531,6515,8374,12519,20893,18810,24961,43771,52688,55001,107689
154,9,37,46,49,211,260,402,1656,2058,1933,4963,6896,8125,13220,21345,18490,25351,43841,52680,54846,107526
155,14,38,52,65,175,240,446,1594,2040,2009,4775,6784,8379,13114,21493,19037,25167,44204,52763,54410,107173
156,16,43,59,75,189,264,442,1496,1938,1969,4735,6704,8232,13319,21551,18339,25369,43708,52308,54483,106791
157,12,36,48,68,170,238,480,1614,2094,2019,4950,6969,8118,13169,21287,18249,25439,43688,52335,54483,106818
158,14,29,43,62,136,198,472,1556,2028,1990,4796,6786,8554,12928,21482,18885,24812,43697,53462,54545,108007
159,6,29,35,56,182,238,480,1679,2159,2152,5037,7189,8666,13313,21979,18987,25858,44845,53446,55652,109098
160,10,63,73,48,203,251,416,1690,2106,1931,4965,6896,8229,13643,21872,18378,25554,43932,52189,54792,106981
161,6,32,38,62,152,214,429,1480,1909,1995,4762,6757,8561,13171,21732,19091,25387,44478,53336,54368,107704
162,16,33,49,53,176,229,433,1544,1977,2004,4723,6727,8343,13244,21587,18612,25522,44134,52432,55132,107564
163,11,36,47,58,154,212,450,1594,2044,2054,4843,6897,8406,13314,21720,18832,25381,44213,52850,55548,108398
164,13,39,52,59,182,241,443,1658,2101,2051,4892,6943,8381,13039,21420,19050,25378,44428,53556,55094,108650
165,13,33,46,60,162,222,459,1577,2036,1909,4894,6803,8324,13185,21509,18694,25311,44005,53664,54865,108529
166,12,48,60,52,177,229,416,1671,2087,1869,4846,6715,8275,13020,21295,18418,24973,43391,52534,53975,106509
167,15,29,44,49,178,227,372,1558,1930,1900,4693,6593,7889,13231,21120,18260,25315,43575,52123,54472,106595
168,15,32,47,57,161,218,386,1599,1985,1895,4878,6773,8281,13313,21594,18376,25607,43983,52724,54922,107646
169,16,34,50,65,172,237,460,1651,2111,1881,4931,6812,8113,13263,21376,18170,25487,43657,51742,54640,106382
170,17,40,57,75,168,243,498,1572,2070,2106,4608,6714,8560,12976,21536,18678,25145,43823,52727,53845,106572
171,18,39,57,68,190,258,470,1577,2047,2011,4839,6850,8436,12998,21434,18641,25481,44122,53352,54736,108088
172,9,41,50,49,190,239,403,1549,1952,1936,4635,6571,8250,12667,20917,18629,24783,43412,52461,54211,106672
173,17,34,51,51,186,237,449,1599,2048,1993,4821,6814,8355,13287,21642,18675,25209,43884,52777,54218,106995
174,5,33,38,65,141,206,453,1527,1980,2003,4612,6615,8376,12752,21128,18572,25189,43761,52526,54710,107236
175,5,34,39,39,160,199,387,1613,2000,1749,4944,6693,7855,13249,21104,18185,25734,43919,52051,54987,107038
176,9,32,41,65,163,228,486,1576,2062,2000,4690,6690,8370,12890,21260,18624,24948,43572,52483,54513,106996
177,13,35,48,56,188,244,445,1679,2124,1943,4887,6830,8107,13273,21380,18393,25562,43955,52159,54379,106538
178,9,38,47,56,185,241,408,1607,2015,1920,4738,6658,8196,12897,21093,18415,24995,43410,52329,55042,107371
179,8,34,42,59,148,207,415,1530,1945,1898,4649,6547,8109,12745,20854,18234,25237,43471,52030,53964,105994
180,9,40,49,44,151,195,436,1471,1907,1999,4813,6812,8424,13160,21584,18921,25325,44246,52778,54311,107089
181,11,38,49,48,193,241,421,1507,1928,1905,4703,6608,8200,12878,21078,18714,25535,44249,52811,54983,107794
182,11,43,54,66,182,248,433,1587,2020,1966,4868,6834,8424,13167,21591,18476,25399,43875,53142,54854,107996
183,16,47,63,56,215,271,416,1637,2053,1916,4889,6805,8040,13005,21045,18491,25196,43687,52554,54475,107029
184,9,43,52,61,179,240,455,1652,2107,1913,4924,6837,8090,13349,21439,18205,25800,44005,52319,55070,107389
185,10,34,44,61,177,238,416,1563,1979,1823,4754,6577,8084,12583,20667,18177,24748,42925,52500,54210,106710
186,14,42,56,60,180,240,411,1482,1893,1939,4797,6736,8286,13209,21495,18827,25254,44081,52823,54578,107401
187,9,46,55,66,179,245,433,1595,2028,1920,4831,6751,8378,12792,21170,18959,25038,43997,53083,53157,106240
188,13,33,46,53,156,209,398,1414,1812,1815,4467,6282,8155,12751,20906,18587,24826,43413,52852,53956,106808
189,14,43,57,52,194,246,409,1688,2097,1893,4741,6634,8134,13126,21260,18536,25404,43940,52642,54964,107606
190,12,40,52,52,177,229,413,1620,2033,1978,4918,6896,8305,13444,21749,18397,25598,43995,52631,56049,108680
191,15,40,55,64,185,249,423,1541,1964,1878,4803,6681,8302,12892,21194,18753,24917,43670,52874,55107,107981
192,12,38,50,58,186,244,431,1578,2009,1885,4865,6750,7932,13188,21120,18163,24663,42826,52516,54005,106521
193,10,33,43,61,147,208,434,1495,1929,1877,4601,6478,8036,12975,21011,18486,25316,43802,52390,54144,106534
194,8,35,43,53,164,217,391,1681,2072,1923,4921,6844,8292,13288,21580,18689,25475,44164,52738,54575,107313
195,10,40,50,71,168,239,457,1606,2063,1941,4882,6823,8396,13359,21755,18511,25299,43810,52570,55347,107917
196,7,46,53,50,219,269,425,1547,1972,1951,4805,6756,8238,13320,21558,18488,25771,44259,52766,55257,108023
197,13,37,50,74,192,266,421,1552,1973,1963,4962,6925,8495,13237,21732,18943,25630,44573,52353,54774,107127
198,11,38,49,55,177,232,415,1568,1983,1967,4768,6735,8409,13107,21516,18601,25295,43896,52438,54320,106758
199,10,37,47,55,166,221,410,1734,2144,1914,4957,6871,8116,13258,21374,18374,25566,43940,52560,54620,107180
200,8,40,48,46,195,241,390,1685,2075,1994,4759,6753,8250,12846,21096,18371,24709,43080,52700,54979,107679
201,14,44,58,65,201,266,400,1620,2020,1873,4877,6750,8177,12870,21047,18477,25089,43566,52865,54564,107429
202,14,32,46,62,178,240,446,1669,2115,2008,4982,6990,8453,13298,21751,18679,25434,44113,53114,54799,107913
203,6,43,49,50,165,215,433,1547,1980,1881,4717,6598,8241,13055,21296,18458,25796,44254,52852,55269,108121
204,9,37,46,53,173,226,416,1596,2012,1947,4855,6802,8305,13124,21429,18671,25591,44262,53089,54711,107800
205,17,28,45,77,151,228,463,1559,2022,1941,4881,6822,8380,13144,21524,18928,25339,44267,53422,55076,108498
206,10,38,48,54,182,236,386,1678,2064,1911,4835,6746,8268,13202,21470,18755,25428,44183,53395,54819,108214
207,12,52,64,69,208,277,440,1577,2017,1935,4855,6790,8167,13210,21377,18621,25383,44004,52250,54655,106905
208,8,45,53,74,193,267,468,1713,2181,1948,5033,6981,8323,13319,21642,18745,25727,44472,53455,54946,108401
209,17,33,50,70,192,262,468,1530,1998,1960,4588,6548,8353,12525,20878,18359,24146,42505,52254,53848,106102
210,16,33,49,60,209,269,412,1673,2085,1925,4875,6800,8350,13216,21566,18630,25449,44079,52860,54751,107611
211,11,29,40,59,159,218,375,1538,1913,1910,4774,6684,8058,12905,20963,18243,24860,43103,52406,54412,106818
212,15,34,49,58,187,245,426,1666,2092,1956,4908,6864,8541,13122,21663,19020,25243,44263,53644,54289,107933
213,10,36,46,58,171,229,361,1481,1842,1801,4656,6457,8029,13198,21227,18264,25326,43590,52830,54665,107495
214,11,46,57,52,193,245,407,1705,2112,1883,4882,6765,8403,13239,21642,18836,25192,44028,53072,54418,107490
215,13,54,67,49,190,239,418,1574,1992,1917,4655,6572,8286,12857,21143,18592,24996,43588,52544,54826,107370
216,4,35,39,52,176,228,379,1623,2002,1943,4861,6804,8123,13091,21214,18419,25448,43867,52869,54398,107267
217,11,47,58,64,164,228,397,1609,2006,1890,4830,6720,8107,13217,21324,18257,25521,43778,51952,54963,106915
218,6,36,42,52,169,221,392,1678,2070,1828,5073,6901,8055,13451,21506,18545,25647,44192,53137,55032,108169
219,12,33,45,52,151,203,397,1579,1976,1954,4849,6803,8249,13360,21609,18786,25758,44544,53133,55115,108248
220,8,28,36,57,148,205,415,1565,1980,1836,4811,6647,8120,13110,21230,17917,25031,42948,52411,54389,106800
221,9,44,53,51,171,222,443,1556,1999,1980,4862,6842,8328,13058,21386,18592,25230,43822,53230,54744,107974
222,6,44,50,44,186,230,392,1592,1984,1826,4804,6630,8081,12778,20859,18236,24995,43231,52157,54243,106400
223,12,38,50,55,179,234,416,1604,2020,1883,4890,6773,8282,13072,21354,18584,25342,43926,52919,55023,107942
224,15,37,52,60,169,229,473,1597,2070,2029,4728,6757,8387,13158,21545,18657,25446,44103,52774,55723,108497
225,9,33,42,52,150,202,455,1562,2017,1935,4674,6609,8168,13001,21169,18462,25497,43959,52423,54325,106748
226,8,32,40,45,145,190,366,1535,1901,1940,4883,6823,8317,13144,21461,18814,25632,44446,53073,55400,108473
227,12,24,36,86,170,256,461,1548,2009,2032,4925,6957,8446,13261,21707,18855,25335,44190,53422,54255,107677
228,9,29,38,51,148,199,422,1560,1982,1864,4793,6657,8319,12927,21246,18401,25362,43763,53047,54490,107537
229,11,39,50,58,189,247,399,1616,2015,1940,4829,6769,8418,12905,21323,18726,25607,44333,53222,54383,107605
230,9,21,30,48,134,182,429,1527,1956,2030,4729,6759,8607,13183,21790,18864,25394,44258,53165,55085,108250
231,7,36,43,58,167,225,446,1547,1993,1972,4903,6875,8102,13092,21194,18326,25220,43546,52486,54990,107476
232,8,35,43,67,162,229,442,1633,2075,1997,4775,6772,8401,13410,21811,18675,25706,44381,52641,54640,107281
233,15,53,68,66,185,251,473,1527,2000,1903,4616,6519,7974,12903,20877,18205,25321,43526,52811,54973,107784
234,8,37,45,58,174,232,432,1610,2042,1990,4843,6833,8424,13139,21563,18772,24893,43665,53359,53853,107212
235,12,38,50,60,171,231,464,1550,2014,2047,4727,6774,8343,13058,21401,18740,25643,44383,52611,54987,107598
236,16,49,65,61,190,251,448,1549,1997,1943,4804,6747,8214,13004,21218,18307,25538,43845,52475,54740,107215
237,9,29,38,60,162,222,414,1542,1956,1951,4749,6700,8599,12891,21490,18881,25087,43968,52693,54730,107423
238,10,34,44,67,181,248,434,1572,2006,1953,4774,6727,8058,13028,21086,18381,25388,43769,52487,54483,106970
239,17,34,51,64,167,231,435,1673,2108,1929,4904,6833,8176,13162,21338,18504,25183,43687,52154,54052,106206
240,9,42,51,53,193,246,450,1669,2119,1991,4956,6947,8310,12842,21152,18668,25199,43867,53104,54867,107971
241,11,36,47,61,188,249,451,1638,2089,2075,4776,6851,8534,12855,21389,18737,24790,43527,52752,54051,106803
242,10,31,41,50,179,229,446,1605,2051,1988,4951,6939,8156,12895,21051,18562,25393,43955,52888,55059,107947
243,13,34,47,53,159,212,365,1555,1920,1827,4813,6640,8088,13009,21097,18363,25284,43647,52708,54068,106776
244,11,43,54,60,212,272,410,1765,2175,1957,5105,7062,8052,13453,21505,17922,25539,43461,52569,54985,107554
245,16,40,56,62,164,226,420,1558,1978,1946,5019,6965,8265,13341,21606,18780,25728,44508,53249,55126,108375
246,9,41,50,48,166,214,436,1530,1966,1994,4940,6934,8055,13161,21216,18282,25419,43701,52150,54116,106266
247,11,41,52,49,178,227,384,1644,2028,1911,4862,6773,8226,13146,21372,18384,25654,44038,52820,55301,108121
248,9,39,48,49,186,235,410,1625,2035,1936,4593,6529,8254,12891,21145,18851,25299,44150,53062,54680,107742
249,9,36,45,49,168,217,413,1612,2025,1972,4833,6805,8285,12691,20976,18680,24265,42945,53190,53379,106569
250,8,42,50,43,181,224,457,1687,2144,1947,5008,6955,8181,13219,21400,18090,25366,43456,52125,54723,106848
251,9,34,43,44,192,236,434,1562,1996,1935,4792,6727,8254,13405,21659,18492,25617,44109,52365,55535,107900
252,15,36,51,60,159,219,442,1476,1918,1961,4756,6717,8276,12883,21159,18359,25093,43452,52349,54134,106483
253,13,38,51,59,192,251,414,1707,2121,1899,4848,6747,8336,13175,21511,18800,25453,44253,52952,55073,108025
254,11,40,51,67,192,259,459,1571,2030,2017,4821,6838,8309,13511,21820,18683,25695,44378,53323,55256,108579
255,16,45,61,68,202,270,457,1659,2116,1991,4905,6896,8481,13365,21846,18868,25765,44633,53260,54734,107994
256,11,36,47,64,195,259,438,1672,2110,1999,4893,6892,8326,13081,21407,18633,25123,43756,53152,54287,107439
257,7,30,37,58,175,233,412,1594,2006,1889,4782,6671,8298,13018,21316,18680,25363,44043,53170,54565,107735
258,5,19,24,64,144,208,409,1541,1950,1898,4790,6688,8034,12752,20786,18091,24920,43011,52175,53941,106116
259,18,37,55,62,182,244,466,1599,2065,1973,4897,6870,8398,12964,21362,19045,25094,44139,53555,54959,108514
260,7,41,48,42,204,246,393,1579,1972,1882,4886,6768,8219,13211,21430,18930,25815,44745,53799,54342,108141
261,8,45,53,61,195,256,411,1602,2013,1970,4802,6772,8392,12929,21321,18813,25027,43840,52972,54444,107416
262,10,40,50,45,156,201,381,1514,1895,1821,4659,6480,7844,12817,20661,18104,25147,43251,51779,53655,105434
263,12,30,42,51,181,232,396,1654,2050,1911,4737,6648,8202,12830,21032,18300,25106,43406,52454,54322,106776
264,12,45,57,77,177,254,452,1578,2030,1998,4885,6883,8286,13240,21526,18489,26095,44584,52354,55384,107738
265,16,40,56,96,186,282,469,1615,2084,1984,4983,6967,7989,13431,21420,17938,25652,43590,51703,55155,106858
266,14,34,48,60,149,209,453,1553,2006,1995,4758,6753,8447,13076,21523,18710,25194,43904,52044,54309,106353
267,6,46,52,50,196,246,420,1629,2049,1979,4884,6863,8304,13167,21471,18453,25573,44026,52194,55077,107271
268,11,36,47,60,174,234,396,1548,1944,1931,4783,6714,8230,13039,21269,18647,24984,43631,52759,54021,106780
269,10,44,54,48,161,209,420,1593,2013,1867,4952,6819,8149,13108,21257,18636,25628,44264,52940,55494,108434
270,14,32,46,55,174,229,421,1663,2084,1911,4948,6859,7927,13328,21255,18097,25566,43663,52583,55256,107839
271,8,42,50,65,173,238,431,1619,2050,1935,4905,6840,8437,13346,21783,18579,25658,44237,52454,55026,107480
272,9,46,55,57,189,246,429,1701,2130,2015,4946,6961,8481,13417,21898,18861,25518,44379,52475,54958,107433
273,14,38,52,52,178,230,440,1711,2151,2012,4873,6885,8300,13290,21590,18770,25388,44158,53928,54801,108729
274,14,41,55,66,166,232,424,1638,2062,1869,4679,6548,8467,12690,21157,18542,25102,43644,52376,53938,106314
275,13,37,50,66,196,262,408,1582,1990,1863,4985,6848,8129,13444,21573,18191,25498,43689,52428,54869,107297
276,7,35,42,47,157,204,429,1572,2001,2015,4715,6730,8372,12848,21220,18865,25169,44034,52720,54562,107282
277,14,27,41,61,166,227,454,1608,2062,1938,4858,6796,8204,13304,21508,18420,25416,43836,52964,55004,107968
278,17,35,52,55,167,222,418,1646,2064,2018,4932,6950,8289,13302,21591,18635,25896,44531,52975,54592,107567
279,9,33,42,66,168,234,422,1628,2050,1862,4893,6755,8057,12852,20909,18404,24736,43140,53016,53745,106761
280,18,23,41,70,153,223,413,1626,2039,1897,4995,6892,8166,13327,21493,18466,25720,44186,52377,54950,107327
281,10,40,50,60,166,226,449,1541,1990,1991,4726,6717,8382,12998,21380,18864,25393,44257,53274,54493,107767
282,11,35,46,68,178,246,417,1486,1903,1857,4767,6624,8079,12738,20817,18356,24806,43162,52080,54028,106108
283,8,27,35,57,166,223,445,1668,2113,1978,4951,6929,8357,13240,21597,18433,25098,43531,52571,54394,106965
284,5,31,36,53,130,183,421,1501,1922,1943,4644,6587,8190,12901,21091,18419,24965,43384,52909,54536,107445
285,14,50,64,66,210,276,441,1738,2179,1899,5151,7050,8162,13614,21776,18187,25693,43880,52728,55316,108044
286,17,29,46,59,153,212,426,1554,1980,1874,4684,6558,8115,12893,21008,18376,25039,43415,52525,54029,106554
287,13,37,50,62,155,217,447,1575,2022,1970,4915,6885,8295,13474,21769,18509,25474,43983,52927,55196,108123
288,11,32,43,57,195,252,430,1663,2093,1933,4920,6853,8318,13219,21537,18392,25375,43767,52150,55073,107223
289,6,29,35,59,161,220,428,1534,1962,1926,4762,6688,8127,12974,21101,18384,25378,43762,51909,54464,106373
290,5,39,44,46,173,219,426,1635,2061,1913,4984,6897,8309,13374,21683,18828,25408,44236,53745,55244,108989
291,11,44,55,46,188,234,387,1695,2082,1878,4984,6862,8107,13085,21192,18117,25110,43227,52608,54377,106985
292,12,36,48,58,186,244,413,1649,2062,2064,4843,6907,8511,13307,21818,18329,25866,44195,52639,54954,107593
293,7,29,36,64,166,230,462,1557,2019,1957,4957,6914,8237,13201,21438,18939,25631,44570,52885,55369,108254
294,24,44,68,79,167,246,441,1591,2032,1923,4874,6797,8198,13160,21358,18698,25352,44050,52773,54771,107544
295,5,43,48,57,169,226,414,1550,1964,1853,4869,6722,8071,13109,21180,18282,25615,43897,52355,54673,107028
296,8,34,42,57,162,219,442,1675,2117,2011,4800,6811,8321,13169,21490,18726,25453,44179,52973,55030,108003
297,5,25,30,44,192,236,421,1532,1953,2001,4727,6728,8212,13303,21515,18534,25855,44389,52581,54967,107548
298,15,40,55,68,162,230,403,1550,1953,1902,4515,6417,8104,12815,20919,18235,25091,43326,52384,54081,106465
299,12,35,47,65,169,234,413,1648,2061,1941,5000,6941,8253,13223,21476,18525,25624,44149,52900,55301,108201
300,12,29,41,68,158,226,433,1546,1979,1901,4843,6744,8066,13174,21240,18339,25183,43522,52335,54039,106374
301,12,25,37,45,155,200,429,1551,1980,1908,4781,6689,8190,12763,20953,18374,25107,43481,51680,54322,106002
302,15,31,46,69,146,215,441,1565,2006,1952,4728,6680,8201,13134,21335,18414,25219,43633,52567,54763,107330
303,12,34,46,46,155,201,405,1547,1952,1845,4715,6560,8094,13019,21113,18315,25077,43392,52991,54040,107031
304,10,27,37,44,153,197,430,1575,2005,1915,4893,6808,8142,13188,21330,18488,25070,43558,53041,54328,107369
305,11,41,52,76,160,236,458,1573,2031,1932,4813,6745,8328,13065,21393,18911,25331,44242,53606,53985,107591
306,11,32,43,61,189,250,398,1568,1966,1817,4828,6645,7898,13183,21081,17896,25111,43007,51397,54509,105906
307,11,43,54,60,180,240,416,1596,2012,1915,4823,6738,8223,13036,21259,18227,25558,43785,52619,54267,106886
308,10,34,44,65,193,258,393,1597,1990,1921,4796,6717,8368,12896,21264,18542,24846,43388,52892,53942,106834
309,13,37,50,66,158,224,437,1434,1871,2001,4517,6518,8280,12503,20783,18218,24768,42986,52487,54226,106713
310,10,39,49,60,158,218,389,1575,1964,1899,4861,6760,8347,13329,21676,18529,25508,44037,53186,54903,108089
311,8,41,49,58,178,236,429,1584,2013,1949,4835,6784,8247,13035,21282,19010,25358,44368,54114,54771,108885
312,12,33,45,47,152,199,420,1536,1956,1989,4735,6724,8146,12908,21054,18647,24737,43384,52158,53321,105479
313,9,30,39,58,185,243,413,1752,2165,1841,4833,6674,8203,13178,21381,18793,25389,44182,53159,53758,106917
314,11,33,44,69,176,245,438,1543,1981,2065,4888,6953,8483,13020,21503,18824,25345,44169,53041,55603,108644
315,10,51,61,48,196,244,421,1659,2080,1959,4768,6727,8185,12984,21169,18511,25307,43818,52826,55181,108007
316,13,31,44,67,155,222,396,1608,2004,1916,4851,6767,8035,13129,21164,18298,25440,43738,51813,54929,106742
317,10,33,43,62,175,237,414,1600,2014,1777,4882,6659,8132,13341,21473,18324,25286,43610,52930,54357,107287
318,8,32,40,64,173,237,429,1675,2104,1997,5048,7045,8369,13814,22183,18672,26388,45060,53265,55483,108748
319,7,32,39,50,186,236,433,1585,2018,1958,4876,6834,8291,13009,21300,18844,25293,44137,52735,54397,107132
320,14,36,50,64,183,247,469,1599,2068,2044,4688,6732,8432,12958,21390,18633,25283,43916,52747,54204,106951
321,8,42,50,43,171,214,419,1571,1990,2008,4849,6857,8216,13282,21498,18584,25308,43892,52744,55089,107833
322,12,40,52,59,171,230,407,1552,1959,1935,4751,6686,8174,12885,21059,18257,25227,43484,52361,53765,106126
323,11,28,39,66,142,208,422,1543,1965,2015,4778,6793,8284,13165,21449,18711,25405,44116,52898,54885,107783
324,8,42,50,57,190,247,423,1726,2149,2004,5021,7025,8159,13426,21585,18381,25975,44356,52256,54998,107254
325,8,45,53,54,194,248,437,1611,2048,2065,4825,6890,8426,13086,21512,18542,25471,44013,53025,55366,108391
326,7,33,40,61,147,208,435,1538,1973,1970,4861,6831,8505,13036,21541,18721,25535,44256,52743,55177,107920
327,12,38,50,70,176,246,419,1721,2140,1880,4985,6865,8197,13509,21706,18776,26058,44834,53027,55465,108492
328,10,46,56,60,194,254,409,1606,2015,1940,4851,6791,8199,13058,21257,18760,25674,44434,53145,54968,108113
329,15,41,56,73,172,245,461,1538,1999,2054,4895,6949,8445,13277,21722,18976,25463,44439,53031,55266,108297
330,7,24,31,53,148,201,454,1558,2012,1946,4692,6638,8247,12868,21115,18897,24687,43584,53104,54245,107349
331,11,38,49,52,163,215,419,1621,2040,1895,4876,6771,8207,13355,21562,18570,25246,43816,52880,54292,107172
332,11,28,39,61,127,188,430,1515,1945,1969,4693,6662,8208,13251,21459,18349,25200,43549,53082,54419,107501
333,11,35,46,68,167,235,462,1662,2124,2060,4873,6933,8668,12957,21625,18921,25391,44312,52951,55235,108186
334,17,35,52,68,157,225,452,1575,2027,1909,4822,6731,8035,13190,21225,18418,25327,43745,51836,54751,106587
335,10,32,42,60,150,210,406,1608,2014,1935,4895,6830,8216,13125,21341,18350,25603,43953,52633,54868,107501
336,13,29,42,68,162,230,492,1577,2069,1934,4734,6668,7960,13127,21087,18402,25295,43697,52677,54389,107066
337,13,36,49,63,156,219,438,1509,1947,1863,4643,6506,8213,12729,20942,18549,24899,43448,52314,53429,105743
338,4,34,38,49,166,215,423,1510,1933,1943,4418,6361,8297,12784,21081,18589,24961,43550,52493,54282,106775
339,5,33,38,54,153,207,446,1542,1988,1933,4668,6601,8203,12978,21181,18495,24985,43480,53000,54246,107246
340,8,45,53,64,173,237,435,1615,2050,2000,4844,6844,8324,13034,21358,18635,25244,43879,52943,54558,107501
341,7,35,42,50,186,236,375,1473,1848,1900,4752,6652,8247,12955,21202,18733,25669,44402,52815,54519,107334
342,9,30,39,47,190,237,448,1629,2077,1955,5076,7031,8283,13247,21530,18552,25542,44094,52656,54528,107184
343,10,33,43,44,170,214,417,1512,1929,1986,4606,6592,8391,12605,20996,18827,24503,43330,53364,54042,107406
344,10,46,56,59,175,234,429,1542,1971,1964,4711,6675,8467,13019,21486,19034,25519,44553,53325,55208,108533
345,18,43,61,60,178,238,487,1692,2179,1981,4814,6795,8162,13241,21403,18275,25506,43781,52106,54703,106809
346,12,44,56,78,204,282,444,1695,2139,1963,4952,6915,8287,13283,21570,18634,25233,43867,52771,54621,107392
347,7,37,44,58,188,246,436,1511,1947,1958,4646,6604,8297,12758,21055,18501,24748,43249,52840,53799,106639
348,13,40,53,56,163,219,445,1525,1970,1952,4850,6802,8230,13086,21316,18589,25462,44051,52772,54877,107649
349,13,34,47,64,196,260,427,1546,1973,1969,4653,6622,8155,12899,21054,18388,25073,43461,52379,54145,106524
350,9,34,43,45,164,209,368,1533,1901,1828,4701,6529,7918,12960,20878,18178,25370,43548,52080,54109,106189
351,7,42,49,55,159,214,407,1511,1918,1903,4715,6618,8525,13305,21830,18951,25813,44764,53359,55012,108371
352,11,27,38,52,178,230,439,1506,1945,1915,4870,6785,8314,13183,21497,18707,25296,44003,52928,54766,107694
353,11,43,54,67,184,251,454,1662,2116,2076,4919,6995,8302,13096,21398,18184,25080,43264,52524,54524,107048
354,11,39,50,54,166,220,381,1658,2039,1823,4831,6654,8168,12790,20958,18535,25267,43802,52876,54738,107614
355,6,37,43,47,158,205,415,1568,1983,1975,4763,6738,8331,13003,21334,18381,25005,43386,52968,54604,107572
356,15,32,47,62,161,223,384,1526,1910,1870,4643,6513,8060,13283,21343,17975,25610,43585,52166,54499,106665
357,8,32,40,59,160,219,446,1660,2106,1922,4968,6890,8273,13719,21992,18714,26217,44931,53151,55371,108522
358,12,26,38,58,142,200,449,1570,2019,1967,4762,6729,8438,13045,21483,18950,25282,44232,52971,54784,107755
359,8,41,49,58,190,248,424,1544,1968,1888,4580,6468,8147,12851,20998,18392,24836,43228,52707,54069,106776
360,7,29,36,56,170,226,380,1582,1962,1945,4892,6837,8562,12892,21454,18621,25359,43980,52395,54348,106743
361,18,36,54,55,148,203,433,1539,1972,1900,4797,6697,8131,12996,21127,18494,25038,43532,52047,53706,105753
362,10,32,42,73,162,235,459,1696,2155,1990,4913,6903,7992,13238,21230,18270,25683,43953,52171,55067,107238
363,17,37,54,72,171,243,433,1546,1979,2036,4775,6811,8418,12802,21220,19188,24970,44158,54225,53986,108211
364,9,33,42,54,169,223,403,1490,1893,1857,4561,6418,7945,13022,20967,17984,25343,43327,51774,54139,105913
365,14,35,49,67,167,234,418,1554,1972,1922,4694,6616,8252,12993,21245,18505,25181,43686,52678,54611,107289
366,15,32,47,64,170,234,430,1633,2063,1889,4866,6755,8319,13324,21643,18717,25784,44501,53587,54850,108437
367,9,33,42,62,156,218,461,1518,1979,2001,4811,6812,8479,12929,21408,19152,25122,44274,53489,54241,107730
368,14,43,57,52,179,231,454,1666,2120,1997,4818,6815,8224,12892,21116,18431,25157,43588,52555,54734,107289
369,12,45,57,56,177,233,449,1551,2000,1891,4734,6625,8119,13018,21137,18317,25302,43619,52432,55169,107601
370,6,37,43,50,169,219,422,1624,2046,1972,4962,6934,8304,12953,21257,18993,25159,44152,53268,54649,107917
371,6,33,39,66,166,232,468,1501,1969,2033,4686,6719,8207,12677,20884,18787,25048,43835,53357,54443,107800
372,15,39,54,59,175,234,449,1583,2032,1892,4835,6727,8256,13232,21488,18639,25934,44573,52576,55609,108185
373,14,30,44,67,157,224,458,1613,2071,2075,4984,7059,8288,13126,21414,18424,25471,43895,52547,54676,107223
374,11,31,42,61,162,223,412,1557,1969,1873,4711,6584,8146,13264,21410,18641,25483,44124,52286,54659,106945
375,11,33,44,62,169,231,415,1529,1944,1998,4910,6908,8205,12982,21187,18244,25211,43455,52626,54114,106740
376,15,34,49,54,162,216,407,1579,1986,1885,4778,6663,8087,12757,20844,18381,24550,42931,52602,54181,106783
377,13,36,49,54,192,246,420,1707,2127,1900,4982,6882,8537,13456,21993,18752,25946,44698,53075,55068,108143
378,11,29,40,65,177,242,390,1616,2006,1915,4881,6796,8228,13018,21246,18609,25351,43960,52451,54272,106723
379,5,43,48,46,201,247,425,1700,2125,2022,5059,7081,8210,13481,21691,18850,25438,44288,53298,55047,108345
380,10,33,43,49,152,201,404,1660,2064,2025,4937,6962,8275,13451,21726,18505,25630,44135,53183,55224,108407
381,16,47,63,71,198,269,413,1668,2081,1893,4929,6822,8095,13496,21591,18032,25450,43482,51527,54685,106212
382,7,38,45,54,164,218,436,1561,1997,1905,4822,6727,8270,13138,21408,18755,25657,44412,52914,54629,107543
383,9,31,40,55,137,192,383,1527,1910,1848,4674,6522,8263,12815,21078,18364,24787,43151,52518,54355,106873
384,9,42,51,51,199,250,417,1638,2055,1856,4863,6719,8019,13081,21100,18475,25462,43937,52987,54806,107793
385,19,30,49,66,162,228,452,1523,1975,1990,4708,6698,8498,13060,21558,18974,25218,44192,53656,53746,107402
386,11,31,42,55,162,217,428,1525,1953,2037,4621,6658,8307,12467,20774,18508,24937,43445,52618,55368,107986
387,11,25,36,52,133,185,425,1698,2123,1888,4753,6641,8313,12852,21165,18445,24957,43402,52698,54438,107136
388,13,31,44,55,149,204,438,1601,2039,1971,4732,6703,8240,12900,21140,18461,25063,43524,51977,54807,106784
389,9,37,46,51,176,227,414,1596,2010,1933,4693,6626,8177,12866,21043,18180,24594,42774,53134,54213,107347
390,10,31,41,50,140,190,399,1571,1970,1886,4775,6661,8251,13361,21612,18469,25831,44300,52588,54840,107428
391,12,42,54,53,172,225,431,1578,2009,1935,4889,6824,8307,13251,21558,18603,25319,43922,52579,54888,107467
392,13,46,59,69,206,275,454,1602,2056,2007,4708,6715,8305,12753,21058,18671,24722,43393,52546,54013,106559
393,12,38,50,59,188,247,407,1586,1993,2024,4820,6844,8332,12785,21117,18706,24906,43612,53038,53879,106917
394,8,33,41,49,175,224,401,1505,1906,1869,4778,6647,8198,12801,20999,18418,24776,43194,52083,54011,106094
395,3,22,25,54,140,194,430,1476,1906,1995,4516,6511,8372,12897,21269,18552,24821,43373,52483,54143,106626
396,13,43,56,68,181,249,457,1711,2168,1978,5122,7100,8249,13442,21691,18747,25743,44490,53215,55339,108554
397,12,40,52,65,190,255,403,1655,2058,1857,5045,6902,7948,13442,21390,18395,25983,44378,51750,54666,106416
398,7,41,48,48,195,243,409,1588,1997,1930,4824,6754,8078,13220,21298,18397,25135,43532,52759,55108,107867
399,8,34,42,59,184,243,409,1662,2071,1988,4923,6911,8431,13320,21751,19129,25258,44387,53733,55006,108739
400,13,45,58,68,172,240,471,1585,2056,1990,4913,6903,8297,13301,21598,18673,25409,44082,52427,55000,107427
401,11,37,48,48,174,222,366,1688,2054,1911,4925,6836,7888,13627,21515,18302,26096,44398,52113,55646,107759
402,13,39,52,52,177,229,427,1683,2110,1962,4807,6769,8145,13225,21370,18437,25312,43749,52607,55119,107726
403,11,50,61,50,192,242,400,1704,2104,1971,5077,7048,8114,13396,21510,18516,26051,44567,52456,55159,107615
404,10,29,39,58,164,222,416,1563,1979,1863,4661,6524,8115,12845,20960,18543,25303,43846,52500,54556,107056
405,12,31,43,53,161,214,471,1566,2037,1975,4738,6713,8255,13157,21412,18412,25447,43859,52354,54257,106611
406,15,29,44,58,157,215,425,1455,1880,1949,4680,6629,8251,12952,21203,18924,25066,43990,53039,54979,108018
407,12,37,49,55,188,243,449,1678,2127,2019,5098,7117,8518,13567,22085,18959,25638,44597,52951,54555,107506
408,13,41,54,64,194,258,436,1592,2028,2011,4707,6718,8283,13037,21320,18817,25329,44146,53114,54714,107828
409,17,35,52,66,177,243,509,1605,2114,2029,4693,6722,8674,12900,21574,19480,25175,44655,54211,54036,108247
410,18,35,53,77,163,240,434,1578,2012,1994,4786,6780,8275,13324,21599,18226,25469,43695,53056,55104,108160
411,15,33,48,58,174,232,420,1566,1986,1926,4640,6566,8193,12826,21019,18142,24973,43115,52888,54175,107063
412,13,30,43,59,164,223,420,1682,2102,1888,5069,6957,8210,13501,21711,18422,25727,44149,52632,55082,107714
413,13,37,50,42,196,238,393,1633,2026,1814,4941,6755,8024,13392,21416,18045,25756,43801,52287,55656,107943
414,9,35,44,56,190,246,388,1626,2014,1901,4850,6751,7994,13318,21312,17998,25958,43956,52292,55720,108012
415,11,48,59,37,176,213,419,1523,1942,1885,4827,6712,8164,12773,20937,18636,24865,43501,52791,53805,106596
416,13,30,43,60,156,216,450,1573,2023,1875,4698,6573,8159,13143,21302,18307,25421,43728,52102,54430,106532
417,8,32,40,55,155,210,432,1610,2042,1828,4739,6567,7982,12983,20965,18251,25217,43468,52834,54586,107420
418,14,41,55,52,167,219,419,1558,1977,2016,4564,6580,8355,12778,21133,18605,25003,43608,52175,54523,106698
419,19,37,56,70,195,265,449,1606,2055,1950,4741,6691,8297,12897,21194,18711,25613,44324,53175,55786,108961
420,12,34,46,64,183,247,463,1650,2113,1968,4954,6922,8175,13274,21449,18253,25869,44122,51708,55321,107029
421,11,34,45,70,165,235,448,1549,1997,2022,4765,6787,8413,12870,21283,18847,24723,43570,52753,54314,107067
422,10,46,56,71,162,233,405,1677,2082,1923,4999,6922,8442,13551,21993,18773,25604,44377,53446,54727,108173
423,9,38,47,54,161,215,430,1664,2094,1893,4831,6724,7946,12939,20885,18393,25144,43537,52997,53858,106855
424,6,39,45,57,157,214,411,1560,1971,1884,4721,6605,8065,12960,21025,18298,25584,43882,53151,54559,107710
425,11,32,43,57,154,211,439,1575,2014,1926,4698,6624,8230,13144,21374,18809,25287,44096,52365,54510,106875
426,15,24,39,64,148,212,406,1552,1958,1914,4807,6721,8269,13032,21301,18504,25481,43985,53210,55086,108296
427,9,43,52,43,155,198,416,1616,2032,1829,4648,6477,8088,12982,21070,18415,25276,43691,52723,54229,106952
428,17,33,50,64,163,227,443,1638,2081,1960,4896,6856,8354,13166,21520,18341,25619,43960,52779,54811,107590
429,15,44,59,56,198,254,402,1492,1894,1940,4533,6473,8242,12547,20789,18327,24694,43021,52223,53908,106131
430,16,35,51,57,173,230,447,1531,1978,1993,4712,6705,8377,12994,21371,18673,25008,43681,53066,54183,107249
431,9,39,48,50,196,246,421,1593,2014,1936,4858,6794,8261,13027,21288,18331,25276,43607,52079,54481,106560
432,23,33,56,69,173,242,428,1533,1961,1933,4684,6617,8360,12818,21178,18575,25258,43833,53363,54325,107688
433,12,46,58,49,203,252,443,1542,1985,1957,4743,6700,8046,13224,21270,18359,25475,43834,52355,54288,106643
434,11,39,50,53,182,235,427,1592,2019,1916,4871,6787,8381,13252,21633,18859,25216,44075,53645,54070,107715
435,13,49,62,57,182,239,426,1592,2018,1878,4727,6605,8105,13038,21143,18509,25440,43949,52839,54640,107479
436,18,33,51,69,178,247,432,1636,2068,1817,4816,6633,7819,12956,20775,18040,25190,43230,52134,54365,106499
437,11,33,44,58,161,219,409,1656,2065,1997,4889,6886,8209,13373,21582,18597,25874,44471,52884,55062,107946
438,12,45,57,43,166,209,397,1567,1964,1981,4776,6757,8218,12935,21153,18346,25062,43408,52679,54398,107077
439,7,49,56,56,185,241,417,1658,2075,1880,4854,6734,8130,12965,21095,18147,25425,43572,52471,54297,106768
440,15,42,57,70,189,259,455,1669,2124,1918,5191,7109,8244,13622,21866,18752,26029,44781,53459,55445,108904
441,7,35,42,58,185,243,394,1628,2022,1886,4847,6733,8003,13200,21203,18196,26074,44270,52200,54996,107196
442,14,40,54,76,193,269,475,1558,2033,1932,4664,6596,8455,12589,21044,18620,24954,43574,52292,54160,106452
443,12,36,48,59,153,212,399,1627,2026,1836,4816,6652,8041,12985,21026,18222,25326,43548,52045,54781,106826
444,16,43,59,62,193,255,444,1587,2031,1994,4741,6735,8128,13008,21136,18438,25032,43470,52705,54004,106709
445,11,30,41,63,171,234,508,1708,2216,2033,4924,6957,8216,13163,21379,18555,25333,43888,53446,54608,108054
446,14,34,48,53,176,229,412,1531,1943,1925,4658,6583,8285,12764,21049,18650,25095,43745,53196,54431,107627
447,7,30,37,44,151,195,414,1466,1880,1874,4589,6463,8130,12380,20510,18439,24449,42888,52268,53754,106022
448,11,30,41,58,149,207,399,1509,1908,1886,4790,6676,8412,12791,21203,18573,24814,43387,52959,54374,107333
449,11,40,51,61,177,238,435,1514,1949,1981,4622,6603,8441,12903,21344,18702,25164,43866,53077,54260,107337
450,15,32,47,70,160,230,457,1564,2021,2058,4731,6789,8503,13042,21545,18736,24977,43713,52729,53971,106700
451,7,47,54,43,182,225,420,1536,1956,1881,4835,6716,8222,12848,21070,18576,24828,43404,52905,54487,107392
452,9,47,56,53,198,251,396,1642,2038,1868,4880,6748,8223,13167,21390,18558,25351,43909,52599,54592,107191
453,13,38,51,56,181,237,404,1507,1911,1921,4639,6560,8395,12863,21258,18753,24991,43744,52521,54531,107052
454,12,38,50,66,170,236,398,1618,2016,1814,4969,6783,8181,13501,21682,18467,25809,44276,52461,55863,108324
455,12,37,49,53,166,219,411,1590,2001,1884,4942,6826,8312,13356,21668,18639,26027,44666,52653,55478,108131
456,9,28,37,51,180,231,437,1780,2217,1912,5233,7145,8093,13707,21800,18672,25850,44522,52713,55144,107857
457,10,37,47,59,166,225,442,1588,2030,1862,4923,6785,8134,13265,21399,18089,26129,44218,52234,55911,108145
458,9,33,42,52,170,222,395,1610,2005,1900,4839,6739,8279,12781,21060,18344,25111,43455,52875,54033,106908
459,14,32,46,73,159,232,442,1519,1961,1978,4636,6614,8321,12905,21226,18779,24995,43774,53226,54514,107740
460,12,32,44,71,180,251,480,1478,1958,2022,4739,6761,8364,12669,21033,19122,25080,44202,52501,54095,106596
461,16,35,51,55,182,237,409,1643,2052,1926,4998,6924,8021,12729,20750,18438,25137,43575,53385,54185,107570
462,16,36,52,62,184,246,442,1586,2028,1918,4846,6764,8362,13203,21565,18782,25693,44475,52700,55150,107850
463,10,50,60,58,185,243,406,1596,2002,1914,4726,6640,8449,12921,21370,18748,24842,43590,52747,54135,106882
464,13,28,41,50,138,188,426,1480,1906,1861,4600,6461,7928,12838,20766,17990,25132,43122,52208,54555,106763
465,8,40,48,41,175,216,442,1601,2043,1947,4871,6818,8163,13029,21192,18591,25294,43885,53237,54726,107963
466,16,32,48,59,185,244,438,1526,1964,1869,4918,6787,8158,13390,21548,18535,25421,43956,52625,54527,107152
467,13,30,43,53,153,206,431,1464,1895,1947,4720,6667,8491,13254,21745,18886,25255,44141,53477,54923,108400
468,12,47,59,69,175,244,457,1528,1985,2016,4759,6775,8727,13044,21771,19105,25156,44261,52542,54662,107204
469,13,44,57,67,203,270,465,1693,2158,2057,5005,7062,8444,13402,21846,18578,25609,44187,53072,55422,108494
470,14,32,46,57,164,221,405,1536,1941,1952,4802,6754,8524,13371,21895,18817,25258,44075,53309,54945,108254
471,13,38,51,47,160,207,437,1584,2021,1972,4727,6699,8049,13120,21169,18335,24500,42835,52755,54491,107246
472,12,38,50,56,189,245,445,1704,2149,1958,5185,7143,8140,13565,21705,18541,25816,44357,53264,54710,107974
473,7,36,43,61,168,229,474,1653,2127,1917,4790,6707,8192,13084,21276,18740,25382,44122,52870,54613,107483
474,9,34,43,47,174,221,412,1710,2122,1894,4825,6719,8058,13055,21113,18277,25256,43533,52801,54970,107771
475,15,33,48,62,174,236,481,1549,2030,1993,4769,6762,8424,12749,21173,18875,25184,44059,52657,54608,107265
476,5,29,34,51,139,190,434,1515,1949,2017,4787,6804,8288,13237,21525,18706,25458,44164,52816,54717,107533
477,13,30,43,41,198,239,398,1707,2105,1919,5097,7016,8211,13635,21846,18429,25636,44065,52316,54856,107172
478,12,42,54,62,159,221,410,1633,2043,1892,4770,6662,8283,12904,21187,18623,25147,43770,52876,54547,107423
479,10,42,52,54,174,228,430,1664,2094,1945,4888,6833,8047,13005,21052,18267,25390,43657,52438,55290,107728
480,16,49,65,62,193,255,493,1592,2085,1988,4974,6962,8273,13461,21734,18415,25347,43762,52757,54509,107266
481,12,33,45,48,162,210,429,1508,1937,1870,4699,6569,8124,12948,21072,18490,25208,43698,52150,55344,107494
482,8,34,42,53,183,236,411,1627,2038,2009,4885,6894,8197,13178,21375,18384,24970,43354,52722,54256,106978
483,6,39,45,64,163,227,459,1518,1977,1970,4586,6556,8328,12797,21125,18378,24984,43362,52456,53297,105753
484,10,35,45,57,178,235,421,1583,2004,1953,4715,6668,8157,12836,20993,18454,24892,43346,52900,54182,107082
485,6,32,38,52,161,213,416,1549,1965,1908,4768,6676,8235,13156,21391,18717,25340,44057,53771,54395,108166
486,9,36,45,57,157,214,464,1582,2046,2025,4722,6747,8346,13412,21758,18460,25620,44080,52101,55331,107432
487,10,31,41,59,152,211,429,1598,2027,1930,4682,6612,8244,12824,21068,18345,25397,43742,52397,54729,107126
488,8,33,41,55,176,231,408,1560,1968,1920,4771,6691,8168,12774,20942,18726,25064,43790,53463,55068,108531
489,11,47,58,49,207,256,388,1662,2050,1902,4874,6776,8294,12924,21218,18581,24891,43472,52985,54392,107377
490,10,26,36,61,160,221,431,1506,1937,1982,4538,6520,8138,12888,21026,18604,24957,43561,52950,54541,107491
491,10,41,51,54,176,230,431,1576,2007,1813,4818,6631,8104,13350,21454,18159,25670,43829,52640,54867,107507
492,12,39,51,67,183,250,469,1506,1975,2025,4719,6744,8340,12620,20960,18613,24549,43162,52770,53186,105956
493,17,34,51,86,184,270,450,1596,2046,1960,4891,6851,8328,13393,21721,18589,25679,44268,52108,54793,106901
494,19,28,47,65,163,228,416,1588,2004,1933,4714,6647,8277,12979,21256,18355,25262,43617,52459,54254,106713
495,11,38,49,59,181,240,421,1604,2025,1917,4924,6841,8088,13220,21308,18215,25584,43799,52166,54636,106802
496,10,20,30,51,138,189,456,1547,2003,1934,4772,6706,8141,12947,21088,18335,25333,43668,52408,54448,106856
497,11,45,56,64,167,231,388,1604,1992,1953,4806,6759,8383,13282,21665,18834,25424,44258,52924,54847,107771
498,14,47,61,64,171,235,446,1560,2006,1954,4814,6768,8237,13284,21521,18472,25752,44224,52882,55018,107900
499,17,38,55,60,180,240,468,1704,2172,2037,5086,7123,8455,13217,21672,18633,25563,44196,52824,54794,107618
500,13,29,42,68,161,229,455,1516,1971,2004,4745,6749,8416,12916,21332,18714,25353,44067,53398,54932,108330
501,12,42,54,58,174,232,406,1641,2047,1904,4952,6856,8267,13213,21480,18489,25442,43931,52077,54880,106957
502,13,46,59,66,170,236,478,1543,2021,2096,4712,6808,8266,13140,21406,18390,25763,44153,52994,54519,107513
503,9,34,43,49,177,226,399,1601,2000,1951,4795,6746,8267,13043,21310,18524,25126,43650,53131,54199,107330
504,11,46,57,52,180,232,457,1542,1999,1986,4868,6854,8452,12914,21366,18530,25109,43639,52957,54585,107542
505,17,39,56,53,170,223,422,1595,2017,1898,4914,6812,8211,13464,21675,18315,25788,44103,52650,55154,107804
506,7,31,38,51,143,194,405,1511,1916,1942,4798,6740,8054,13244,21298,18414,25471,43885,52299,55039,107338
507,13,32,45,65,158,223,436,1550,1986,1969,4591,6560,8054,12729,20783,18676,24873,43549,52927,53113,106040
508,10,34,44,45,153,198,372,1558,1930,1840,4651,6491,8194,13393,21587,18496,25315,43811,52813,53825,106638
509,15,38,53,74,197,271,419,1605,2024,1909,4895,6804,8240,13575,21815,19024,25900,44924,53035,54995,108030
510,12,46,58,54,198,252,413,1602,2015,1988,4589,6577,8401,12663,21064,18673,24582,43255,53344,54421,107765
511,6,45,51,49,171,220,438,1595,2033,1916,4940,6856,8297,13232,21529,18882,25846,44728,53440,54785,108225
512,13,42,55,55,181,236,436,1642,2078,1937,4895,6832,8346,13008,21354,18723,25370,44093,53507,55174,108681
513,13,29,42,69,190,259,493,1594,2087,2092,4926,7018,8523,12828,21351,18917,25011,43928,53023,54212,107235
514,16,29,45,58,175,233,435,1609,2044,1959,4716,6675,8404,13179,21583,18871,25485,44356,53210,55116,108326
515,8,31,39,51,166,217,445,1547,1992,2012,4815,6827,8359,13136,21495,18633,25405,44038,52931,54277,107208
516,10,45,55,46,181,227,451,1630,2081,2086,4797,6883,8627,13334,21961,19208,25430,44638,53706,54898,108604
517,14,34,48,67,186,253,408,1554,1962,1932,4880,6812,8028,13268,21296,18399,25753,44152,53106,54862,107968
518,12,31,43,68,151,219,408,1629,2037,1851,4763,6614,8047,12965,21012,18235,25126,43361,52289,54344,106633
519,13,38,51,68,173,241,439,1404,1843,2036,4597,6633,8287,12699,20986,18404,25035,43439,53123,54769,107892
520,14,29,43,55,149,204,392,1554,1946,1897,4752,6649,8351,12843,21194,18849,25286,44135,53664,55208,108872
521,10,43,53,56,161,217,428,1517,1945,1974,4721,6695,8414,12862,21276,18952,25108,44060,53362,54767,108129
522,15,38,53,59,201,260,391,1623,2014,1853,4779,6632,8015,13089,21104,18002,25179,43181,51924,54323,106247
523,7,21,28,42,148,190,380,1513,1893,1942,4663,6605,8342,13083,21425,18703,25421,44124,53231,54058,107289
524,14,35,49,51,160,211,438,1535,1973,1940,4821,6761,8290,12941,21231,18445,25348,43793,53155,55114,108269
525,18,32,50,59,152,211,392,1545,1937,1961,4707,6668,8296,13030,21326,18573,25127,43700,52597,54339,106936
526,12,40,52,53,190,243,429,1600,2029,1931,5068,6999,8233,13656,21889,18332,26035,44367,52639,55227,107866
527,11,38,49,47,188,235,411,1497,1908,1928,4821,6749,8047,13307,21354,18260,25510,43770,52874,54817,107691
528,13,44,57,70,207,277,430,1489,1919,1867,4873,6740,8308,13117,21425,18756,25402,44158,52854,54815,107669
529,12,25,37,54,147,201,444,1540,1984,1899,4840,6739,8364,12902,21266,18733,24949,43682,52658,54274,106932
530,13,44,57,46,169,215,430,1549,1979,1931,4591,6522,8097,12580,20677,18432,24618,43050,53090,54163,107253
531,17,42,59,76,161,237,486,1610,2096,1958,4785,6743,8252,13119,21371,18546,25203,43749,53452,54643,108095
532,14,24,38,50,157,207,451,1607,2058,2001,5011,7012,8303,13336,21639,18632,25546,44178,53171,55480,108651
533,10,41,51,60,170,230,418,1562,1980,1899,4667,6566,8118,12855,20973,18514,25126,43640,52199,54417,106616
534,13,37,50,60,206,266,456,1551,2007,1942,4798,6740,8312,13121,21433,18763,25291,44054,53141,54849,107990
535,10,34,44,55,185,240,415,1555,1970,2000,4876,6876,8486,13201,21687,18689,25290,43979,52973,54991,107964
536,12,30,42,47,184,231,406,1551,1957,1873,4751,6624,8096,13250,21346,18020,25152,43172,51934,54865,106799
537,15,32,47,65,164,229,417,1489,1906,1925,4698,6623,8293,12683,20976,18370,24674,43044,52405,54140,106545
538,7,33,40,50,187,237,434,1636,2070,1993,4919,6912,8469,13103,21572,18767,25290,44057,53234,54358,107592
539,13,36,49,58,173,231,471,1669,2140,2013,4843,6856,8318,13164,21482,18526,25377,43903,52596,54408,107004
540,9,42,51,53,154,207,416,1593,2009,1878,4738,6616,8453,13133,21586,18399,25273,43672,52423,54434,106857
541,11,34,45,47,158,205,439,1582,2021,1952,4796,6748,8221,12972,21193,18723,25001,43724,52833,54808,107641
542,10,29,39,67,167,234,426,1599,2025,2000,4852,6852,8489,13084,21573,19070,25249,44319,52792,54640,107432
543,9,38,47,52,182,234,445,1670,2115,1903,5095,6998,8192,13612,21804,18275,25398,43673,52072,54982,107054
544,14,34,48,54,174,228,419,1543,1962,1894,4632,6526,8275,12945,21220,18472,24817,43289,53080,54228,107308
545,20,38,58,64,194,258,448,1629,2077,2045,4899,6944,8321,13040,21361,18726,25084,43810,53139,54446,107585
546,14,49,63,64,210,274,448,1650,2098,2016,4673,6689,8418,12788,21206,18584,24781,43365,53329,53782,107111
547,9,45,54,50,188,238,429,1632,2061,1951,4881,6832,8344,13040,21384,18692,25149,43841,53521,55050,108571
548,14,39,53,63,178,241,448,1567,2015,1987,4759,6746,8333,12968,21301,18677,25318,43995,52685,54241,106926
549,11,19,30,59,139,198,437,1551,1988,1895,4635,6530,8229,13003,21232,18885,25231,44116,53347,54925,108272
550,7,43,50,56,208,264,413,1651,2064,1800,4930,6730,7829,13302,21131,17955,25516,43471,52161,54510,106671
551,11,40,51,61,180,241,418,1613,2031,1984,4898,6882,8469,13040,21509,18874,25489,44363,52840,54476,107316
552,12,26,38,45,169,214,457,1592,2049,1921,4941,6862,8041,13260,21301,18609,25601,44210,52856,54286,107142
553,12,42,54,59,192,251,439,1621,2060,1979,4939,6918,8123,13543,21666,18231,25749,43980,52278,54866,107144
554,14,33,47,50,192,242,435,1563,1998,1827,4755,6582,8097,13046,21143,18654,25215,43869,53001,54577,107578
555,10,27,37,62,179,241,409,1777,2186,1925,4947,6872,7895,13228,21123,18017,25383,43400,51840,54284,106124
556,6,38,44,53,200,253,401,1571,1972,1990,4718,6708,8398,12793,21191,18636,25006,43642,53149,54683,107832
557,19,26,45,70,166,236,425,1490,1915,2006,4639,6645,8459,12658,21117,18753,24877,43630,53308,54326,107634
558,20,41,61,78,179,257,459,1601,2060,2057,4907,6964,8548,13158,21706,18824,25380,44204,53281,54266,107547
559,6,28,34,59,171,230,413,1567,1980,1833,4829,6662,8086,12986,21072,18596,25237,43833,53518,54637,108155
560,11,31,42,62,190,252,435,1562,1997,1956,4700,6656,8540,12769,21309,18973,24662,43635,53141,54279,107420
561,16,43,59,57,210,267,425,1590,2015,1899,4663,6562,8051,12930,20981,18272,25032,43304,52392,54669,107061
562,13,36,49,53,174,227,452,1693,2145,1985,5094,7079,8441,13698,22139,18732,25776,44508,52442,54854,107296
563,12,43,55,56,194,250,399,1593,1992,1850,4906,6756,8126,13190,21316,18590,25992,44582,52609,54880,107489
564,14,66,80,67,188,255,425,1578,2003,1939,4923,6862,8284,13190,21474,18662,25560,44222,53101,55148,108249
565,14,40,54,65,178,243,429,1648,2077,1982,4929,6911,8167,13214,21381,18611,25951,44562,52574,54857,107431
566,6,29,35,64,135,199,479,1611,2090,2044,4757,6801,8397,12924,21321,18851,24894,43745,52848,55001,107849
567,11,43,54,67,166,233,453,1609,2062,2014,4861,6875,8268,13075,21343,18513,25251,43764,53200,54871,108071
568,14,30,44,49,137,186,426,1474,1900,1961,4580,6541,8398,12625,21023,18600,25057,43657,53076,54254,107330
569,14,36,50,52,168,220,422,1600,2022,1897,4621,6518,8114,12706,20820,18204,25243,43447,52137,54181,106318
570,10,33,43,60,192,252,457,1609,2066,1942,4982,6924,8233,13071,21304,18695,25272,43967,52750,54799,107549
571,8,39,47,47,180,227,405,1554,1959,1921,4800,6721,8245,13079,21324,18761,25282,44043,53046,54639,107685
572,10,33,43,52,159,211,411,1583,1994,1915,4757,6672,8097,13040,21137,18175,25182,43357,52225,53910,106135
573,12,36,48,70,171,241,435,1631,2066,1969,4894,6863,8049,12814,20863,18058,24728,42786,52065,54241,106306
574,12,33,45,60,191,251,403,1717,2120,1914,4962,6876,8269,13287,21556,18273,25490,43763,51891,55084,106975
575,13,41,54,63,183,246,440,1699,2139,1905,4878,6783,8128,12952,21080,18292,25165,43457,52227,54559,106786
576,16,38,54,72,166,238,436,1546,1982,1944,4779,6723,8134,13248,21382,18131,25300,43431,51968,55106,107074
577,11,41,52,63,177,240,427,1592,2019,1915,4864,6779,8351,13027,21378,18448,25510,43958,52567,54493,107060
578,18,32,50,55,165,220,421,1639,2060,1926,4928,6854,8148,12849,20997,18316,25281,43597,51962,54602,106564
579,17,22,39,57,144,201,426,1517,1943,1944,4698,6642,8070,13067,21137,18498,25350,43848,52731,54549,107280
580,11,44,55,52,178,230,366,1580,1946,1929,4821,6750,8081,12799,20880,18362,25159,43521,52243,55019,107262
581,11,31,42,53,172,225,443,1595,2038,1961,4928,6889,8266,13403,21669,18311,25857,44168,52954,55253,108207
582,5,38,43,50,172,222,420,1651,2071,1948,4845,6793,8291,12911,21202,18751,25003,43754,52490,54365,106855
583,16,55,71,55,184,239,428,1573,2001,1876,4696,6572,8129,13216,21345,18397,25517,43914,53623,54970,108593
584,9,39,48,46,172,218,474,1504,1978,1989,4725,6714,8465,13202,21667,18672,25081,43753,53131,54677,107808
585,12,31,43,54,171,225,443,1562,2005,2032,4855,6887,8475,13078,21553,19177,25080,44257,53186,54086,107272
586,15,35,50,63,205,268,433,1568,2001,1883,4798,6681,8116,13356,21472,18559,25414,43973,53525,55702,109227
587,14,39,53,52,188,240,449,1744,2193,1978,5038,7016,8163,13472,21635,18377,25855,44232,52227,55464,107691
588,5,36,41,59,159,218,418,1478,1896,1898,4750,6648,8134,13241,21375,18324,25258,43582,52829,54378,107207
589,7,27,34,47,155,202,413,1597,2010,1906,4973,6879,8175,13133,21308,18250,25168,43418,52735,54466,107201
590,12,34,46,66,155,221,482,1618,2100,2012,4695,6707,8447,13014,21461,18887,25601,44488,52530,54764,107294
591,17,40,57,72,172,244,395,1639,2034,1943,4899,6842,8090,13272,21362,18208,25587,43795,52424,54982,107406
592,8,33,41,48,178,226,410,1611,2021,1879,4878,6757,7832,12819,20651,18105,24956,43061,51982,54721,106703
593,10,30,40,56,162,218,428,1636,2064,1970,4987,6957,8307,13413,21720,18622,25420,44042,52912,54702,107614
594,10,42,52,53,162,215,412,1496,1908,1919,4652,6571,8176,13302,21478,18430,25424,43854,53266,54710,107976
595,10,33,43,47,152,199,450,1583,2033,2011,4827,6838,8237,12976,21213,18488,25293,43781,52786,55052,107838
596,11,40,51,66,152,218,411,1531,1942,2022,4616,6638,8316,12752,21068,19068,25199,44267,53012,54718,107730
597,16,30,46,54,184,238,428,1587,2015,1900,4677,6577,8293,12802,21095,18604,24847,43451,52789,54192,106981
598,16,35,51,67,177,244,430,1658,2088,2062,4839,6901,8485,12959,21444,18959,25012,43971,53216,54394,107610
599,18,36,54,70,189,259,429,1616,2045,1987,5049,7036,8345,13451,21796,18691,25653,44344,52879,54473,107352
600,11,24,35,51,147,198,449,1479,1928,1947,4662,6609,8178,13052,21230,18703,25243,43946,52628,54536,107164
601,9,35,44,51,168,219,403,1598,2001,1911,4622,6533,8215,12634,20849,18326,24920,43246,52715,53940,106655
602,9,48,57,52,185,237,434,1495,1929,1886,4636,6522,8245,12884,21129,18555,25041,43596,53425,54502,107927
603,10,30,40,66,186,252,450,1630,2080,1870,4929,6799,8339,13461,21800,18917,25657,44574,53652,55558,109210
604,10,36,46,64,199,263,467,1638,2105,2049,4848,6897,8371,13133,21504,18530,25413,43943,53276,54961,108237
605,8,32,40,56,136,192,420,1558,1978,1914,4781,6695,8367,13276,21643,18408,25479,43887,52852,55001,107853
606,17,33,50,54,157,211,451,1551,2002,1985,4723,6708,8301,13013,21314,18478,25042,43520,52368,54113,106481
607,10,36,46,54,166,220,436,1618,2054,2031,4744,6775,8469,12913,21382,18868,25181,44049,53332,54519,107851
608,14,33,47,56,184,240,415,1576,1991,1956,4852,6808,8499,13313,21812,18818,25549,44367,53510,54453,107963
609,11,32,43,52,164,216,433,1634,2067,1960,4931,6891,8235,13570,21805,18325,26127,44452,52840,54598,107438
610,18,39,57,60,178,238,435,1592,2027,1999,4787,6786,8360,13185,21545,18752,25440,44192,53086,54501,107587
611,9,37,46,57,169,226,474,1647,2121,1954,4873,6827,8191,13161,21352,18777,25218,43995,53589,54425,108014
612,13,35,48,63,163,226,434,1580,2014,1898,4813,6711,8052,12991,21043,18564,25091,43655,52503,54578,107081
613,6,38,44,49,169,218,389,1507,1896,1856,4684,6540,8042,13162,21204,18103,25109,43212,52321,53568,105889
614,12,37,49,44,181,225,415,1590,2005,1933,4865,6798,8291,13036,21327,18552,25362,43914,52939,53988,106927
615,14,24,38,61,166,227,401,1609,2010,1948,4906,6854,8247,13106,21353,18964,25654,44618,53644,54638,108282
616,14,28,42,69,147,216,425,1545,1970,1931,4795,6726,8196,13104,21300,18546,25494,44040,53308,54852,108160
617,7,29,36,51,177,228,408,1526,1934,1883,4600,6483,8282,12870,21152,18627,24792,43419,52564,54428,106992
618,12,46,58,67,193,260,440,1654,2094,2018,4879,6897,8165,13356,21521,18309,25499,43808,52623,55057,107680
619,13,25,38,67,168,235,415,1552,1967,1938,4647,6585,8230,13129,21359,18368,25404,43772,52928,55098,108026
620,12,32,44,78,139,217,428,1556,1984,1925,4659,6584,8150,12859,21009,18156,25150,43306,52135,53862,105997
621,11,38,49,57,195,252,424,1522,1946,1989,4862,6851,8092,12868,20960,18625,25190,43815,53014,53975,106989
622,11,25,36,62,174,236,430,1504,1934,1923,4646,6569,8056,12917,20973,18294,25095,43389,52875,54881,107756
623,12,32,44,48,146,194,407,1499,1906,1959,4673,6632,8262,13466,21728,19154,25754,44908,54100,54546,108646
624,9,37,46,57,195,252,421,1652,2073,1984,4733,6717,8333,13103,21436,18353,25089,43442,52347,54694,107041
625,9,26,35,51,164,215,415,1668,2083,1922,4914,6836,8428,13195,21623,18961,25254,44215,53132,54525,107657
626,7,48,55,49,184,233,406,1675,2081,1805,4956,6761,8251,13111,21362,18640,25494,44134,52845,54986,107831
627,9,37,46,53,168,221,440,1612,2052,1991,4852,6843,8302,13245,21547,18514,25623,44137,52799,54710,107509
628,6,35,41,50,132,182,402,1487,1889,1942,4623,6565,8401,12624,21025,18782,24328,43110,52326,53939,106265
629,13,36,49,68,169,237,427,1676,2103,1948,5044,6992,8410,13485,21895,18867,25693,44560,52926,55035,107961
630,11,39,50,52,173,225,400,1665,2065,1954,4979,6933,8046,13270,21316,18478,25019,43497,53398,54371,107769
631,6,35,41,52,155,207,395,1520,1915,1960,4735,6695,8157,13003,21160,18139,25631,43770,51835,54896,106731
632,13,46,59,53,198,251,432,1735,2167,1864,4937,6801,8308,13502,21810,18832,25880,44712,52932,54613,107545
633,13,32,45,59,156,215,421,1560,1981,1862,4822,6684,8243,13025,21268,18292,25084,43376,52223,54267,106490
634,13,40,53,62,180,242,484,1539,2023,2028,4692,6720,8503,12588,21091,19020,24487,43507,53656,53512,107168
635,10,33,43,51,186,237,418,1568,1986,1962,4845,6807,8566,13284,21850,18692,25354,44046,53345,54941,108286
636,18,36,54,61,175,236,476,1618,2094,2048,4778,6826,8457,13004,21461,18695,25356,44051,52908,54690,107598
637,17,29,46,73,156,229,472,1506,1978,2012,4560,6572,8328,12995,21323,18705,25151,43856,52839,54959,107798
638,8,30,38,50,169,219,436,1735,2171,1888,5174,7062,8024,13395,21419,18324,25679,44003,52187,54997,107184
639,10,41,51,55,174,229,439,1673,2112,1958,4933,6891,8313,13114,21427,18709,25230,43939,52980,54665,107645
640,13,30,43,53,168,221,419,1721,2140,1911,4945,6856,8189,13343,21532,18566,25306,43872,52763,54376,107139
641,7,36,43,55,183,238,444,1585,2029,1950,4764,6714,8298,12851,21149,18821,25439,44260,53215,54512,107727
642,12,54,66,66,199,265,437,1596,2033,1995,4673,6668,8361,12731,21092,18816,24826,43642,53404,54125,107529
643,13,46,59,58,175,233,428,1632,2060,1914,4939,6853,8421,12875,21296,18708,24688,43396,52936,53826,106762
644,12,40,52,61,186,247,425,1580,2005,1821,4845,6666,8108,13030,21138,18398,25715,44113,51399,55133,106532
645,9,47,56,66,190,256,438,1560,1998,1959,4771,6730,8236,13200,21436,18789,25370,44159,52736,55163,107899
646,13,44,57,60,186,246,442,1597,2039,1901,4586,6487,8063,12699,20762,18219,25354,43573,52189,54993,107182
647,8,34,42,57,148,205,447,1556,2003,1823,4891,6714,8034,12925,20959,18372,24735,43107,52700,53859,106559
648,11,38,49,51,206,257,427,1660,2087,1949,4952,6901,8405,13419,21824,18884,25517,44401,53414,54813,108227
649,15,29,44,55,161,216,447,1595,2042,1934,4914,6848,8228,13423,21651,18312,25712,44024,52695,55093,107788
650,8,37,45,59,170,229,440,1559,1999,1870,4717,6587,8340,12864,21204,18516,24856,43372,52697,54594,107291
651,15,30,45,65,156,221,455,1576,2031,2138,4798,6936,8590,13286,21876,18797,25721,44518,52375,55130,107505
652,7,40,47,44,169,213,436,1504,1940,2003,4676,6679,8202,13001,21203,18168,25015,43183,52195,53872,106067
653,16,28,44,78,161,239,440,1552,1992,1940,4830,6770,8304,13252,21556,18515,25548,44063,53071,55647,108718
654,12,33,45,61,162,223,459,1558,2017,2017,4759,6776,8492,12799,21291,19112,24898,44010,53329,53527,106856
655,6,47,53,47,182,229,474,1622,2096,2047,4899,6946,8324,13254,21578,18470,25689,44159,52343,54870,107213
656,9,40,49,45,200,245,418,1634,2052,2040,4919,6959,8367,13099,21466,18875,25472,44347,53265,54296,107561
657,17,31,48,66,205,271,457,1620,2077,2134,4765,6899,8443,13239,21682,18776,25759,44535,53107,54898,108005
658,9,30,39,52,150,202,389,1604,1993,1874,4694,6568,8198,13043,21241,18335,25322,43657,52777,54335,107112
659,9,41,50,79,191,270,448,1582,2030,1954,4732,6686,8115,13266,21381,18411,25282,43693,52858,54588,107446
660,7,30,37,41,195,236,405,1654,2059,1918,5032,6950,8315,13313,21628,18659,25672,44331,52663,54848,107511
661,9,34,43,66,179,245,401,1646,2047,1929,4871,6800,8263,13333,21596,18804,25213,44017,53003,54917,107920
662,13,25,38,53,152,205,444,1632,2076,1922,5016,6938,8032,13511,21543,18439,25586,44025,52166,55515,107681
663,18,39,57,52,173,225,418,1673,2091,1935,4991,6926,8268,13094,21362,18507,25230,43737,52608,54685,107293
664,16,28,44,56,155,211,405,1563,1968,1937,4802,6739,8276,13182,21458,18449,25487,43936,52654,54978,107632
665,10,38,48,62,175,237,443,1772,2215,1982,4996,6978,8138,13566,21704,18570,26109,44679,52967,55440,108407
666,7,36,43,45,165,210,356,1625,1981,1864,4947,6811,8061,12934,20995,18489,25116,43605,53184,54350,107534
667,11,36,47,51,168,219,432,1632,2064,1903,4895,6798,7980,13215,21195,18213,25243,43456,52345,54938,107283
668,13,40,53,55,187,242,424,1622,2046,1932,4969,6901,8163,13087,21250,18528,25388,43916,53521,54777,108298
669,9,43,52,44,192,236,388,1752,2140,1951,4780,6731,8422,12921,21343,18601,25284,43885,51786,54928,106714
670,17,38,55,69,173,242,441,1659,2100,1966,4916,6882,8247,13209,21456,18382,24933,43315,51955,54117,106072
671,11,38,49,51,173,224,416,1606,2022,1983,4701,6684,8367,12904,21271,18798,25180,43978,53548,54542,108090
672,19,33,52,70,161,231,462,1497,1959,1925,4659,6584,8312,12795,21107,18880,24846,43726,53180,54152,107332
673,12,36,48,57,163,220,441,1523,1964,2005,4649,6654,7942,12793,20735,17874,25108,42982,52270,54355,106625
674,6,32,38,41,176,217,421,1626,2047,1929,4893,6822,8271,13194,21465,18505,25186,43691,53172,54024,107196
675,14,42,56,55,179,234,421,1584,2005,1928,4747,6675,8325,13190,21515,18683,25484,44167,52831,54560,107391
676,16,49,65,61,219,280,441,1684,2125,1928,5095,7023,8453,13467,21920,19065,25634,44699,53553,54598,108151
677,8,28,36,44,163,207,453,1568,2021,2056,4823,6879,8550,13106,21656,19025,25352,44377,52901,54736,107637
678,14,28,42,72,141,213,432,1559,1991,1899,4729,6628,8171,13437,21608,18591,25829,44420,52818,54274,107092
679,15,31,46,68,177,245,425,1683,2108,1940,4719,6659,8256,12938,21194,18173,25303,43476,51753,54681,106434
680,9,30,39,65,154,219,457,1584,2041,1912,4903,6815,8088,13169,21257,18403,25480,43883,52038,54773,106811
681,12,41,53,61,167,228,450,1518,1968,1965,4648,6613,8132,13114,21246,18143,25418,43561,51682,54997,106679
682,8,42,50,40,210,250,415,1687,2102,1924,4964,6888,8312,13230,21542,18174,25177,43351,52438,54349,106787
683,10,36,46,37,149,186,412,1585,1997,1978,4801,6779,8372,13187,21559,18676,25180,43856,52607,54470,107077
684,11,36,47,61,170,231,407,1484,1891,1851,4630,6481,7890,13030,20920,18303,25487,43790,52448,54443,106891
685,12,44,56,57,167,224,423,1608,2031,1907,4869,6776,8125,12855,20980,18328,25060,43388,52307,54291,106598
686,8,27,35,60,143,203,429,1577,2006,1908,4757,6665,8124,12868,20992,18410,24929,43339,52140,54604,106744
687,14,38,52,68,171,239,447,1657,2104,1987,4975,6962,8370,13091,21461,18884,25271,44155,53052,55038,108090
688,7,35,42,55,167,222,439,1653,2092,1893,4849,6742,8182,13338,21520,18464,25508,43972,51994,54458,106452
689,7,29,36,50,173,223,397,1576,1973,1836,4903,6739,8174,13374,21548,18633,25621,44254,52597,55369,107966
690,7,31,38,57,160,217,420,1682,2102,1940,4976,6916,8214,12973,21187,18342,25139,43481,52056,55023,107079
691,8,39,47,52,159,211,378,1588,1966,1908,4861,6769,8030,13276,21306,18187,25444,43631,53101,54783,107884
692,11,25,36,65,171,236,420,1507,1927,1931,4696,6627,8297,12825,21122,18646,25132,43778,52702,54839,107541
693,12,38,50,66,179,245,441,1641,2082,2050,4843,6893,8663,13245,21908,18612,25367,43979,52827,54434,107261
694,14,44,58,73,202,275,440,1664,2104,2014,4873,6887,8519,13457,21976,18870,25716,44586,53517,55125,108642
695,13,29,42,70,158,228,450,1509,1959,1945,4984,6929,8065,13344,21409,18354,25595,43949,53135,54792,107927
696,14,49,63,64,160,224,436,1530,1966,1992,4737,6729,8389,12992,21381,18578,25301,43879,52675,54223,106898
697,11,44,55,57,197,254,404,1627,2031,1861,4994,6855,8117,13022,21139,18230,25159,43389,52741,54236,106977
698,12,22,34,60,138,198,419,1351,1770,1995,4545,6540,8568,12852,21420,18827,24798,43625,52829,53473,106302
699,15,46,61,52,208,260,438,1612,2050,2005,4675,6680,8413,12965,21378,18443,24949,43392,52362,55090,107452
700,8,37,45,59,171,230,395,1561,1956,1960,4730,6690,8219,12922,21141,18727,25014,43741,52657,53767,106424
701,10,49,59,61,203,264,402,1607,2009,2001,4895,6896,8234,13486,21720,18776,25675,44451,53018,55572,108590
702,7,26,33,58,168,226,413,1587,2000,1865,4831,6696,8317,13089,21406,18866,25430,44296,53621,54707,108328
703,11,46,57,62,178,240,433,1517,1950,1893,4724,6617,8390,13050,21440,18492,24951,43443,52923,54074,106997
704,14,36,50,61,173,234,407,1595,2002,1865,4877,6742,8295,12885,21180,18337,25084,43421,52254,54176,106430
705,8,31,39,61,154,215,427,1524,1951,1881,4757,6638,8264,12946,21210,18314,25298,43612,52047,54795,106842
706,16,38,54,57,180,237,426,1611,2037,1983,4817,6800,8189,13012,21201,18465,25181,43646,51949,54440,106389
707,9,39,48,64,179,243,437,1584,2021,1920,4837,6757,8395,13114,21509,18779,25298,44077,52721,55127,107848
708,15,37,52,58,174,232,387,1534,1921,1924,4854,6778,8137,12980,21117,18437,25406,43843,52995,54668,107663
709,19,23,42,71,160,231,441,1639,2080,1944,5065,7009,8116,13417,21533,18685,25800,44485,53189,55091,108280
710,17,33,50,66,161,227,407,1619,2026,1859,5009,6868,8115,13364,21479,18201,25901,44102,52473,55395,107868
711,8,42,50,58,162,220,487,1632,2119,2026,4934,6960,8462,13166,21628,18798,25393,44191,52955,54450,107405
712,13,46,59,54,178,232,412,1598,2010,1986,4789,6775,8209,12980,21189,18524,25124,43648,53107,53973,107080
713,16,29,45,61,167,228,428,1614,2042,1932,4840,6772,8352,13203,21555,18599,25417,44016,52315,54737,107052
714,7,42,49,56,190,246,379,1694,2073,1771,4866,6637,7934,12897,20831,17917,24605,42522,52304,54503,106807
715,14,41,55,62,187,249,428,1511,1939,1946,4783,6729,8415,12763,21178,18735,24876,43611,52920,54324,107244
716,9,46,55,50,169,219,399,1556,1955,1882,4652,6534,7874,13074,20948,17994,25218,43212,51837,54550,106387
717,13,41,54,73,179,252,425,1647,2072,1932,4841,6773,8002,12860,20862,18174,25096,43270,52361,53939,106300
718,9,29,38,50,189,239,421,1626,2047,1835,4977,6812,7894,13435,21329,18049,25694,43743,52669,54867,107536
719,6,37,43,52,176,228,386,1682,2068,1924,4972,6896,8200,13373,21573,18702,25575,44277,52730,55184,107914
720,10,22,32,57,155,212,376,1682,2058,1852,5059,6911,8017,13334,21351,18117,25565,43682,51930,54883,106813
721,12,25,37,69,168,237,408,1633,2041,1881,4923,6804,8259,13252,21511,18389,25704,44093,52181,54812,106993
722,6,39,45,59,170,229,401,1576,1977,1885,4913,6798,8141,13314,21455,18355,25784,44139,52272,55599,107871
723,16,32,48,77,171,248,444,1626,2070,1967,4960,6927,8320,13200,21520,18849,24912,43761,53384,53768,107152
724,17,23,40,57,142,199,438,1510,1948,1954,4757,6711,8426,12885,21311,18600,25097,43697,53025,54669,107694
725,15,35,50,57,175,232,392,1574,1966,1934,4672,6606,8147,12916,21063,18396,25014,43410,52418,53917,106335
726,8,38,46,59,183,242,440,1553,1993,1956,4793,6749,8131,13040,21171,18413,25208,43621,52374,54732,107106
727,12,44,56,49,166,215,421,1649,2070,1955,4824,6779,8205,12635,20840,18741,25030,43771,53619,54004,107623
728,5,39,44,56,155,211,413,1598,2011,1916,4702,6618,8128,12674,20802,18423,24889,43312,52268,54302,106570
729,6,29,35,69,118,187,496,1396,1892,1978,4504,6482,8215,12477,20692,18387,24553,42940,52688,54044,106732
730,13,32,45,57,148,205,480,1504,1984,1955,4720,6675,8123,13001,21124,18366,25717,44083,52563,55288,107851
731,8,44,52,61,177,238,447,1649,2096,1933,4831,6764,8092,12983,21075,18714,25505,44219,53375,54870,108245
732,10,41,51,54,154,208,430,1464,1894,1946,4584,6530,8302,12601,20903,18428,24838,43266,52567,54766,107333
733,19,37,56,70,185,255,427,1603,2030,1981,4916,6897,8235,12966,21201,18507,25144,43651,52478,54613,107091
734,10,40,50,65,158,223,451,1562,2013,2027,4782,6809,8319,13180,21499,18675,25358,44033,53837,54679,108516
735,9,29,38,43,150,193,461,1429,1890,1977,4766,6743,8398,12876,21274,18708,24808,43516,52843,53638,106481
736,13,31,44,56,179,235,460,1551,2011,1900,4858,6758,8100,12854,20954,18745,24883,43628,53121,53678,106799
737,11,44,55,51,184,235,419,1664,2083,1938,4938,6876,8394,13263,21657,18809,25513,44322,53702,54344,108046
738,13,26,39,67,171,238,451,1650,2101,1912,4928,6840,7969,13228,21197,18355,25336,43691,52265,54125,106390
739,11,37,48,45,168,213,423,1611,2034,1946,5000,6946,8248,13149,21397,18588,25317,43905,52853,54496,107349
740,16,45,61,59,165,224,428,1541,1969,1950,4824,6774,8208,13027,21235,18453,25257,43710,52306,54526,106832
741,7,37,44,49,154,203,402,1554,1956,1862,4598,6460,7894,12937,20831,17928,25344,43272,51763,55075,106838
742,15,42,57,57,170,227,436,1515,1951,2052,4597,6649,8515,12874,21389,18810,25451,44261,53248,54781,108029
743,9,39,48,49,182,231,454,1622,2076,1933,4994,6927,8253,13269,21522,18435,25504,43939,52668,55188,107856
744,8,33,41,56,176,232,445,1638,2083,2021,4838,6859,8227,13007,21234,18593,24926,43519,53216,54406,107622
745,15,39,54,67,199,266,430,1752,2182,2022,5175,7197,8668,13574,22242,19174,26132,45306,52847,54867,107714
746,6,34,40,47,169,216,417,1626,2043,1851,4839,6690,7839,13324,21163,17768,25349,43117,51827,54732,106559
747,11,32,43,60,168,228,432,1608,2040,1900,4887,6787,8180,13143,21323,18537,25206,43743,52712,54399,107111
748,15,44,59,69,169,238,471,1654,2125,1981,4850,6831,8436,13301,21737,18534,25619,44153,52931,55543,108474
749,7,25,32,44,171,215,406,1665,2071,1909,4839,6748,8227,13108,21335,18565,25502,44067,52397,55114,107511
750,12,38,50,46,182,228,426,1588,2014,1947,4886,6833,8409,13221,21630,18529,25325,43854,52650,54712,107362
751,13,35,48,65,164,229,451,1559,2010,1933,4791,6724,8306,12887,21193,18666,24801,43467,52739,54699,107438
752,8,48,56,55,195,250,396,1707,2103,1967,4960,6927,8250,13250,21500,18620,25556,44176,52976,54936,107912
753,11,44,55,44,167,211,412,1611,2023,1958,4927,6885,8301,13053,21354,18727,25321,44048,52742,54543,107285
754,11,25,36,69,177,246,376,1659,2035,1786,4687,6473,7970,12677,20647,18079,24930,43009,51261,54667,105928
755,10,33,43,65,167,232,454,1535,1989,2025,4744,6769,8470,12944,21414,18877,25534,44411,53289,54973,108262
756,14,35,49,63,149,212,460,1610,2070,1966,4973,6939,8197,13481,21678,18508,25719,44227,52763,55238,108001
757,7,35,42,44,175,219,436,1644,2080,1885,4928,6813,8278,13183,21461,18447,25370,43817,52600,54725,107325
758,21,37,58,67,166,233,428,1602,2030,1927,4835,6762,8235,13345,21580,18303,25444,43747,52877,55110,107987
759,18,38,56,62,163,225,466,1637,2103,1964,5042,7006,8327,13680,22007,18891,26060,44951,53403,54955,108358
760,7,46,53,55,189,244,430,1666,2096,2070,5087,7157,8601,13268,21869,18700,25141,43841,52938,53981,106919
761,14,40,54,54,187,241,447,1558,2005,2037,4926,6963,8447,13078,21525,18730,25862,44592,52383,55159,107542
762,10,26,36,69,154,223,473,1632,2105,1962,4844,6806,8391,13281,21672,18400,25924,44324,52681,54896,107577
763,14,35,49,65,184,249,409,1553,1962,1986,4611,6597,8180,12720,20900,18509,25027,43536,52981,55031,108012
764,8,21,29,69,143,212,425,1555,1980,1856,4872,6728,8037,13224,21261,18380,25753,44133,52493,54932,107425
765,19,33,52,57,166,223,433,1703,2136,1805,4966,6771,8047,13009,21056,18551,24942,43493,53380,54221,107601
766,14,52,66,71,177,248,393,1697,2090,1846,4932,6778,7932,13249,21181,18155,25733,43888,51876,55089,106965
767,24,41,65,56,162,218,404,1675,2079,1991,4937,6928,8214,13307,21521,18462,25656,44118,52891,55238,108129
768,12,41,53,51,159,210,400,1667,2067,1852,4927,6779,8132,13199,21331,18579,25792,44371,53010,55326,108336
769,13,40,53,55,161,216,418,1549,1967,1948,4848,6796,8195,13222,21417,17990,25468,43458,51970,54889,106859
770,16,23,39,56,145,201,434,1501,1935,1917,4487,6404,8232,12515,20747,18464,24675,43139,52514,53571,106085
771,7,47,54,43,192,235,401,1641,2042,1896,4875,6771,8204,13119,21323,18884,25329,44213,53370,54895,108265
772,9,43,52,59,188,247,436,1575,2011,1902,4857,6759,8249,12983,21232,18582,25580,44162,52817,54882,107699
773,11,29,40,65,172,237,446,1652,2098,2066,4926,6992,8326,13334,21660,18610,25945,44555,52730,55001,107731
774,8,30,38,50,153,203,430,1643,2073,2019,4758,6777,8187,13128,21315,18714,25446,44160,52658,54868,107526
775,7,26,33,55,172,227,440,1536,1976,1981,4647,6628,8326,13012,21338,18523,25090,43613,52449,53804,106253
776,9,26,35,62,160,222,430,1586,2016,1926,4839,6765,8233,12997,21230,18647,25539,44186,52842,55064,107906
777,7,43,50,39,162,201,368,1666,2034,1880,4782,6662,8193,13046,21239,18506,25245,43751,52268,54091,106359
778,15,17,32,63,158,221,474,1667,2141,1967,4779,6746,8346,12866,21212,18440,25123,43563,52542,54539,107081
779,10,33,43,67,185,252,474,1597,2071,1911,4813,6724,8066,13250,21316,18291,25711,44002,53103,54972,108075
780,18,39,57,61,176,237,435,1525,1960,1928,4577,6505,8025,12452,20477,18241,24454,42695,52248,54099,106347
781,14,36,50,48,184,232,455,1571,2026,1964,4625,6589,8464,12691,21155,18983,24994,43977,53531,54769,108300
782,14,37,51,61,170,231,442,1595,2037,1958,4989,6947,8344,13159,21503,18671,25277,43948,52713,54954,107667
783,12,39,51,55,180,235,399,1670,2069,1928,4790,6718,8311,13153,21464,18600,25159,43759,52512,54165,106677
784,12,39,51,66,159,225,483,1635,2118,2047,4729,6776,8438,13126,21564,18781,25232,44013,52746,54620,107366
785,15,36,51,72,175,247,445,1497,1942,1902,4605,6507,8255,12959,21214,18276,25294,43570,52670,55052,107722
786,15,39,54,62,181,243,439,1619,2058,1938,4821,6759,8263,13063,21326,18635,25795,44430,53243,54263,107506
787,15,39,54,54,197,251,469,1618,2087,1934,4741,6675,8466,12822,21288,18718,25069,43787,52540,54448,106988
788,14,51,65,52,193,245,426,1602,2028,1985,4730,6715,8209,12880,21089,18574,24933,43507,53217,53642,106859
789,17,37,54,69,169,238,455,1582,2037,1960,4800,6760,8294,12999,21293,18718,24936,43654,53112,53825,106937
790,6,44,50,47,181,228,381,1651,2032,1859,4864,6723,8053,13371,21424,18149,25631,43780,51897,55108,107005
791,10,38,48,59,176,235,441,1655,2096,1931,4806,6737,8131,12962,21093,18678,25152,43830,52925,54139,107064
792,11,39,50,48,180,228,454,1745,2199,1957,5034,6991,8340,13498,21838,18885,25893,44778,53336,55176,108512
793,9,45,54,54,179,233,402,1574,1976,1940,4832,6772,8268,13158,21426,18740,25324,44064,52640,54870,107510
794,13,29,42,59,121,180,399,1445,1844,1916,4372,6288,8137,12470,20607,18430,24708,43138,52819,54578,107397
795,10,25,35,60,193,253,494,1557,2051,2019,4641,6660,8263,13284,21547,18586,25626,44212,52345,54799,107144
796,10,49,59,46,182,228,367,1643,2010,1836,4878,6714,8284,13129,21413,18574,25552,44126,52618,54240,106858
797,13,40,53,55,161,216,436,1629,2065,1952,4865,6817,8284,13051,21335,18480,25210,43690,52683,54553,107236
798,6,37,43,47,179,226,385,1598,1983,1806,4696,6502,7996,12830,20826,18225,25089,43314,52213,53954,106167
799,18,33,51,65,177,242,422,1610,2032,1925,4815,6740,8286,12945,21231,18707,25298,44005,53105,54376,107481
800,10,37,47,58,168,226,415,1514,1929,1932,4749,6681,8235,12809,21044,18504,24932,43436,52007,54610,106617
801,14,26,40,59,157,216,433,1535,1968,1968,4809,6777,8396,13227,21623,18753,25461,44214,53342,55377,108719
802,7,50,57,54,187,241,444,1676,2120,1896,4878,6774,8202,12700,20902,18405,24635,43040,52138,53969,106107
803,11,29,40,51,133,184,390,1487,1877,1815,4673,6488,8021,12755,20776,18026,24454,42480,52384,53923,106307
804,9,27,36,64,148,212,437,1588,2025,1903,4871,6774,8224,13045,21269,18538,25299,43837,52618,54567,107185
805,9,38,47,65,171,236,429,1526,1955,1990,4747,6737,8368,13121,21489,18582,25082,43664,53002,54268,107270
806,13,31,44,50,184,234,430,1653,2083,1966,5023,6989,8228,13359,21587,18837,25760,44597,52652,54979,107631
807,14,38,52,64,172,236,432,1649,2081,1912,5022,6934,8278,13367,21645,18443,25557,44000,52692,54616,107308
808,11,37,48,63,157,220,423,1474,1897,1995,4649,6644,8513,12928,21441,19087,25246,44333,53953,54530,108483
809,11,43,54,66,183,249,430,1551,1981,1938,4720,6658,8455,13007,21462,18586,24873,43459,53860,54779,108639
810,9,36,45,64,192,256,401,1623,2024,1861,4885,6746,8136,13213,21349,18447,25273,43720,52583,55299,107882
811,10,31,41,53,168,221,399,1513,1912,1953,4869,6822,8168,13485,21653,18569,25688,44257,52862,55315,108177
812,10,38,48,62,173,235,419,1575,1994,2019,4758,6777,8145,13146,21291,18180,25259,43439,52552,54288,106840
813,18,31,49,74,179,253,444,1596,2040,1999,4891,6890,8123,13224,21347,18272,25407,43679,53001,54655,107656
814,10,45,55,55,191,246,447,1637,2084,1922,4804,6726,8143,13184,21327,18314,25228,43542,52611,54410,107021
815,11,32,43,56,157,213,458,1565,2023,2049,4780,6829,8256,12741,20997,18203,24239,42442,52150,53350,105500
816,11,37,48,57,166,223,406,1556,1962,1913,4720,6633,8131,12928,21059,18536,25130,43666,52560,54629,107189
817,10,37,47,48,167,215,433,1523,1956,1925,4860,6785,8245,13291,21536,18644,25443,44087,52857,54278,107135
818,16,37,53,58,214,272,398,1588,1986,1878,4747,6625,8301,13101,21402,18836,25670,44506,53126,55320,108446
819,13,30,43,54,151,205,411,1577,1988,1919,4839,6758,8157,13002,21159,18299,25349,43648,52450,54962,107412
820,13,34,47,79,178,257,488,1636,2124,2000,4995,6995,8352,13230,21582,18839,25581,44420,52370,54842,107212
821,14,43,57,61,211,272,417,1488,1905,1937,4796,6733,8407,13500,21907,18970,25521,44491,53583,54778,108361
822,8,37,45,48,185,233,412,1574,1986,1922,4751,6673,8123,12927,21050,18501,25353,43854,52670,54412,107082
823,6,35,41,65,150,215,436,1462,1898,2015,4544,6559,8102,12821,20923,18561,24940,43501,52328,54650,106978
824,7,39,46,54,166,220,411,1580,1991,1937,4770,6707,8351,13013,21364,18513,25261,43774,52564,54406,106970
825,7,47,54,54,184,238,347,1514,1861,1928,4751,6679,7972,13021,20993,17849,25166,43015,51441,54044,105485
826,9,35,44,57,167,224,427,1610,2037,1951,4902,6853,8332,13115,21447,18741,25539,44280,52513,55203,107716
827,11,40,51,71,189,260,481,1686,2167,2046,4929,6975,8175,13152,21327,18236,25268,43504,52421,54519,106940
828,16,35,51,55,161,216,414,1519,1933,1881,4613,6494,8181,12961,21142,18238,24823,43061,52493,54405,106898
829,8,52,60,65,195,260,407,1640,2047,1854,5016,6870,8140,13522,21662,18455,26219,44674,53168,55058,108226
830,16,33,49,62,175,237,391,1658,2049,1878,5000,6878,8162,13467,21629,18613,25511,44124,53501,54634,108135
831,5,31,36,56,150,206,453,1602,2055,2029,4920,6949,8539,13329,21868,18521,25815,44336,52980,54709,107689
832,17,29,46,68,190,258,437,1714,2151,1981,5023,7004,8392,13629,22021,18670,26194,44864,53216,55908,109124
833,6,37,43,42,176,218,417,1597,2014,1944,4601,6545,8465,12657,21122,18913,25085,43998,53291,54534,107825
834,5,37,42,45,181,226,410,1572,1982,1920,4739,6659,8346,12782,21128,18901,24988,43889,53054,54628,107682
835,11,34,45,58,166,224,421,1652,2073,1962,4802,6764,8334,12761,21095,18739,25115,43854,53423,54269,107692
836,13,28,41,53,161,214,442,1556,1998,1980,4875,6855,8257,13053,21310,18476,25328,43804,52563,54952,107515
837,9,48,57,48,180,228,408,1667,2075,1947,4950,6897,8364,13574,21938,18919,25905,44824,53051,54876,107927
838,7,23,30,57,170,227,406,1590,1996,1814,4778,6592,8099,13235,21334,18342,25706,44048,52632,54979,107611
839,12,42,54,65,166,231,428,1654,2082,2012,4853,6865,8506,13000,21506,18633,25128,43761,53029,53986,107015
840,8,37,45,51,179,230,407,1604,2011,1845,4694,6539,8147,13174,21321,18460,25339,43799,53224,54567,107791
841,11,48,59,59,192,251,411,1623,2034,1849,4771,6620,8336,12951,21287,18586,25246,43832,52051,54441,106492
842,15,32,47,66,165,231,390,1541,1931,1963,4775,6738,8239,12901,21140,18491,25147,43638,52264,54516,106780
843,15,58,73,69,188,257,426,1607,2033,2006,4793,6799,8327,12801,21128,18445,25156,43601,53308,54357,107665
844,10,27,37,54,154,208,425,1575,2000,1984,4790,6774,8302,12900,21202,18533,24830,43363,52411,53849,106260
845,5,29,34,55,187,242,421,1666,2087,1902,4998,6900,8242,13229,21471,18473,25421,43894,52720,55100,107820
846,15,42,57,68,157,225,417,1619,2036,1959,4704,6663,8271,12892,21163,18656,24917,43573,52605,54191,106796
847,9,52,61,45,229,274,433,1734,2167,2046,5169,7215,8418,13708,22126,18809,26125,44934,53068,55662,108730
848,14,38,52,64,143,207,409,1456,1865,1911,4626,6537,8250,12559,20809,18389,24608,42997,52312,53853,106165
849,12,48,60,52,193,245,381,1592,1973,1819,4681,6500,7914,13295,21209,18168,25556,43724,52547,54584,107131
850,13,50,63,71,199,270,446,1628,2074,2054,4818,6872,8567,13421,21988,19042,25604,44646,53964,54931,108895
851,15,36,51,71,188,259,434,1676,2110,1911,4810,6721,8281,13030,21311,18461,25228,43689,53074,54080,107154
852,11,34,45,68,192,260,458,1627,2085,1995,4931,6926,8454,13468,21922,18689,25856,44545,53424,55179,108603
853,8,41,49,48,183,231,433,1611,2044,2002,4796,6798,8226,13132,21358,18528,25446,43974,52398,54738,107136
854,12,38,50,56,143,199,449,1640,2089,1996,4823,6819,8407,13514,21921,18689,25155,43844,52228,54328,106556
855,15,38,53,66,188,254,479,1533,2012,2085,4672,6757,8412,12870,21282,18815,25193,44008,53525,54106,107631
856,8,44,52,43,215,258,407,1665,2072,1952,5096,7048,8217,13461,21678,18599,25963,44562,52728,55953,108681
857,12,38,50,67,171,238,455,1652,2107,1939,4951,6890,8482,13150,21632,19009,25595,44604,53331,54202,107533
858,19,37,56,80,169,249,499,1643,2142,2079,4916,6995,8284,13327,21611,18519,25263,43782,52513,54575,107088
859,12,37,49,53,198,251,391,1603,1994,1812,4792,6604,8070,12951,21021,18440,25090,43530,53012,54537,107549
860,10,36,46,76,171,247,451,1551,2002,1937,4614,6551,8192,12676,20868,18712,24794,43506,53402,54159,107561
861,12,29,41,65,167,232,382,1583,1965,1815,4900,6715,8087,13404,21491,18605,25535,44140,53250,55148,108398
862,5,50,55,43,197,240,401,1611,2012,1968,4788,6756,8085,13219,21304,18174,25745,43919,52604,55415,108019
863,12,31,43,56,193,249,447,1549,1996,2009,4753,6762,8295,13323,21618,18589,25770,44359,52625,54815,107440
864,7,29,36,49,164,213,462,1534,1996,1932,4718,6650,8424,13021,21445,18953,25057,44010,53265,54801,108066
865,10,42,52,60,181,241,410,1572,1982,1925,4957,6882,8394,13167,21561,18913,25400,44313,53368,54995,108363
866,12,40,52,62,173,235,420,1441,1861,1933,4721,6654,7971,13011,20982,18149,25388,43537,51871,54465,106336
867,16,32,48,47,174,221,420,1639,2059,1974,4836,6810,8309,13261,21570,18493,25775,44268,53014,55027,108041
868,10,34,44,62,170,232,415,1652,2067,1894,4928,6822,8220,13236,21456,18342,25628,43970,52155,54304,106459
869,9,33,42,47,149,196,399,1682,2081,1977,4824,6801,8260,13056,21316,18510,25288,43798,52987,54486,107473
870,9,37,46,48,165,213,396,1732,2128,1864,5155,7019,8030,13757,21787,18374,26018,44392,52534,55774,108308
871,14,33,47,64,155,219,464,1634,2098,2005,4978,6983,8216,13297,21513,18630,25595,44225,53375,55248,108623
872,15,28,43,50,166,216,418,1537,1955,1804,4601,6405,7945,12531,20476,17856,24151,42007,52162,53956,106118
873,15,34,49,60,155,215,432,1512,1944,2001,4687,6688,8397,12905,21302,18722,25068,43790,53034,54374,107408
874,19,41,60,70,165,235,445,1523,1968,1921,4851,6772,8391,13200,21591,18435,25064,43499,52809,54661,107470
875,9,37,46,48,169,217,389,1555,1944,2000,4694,6694,8334,12908,21242,18611,24728,43339,52580,54008,106588
876,15,34,49,56,182,238,418,1523,1941,1935,4772,6707,8285,13093,21378,18447,25686,44133,53269,55425,108694
877,12,47,59,57,190,247,426,1657,2083,1856,4687,6543,8198,13235,21433,18689,25507,44196,52513,54537,107050
878,25,33,58,82,163,245,485,1588,2073,1948,4912,6860,8034,13154,21188,18444,25249,43693,52672,54660,107332
879,8,25,33,62,151,213,472,1554,2026,2037,4765,6802,8331,13251,21582,18417,25700,44117,52376,55174,107550
880,9,48,57,61,208,269,449,1654,2103,1994,4921,6915,8348,13008,21356,18658,25370,44028,53203,54737,107940
881,10,27,37,57,167,224,362,1592,1954,1754,4886,6640,7895,12883,20778,18227,25099,43326,52696,53766,106462
882,9,46,55,59,152,211,464,1500,1964,1971,4809,6780,8326,13063,21389,18330,25820,44150,52561,55056,107617
883,16,33,49,66,182,248,432,1678,2110,1953,4963,6916,8347,13361,21708,18535,25498,44033,52673,54706,107379
884,7,39,46,51,181,232,402,1596,1998,1888,4839,6727,8317,13279,21596,18405,26022,44427,52291,54860,107151
885,6,34,40,50,162,212,407,1530,1937,1891,4786,6677,7996,13099,21095,18282,25109,43391,51889,55502,107391
886,11,56,67,64,201,265,458,1761,2219,1982,5066,7048,8287,13368,21655,18870,25887,44757,53525,55697,109222
887,13,31,44,51,163,214,388,1680,2068,1856,4875,6731,8107,13222,21329,18101,25422,43523,51945,54533,106478
888,14,57,71,70,197,267,445,1717,2162,1906,4968,6874,7888,13248,21136,18215,25761,43976,52004,55375,107379
889,10,45,55,60,194,254,405,1565,1970,1924,4769,6693,8106,13029,21135,18342,25021,43363,52415,54575,106990
890,11,46,57,48,175,223,435,1607,2042,1949,4712,6661,8261,13192,21453,18356,25675,44031,52522,55235,107757
891,8,38,46,42,190,232,389,1558,1947,1830,4676,6506,8116,12732,20848,18409,25173,43582,52298,54684,106982
892,19,46,65,61,171,232,429,1588,2017,1929,4767,6696,8212,13013,21225,18479,24963,43442,53275,54077,107352
893,8,37,45,62,180,242,419,1596,2015,1973,4951,6924,8307,12955,21262,18656,25050,43706,53111,54738,107849
894,14,34,48,61,162,223,436,1515,1951,1943,4752,6695,8159,13081,21240,18313,25185,43498,53323,55146,108469
895,12,40,52,56,157,213,450,1527,1977,1958,4695,6653,8182,12844,21026,18667,25000,43667,52609,54377,106986
896,7,32,39,52,162,214,431,1469,1900,1910,4662,6572,8487,12548,21035,18816,24586,43402,52838,54272,107110
897,14,28,42,54,169,223,433,1653,2086,1903,4761,6664,8187,13057,21244,18715,24930,43645,52644,54303,106947
898,14,38,52,60,164,224,425,1431,1856,1912,4722,6634,8258,13043,21301,18503,25696,44199,53091,54411,107502
899,15,48,63,70,183,253,481,1634,2115,2051,4903,6954,8436,13437,21873,18637,25402,44039,52927,54909,107836
900,8,48,56,65,185,250,427,1575,2002,1987,4842,6829,8366,13142,21508,18941,24958,43899,53257,54446,107703
901,8,37,45,41,187,228,393,1635,2028,1892,4848,6740,8284,13247,21531,18652,25814,44466,53251,55135,108386
902,13,37,50,67,182,249,472,1626,2098,2013,4823,6836,8294,13299,21593,18701,25360,44061,52805,54643,107448
903,7,28,35,51,189,240,386,1607,1993,1799,4839,6638,7987,13118,21105,18066,25608,43674,52172,54395,106567
904,16,25,41,62,152,214,447,1612,2059,1947,4795,6742,8158,13109,21267,18643,25524,44167,53456,54693,108149
905,16,18,34,71,171,242,458,1606,2064,1978,4823,6801,8173,13036,21209,18557,25166,43723,52211,54803,107014
906,16,42,58,71,182,253,443,1576,2019,1989,4874,6863,8351,13174,21525,18550,25597,44147,52661,55230,107891
907,20,36,56,80,151,231,426,1605,2031,1871,4811,6682,8341,12887,21228,18966,25156,44122,52607,54733,107340
908,9,34,43,63,163,226,403,1607,2010,1946,4768,6714,8026,12818,20844,18033,25164,43197,52231,54816,107047
909,19,42,61,70,164,234,456,1590,2046,2039,4777,6816,8443,13032,21475,18945,25525,44470,53647,55166,108813
910,12,33,45,59,192,251,440,1606,2046,1920,4847,6767,8061,13019,21080,17996,25199,43195,52253,54349,106602
911,9,38,47,39,158,197,375,1586,1961,1834,4712,6546,8076,12815,20891,18218,25371,43589,53153,54652,107805
912,15,31,46,66,174,240,397,1569,1966,1912,4861,6773,7979,13196,21175,18563,25230,43793,52472,54876,107348
913,10,47,57,63,191,254,400,1560,1960,1915,4996,6911,8190,13006,21196,18428,25469,43897,52509,54848,107357
914,10,40,50,75,184,259,492,1594,2086,2060,4760,6820,8345,13275,21620,18756,25481,44237,53217,55120,108337
915,8,25,33,48,150,198,444,1538,1982,2000,4641,6641,8073,13158,21231,18391,25534,43925,53078,55489,108567
916,16,29,45,61,166,227,430,1647,2077,2035,4905,6940,8346,13159,21505,18663,25233,43896,53008,54607,107615
917,11,37,48,67,165,232,427,1564,1991,1990,4872,6862,8413,13235,21648,18887,25301,44188,53183,54464,107647
918,12,35,47,52,183,235,373,1635,2008,1794,4764,6558,8146,13083,21229,18636,25126,43762,52865,54216,107081
919,10,28,38,52,179,231,383,1582,1965,1890,4716,6606,8067,12668,20735,18413,25355,43768,52878,54797,107675
920,13,33,46,55,167,222,448,1562,2010,1929,4664,6593,8503,12564,21067,18931,24895,43826,54197,54183,108380
921,18,42,60,69,175,244,451,1565,2016,1970,4805,6775,8384,13011,21395,18851,25063,43914,52550,54077,106627
922,13,32,45,47,178,225,421,1572,1993,1955,4779,6734,8276,12737,21013,18839,24699,43538,53464,53508,106972
923,6,31,37,53,183,236,416,1683,2099,1909,4846,6755,8337,13422,21759,18498,25763,44261,52311,55393,107704
924,8,43,51,61,168,229,422,1606,2028,1948,4994,6942,8328,13498,21826,18438,25962,44400,52633,55262,107895
925,10,35,45,61,165,226,443,1558,2001,1934,4694,6628,8224,12822,21046,18826,24810,43636,53228,53419,106647
926,13,31,44,63,170,233,444,1564,2008,1959,4780,6739,8015,13152,21167,18249,25614,43863,52638,55222,107860
927,10,43,53,67,162,229,425,1595,2020,1919,4792,6711,8306,13206,21512,18753,25775,44528,53052,55349,108401
928,8,34,42,48,200,248,392,1741,2133,1881,4829,6710,7958,12890,20848,18253,25424,43677,52381,54918,107299
929,13,30,43,56,151,207,426,1537,1963,1886,4655,6541,7982,13069,21051,18020,25455,43475,51700,54084,105784
930,14,42,56,57,206,263,447,1515,1962,1961,4708,6669,8391,13193,21584,18463,25266,43729,52651,54726,107377
931,9,35,44,60,184,244,416,1590,2006,1932,4833,6765,8237,13225,21462,18728,25212,43940,52828,54044,106872
932,15,38,53,58,181,239,425,1564,1989,1971,4922,6893,8249,13260,21509,18451,26166,44617,52535,54834,107369
933,14,21,35,56,146,202,440,1522,1962,1870,4796,6666,8071,13015,21086,18214,25732,43946,52276,55206,107482
934,11,30,41,62,161,223,446,1542,1988,1978,4773,6751,8257,13123,21380,18980,25489,44469,52624,54913,107537
935,8,39,47,54,184,238,424,1720,2144,1858,4946,6804,8047,13311,21358,18113,25356,43469,52236,54498,106734
936,11,39,50,55,176,231,397,1741,2138,1912,5212,7124,8257,13890,22147,18750,25909,44659,53223,55536,108759
937,4,28,32,44,165,209,428,1524,1952,1901,4847,6748,8317,13032,21349,18486,25384,43870,52845,54967,107812
938,12,31,43,58,159,217,397,1640,2037,1875,4828,6703,8017,13528,21545,18445,25956,44401,53111,54582,107693
939,15,44,59,65,186,251,457,1626,2083,1926,4861,6787,8267,13154,21421,18319,25593,43912,52334,54521,106855
940,9,30,39,49,153,202,401,1582,1983,2002,4828,6830,8152,13173,21325,18704,25381,44085,53595,54383,107978
941,15,40,55,67,155,222,454,1577,2031,1997,4808,6805,8316,13116,21432,18430,25349,43779,53047,54491,107538
942,15,32,47,53,170,223,368,1533,1901,1888,4504,6392,8353,12942,21295,18799,25812,44611,53617,55026,108643
943,11,25,36,59,170,229,432,1572,2004,1959,4772,6731,8307,12926,21233,19000,25422,44422,53427,54224,107651
944,9,34,43,50,174,224,400,1530,1930,1864,4808,6672,8252,13022,21274,18737,25212,43949,52732,53986,106718
945,7,39,46,54,168,222,416,1498,1914,1840,4715,6555,7959,13002,20961,18372,25146,43518,52546,54630,107176
946,19,36,55,58,190,248,417,1591,2008,1976,4777,6753,8167,13199,21366,18379,25411,43790,52079,54159,106238
947,14,43,57,55,179,234,407,1591,1998,1903,4917,6820,8185,13345,21530,18602,25407,44009,53036,53613,106649
948,8,36,44,57,167,224,410,1507,1917,1937,4696,6633,8118,12826,20944,18128,25216,43344,52715,54403,107118
949,10,35,45,53,173,226,439,1522,1961,1970,4786,6756,8335,13024,21359,18765,25537,44302,52955,54540,107495
950,8,35,43,45,172,217,420,1553,1973,1885,4488,6373,8291,12654,20945,18700,24952,43652,53057,54544,107601
951,13,41,54,67,173,240,441,1600,2041,1923,4826,6749,8130,13122,21252,18221,25485,43706,52541,54783,107324
952,12,27,39,67,182,249,479,1670,2149,2000,4853,6853,8295,13116,21411,18072,25202,43274,52791,55039,107830
953,22,36,58,67,175,242,439,1540,1979,1936,4699,6635,8086,13240,21326,18619,25252,43871,52167,54169,106336
954,14,39,53,70,186,256,442,1697,2139,1855,4837,6692,8021,12969,20990,18071,24964,43035,52556,54198,106754
955,13,39,52,59,155,214,435,1663,2098,1974,4826,6800,8310,12861,21171,18638,25144,43782,53460,54642,108102
956,17,46,63,66,177,243,425,1615,2040,1968,4833,6801,8359,13145,21504,18907,25338,44245,53376,54214,107590
957,14,40,54,67,207,274,438,1649,2087,1943,5018,6961,8403,13497,21900,18785,25510,44295,52740,54287,107027
958,11,38,49,53,177,230,409,1604,2013,1932,4765,6697,8297,13154,21451,18748,25609,44357,52863,55111,107974
959,15,30,45,69,160,229,444,1581,2025,2001,4860,6861,8348,13359,21707,18847,25307,44154,53026,53583,106609
960,5,36,41,48,175,223,402,1630,2032,1898,4885,6783,8319,13324,21643,18456,25504,43960,53314,54318,107632
961,13,39,52,59,157,216,412,1685,2097,1964,4769,6733,8421,12821,21242,18782,25124,43906,52407,54345,106752
962,11,33,44,65,164,229,426,1624,2050,1914,4797,6711,8015,13002,21017,18387,25366,43753,52726,55444,108170
963,16,37,53,55,189,244,423,1577,2000,1850,4716,6566,7800,13050,20850,18005,25063,43068,51977,54576,106553
964,16,44,60,57,190,247,422,1583,2005,1915,4890,6805,8028,13268,21296,18338,25474,43812,52635,54706,107341
965,11,35,46,72,177,249,415,1582,1997,1927,4792,6719,7949,13100,21049,18253,25451,43704,52239,54136,106375
966,10,37,47,50,162,212,422,1504,1926,1899,4699,6598,8070,13081,21151,18312,25231,43543,52542,54295,106837
967,11,27,38,67,142,209,472,1508,1980,1984,4574,6558,8305,13007,21312,18480,25055,43535,52446,53667,106113
968,18,36,54,56,177,233,433,1634,2067,1911,4903,6814,8088,13538,21626,18431,25746,44177,52535,55249,107784
969,13,38,51,57,151,208,408,1567,1975,1900,4738,6638,7998,13255,21253,17893,25429,43322,51789,54578,106367
970,6,29,35,57,172,229,447,1571,2018,2077,4975,7052,8391,13310,21701,18564,25268,43832,52813,54652,107465
971,8,21,29,64,161,225,406,1505,1911,1837,4715,6552,8070,13256,21326,18346,25578,43924,52120,55239,107359
972,6,42,48,54,204,258,460,1556,2016,1973,4681,6654,8440,12820,21260,18553,25077,43630,52618,54517,107135
973,10,38,48,53,150,203,409,1634,2043,1845,4938,6783,7997,13457,21454,18428,25953,44381,52764,55026,107790
974,10,48,58,52,173,225,424,1637,2061,2005,5066,7071,8536,13521,22057,19051,25666,44717,53830,55080,108910
975,16,36,52,70,162,232,423,1652,2075,1919,4850,6769,8182,13507,21689,18410,25870,44280,52840,55296,108136
976,6,41,47,47,208,255,425,1638,2063,1973,4981,6954,8307,13203,21510,18978,25461,44439,53087,54792,107879
977,9,42,51,53,169,222,405,1517,1922,1838,4732,6570,7953,13106,21059,18468,24979,43447,52502,53945,106447
978,14,40,54,61,178,239,411,1556,1967,1932,4979,6911,8236,13147,21383,18502,25411,43913,52767,55437,108204
979,10,35,45,53,173,226,416,1662,2078,1921,4874,6795,8164,13192,21356,18443,25515,43958,52486,54832,107318
980,12,37,49,65,176,241,439,1572,2011,1965,4911,6876,8208,13185,21393,18730,25606,44336,52929,55610,108539
981,9,37,46,64,166,230,442,1688,2130,1905,5010,6915,8067,13286,21353,18426,25495,43921,52589,54961,107550
982,7,31,38,45,165,210,426,1588,2014,1964,4735,6699,8236,13155,21391,18684,25665,44349,53044,55394,108438
983,13,40,53,51,147,198,440,1586,2026,2070,4766,6836,8368,12894,21262,18573,25235,43808,52977,53918,106895
984,7,45,52,52,188,240,445,1625,2070,1983,4839,6822,8281,13087,21368,18519,25591,44110,52261,55094,107355
985,6,33,39,51,173,224,451,1556,2007,1914,4743,6657,8310,13000,21310,18610,24898,43508,53139,54873,108012
986,11,38,49,59,148,207,416,1607,2023,1934,4833,6767,8044,12987,21031,18349,25226,43575,52080,54671,106751
987,5,39,44,39,158,197,415,1540,1955,1970,5011,6981,8369,13263,21632,18491,25639,44130,52730,55280,108010
988,13,31,44,63,172,235,430,1574,2004,1863,4783,6646,8165,13255,21420,18576,25728,44304,53356,54806,108162
989,21,48,69,75,199,274,495,1588,2083,2056,4985,7041,8207,13406,21613,18960,25293,44253,53588,54454,108042
990,13,32,45,68,208,276,420,1731,2151,1890,5034,6924,8132,13398,21530,18596,26452,45048,52268,55557,107825
991,19,34,53,68,148,216,454,1689,2143,2006,4999,7005,8174,13389,21563,18191,25481,43672,52142,54809,106951
992,20,30,50,59,155,214,439,1563,2002,1902,4791,6693,8260,12919,21179,18758,25066,43824,53481,54382,107863
993,7,20,27,37,174,211,369,1601,1970,1885,4792,6677,8276,12890,21166,18481,25133,43614,52267,54534,106801
994,11,36,47,65,177,242,417,1651,2068,1885,4850,6735,8196,13367,21563,18307,25344,43651,51748,54650,106398
995,16,28,44,65,160,225,428,1508,1936,1951,4774,6725,8243,13054,21297,18775,25066,43841,53100,54762,107862
996,7,43,50,44,188,232,425,1548,1973,1866,4653,6519,8108,12918,21026,18332,25359,43691,52425,55016,107441
997,10,37,47,44,152,196,457,1560,2017,1984,4952,6936,8394,13327,21721,18743,25706,44449,53086,54848,107934
998,9,47,56,48,177,225,413,1584,1997,1848,4745,6593,8215,13325,21540,18861,25216,44077,53240,54775,108015
999,11,37,48,72,180,252,393,1599,1992,1848,4793,6641,7761,13006,20767,18013,25231,43244,51765,54744,106509
