flow,flow_brain_to_vnc,flow_vnc_to_brain,pairs,family,index,edges_removed,cost_removed
5987,4322,1669,267176,crossing_cost,0,153597,22371060.740055364
6090,4412,1680,266443,crossing_cost,1,153022,22371101.61193484
6044,4376,1671,264974,crossing_cost,2,153286,22371103.624710016
6075,4385,1692,264607,crossing_cost,3,153300,22371062.72898668
6069,4392,1679,265708,crossing_cost,4,153191,22371153.391200095
6075,4384,1693,266443,crossing_cost,5,153701,22371161.35784306
6125,4453,1672,266442,crossing_cost,6,153135,22371158.39228242
6035,4366,1668,264240,crossing_cost,7,153273,22371110.36137572
6060,4383,1680,265341,crossing_cost,8,153237,22371052.674005322
6075,4420,1656,265708,crossing_cost,9,153287,22371243.650496744
6074,4406,1668,264974,crossing_cost,10,153005,22371134.09367931
6059,4374,1691,267176,crossing_cost,11,153023,22371168.833552793
6085,4432,1657,266075,crossing_cost,12,152835,22371118.55372302
6133,4450,1686,265709,crossing_cost,13,153217,22371126.416426487
5987,4321,1671,263874,crossing_cost,14,153341,22371214.17393358
6036,4364,1678,266075,crossing_cost,15,153138,22371078.658794075
5996,4323,1670,266075,crossing_cost,16,152975,22371227.99520968
6055,4361,1697,266075,crossing_cost,17,153219,22371115.779268935
6001,4350,1654,264607,crossing_cost,18,153183,22371170.971106455
6023,4350,1674,265709,crossing_cost,19,153458,22371059.691967756
6013,4324,1690,264975,crossing_cost,20,153315,22371205.057547204
6041,4370,1674,265341,crossing_cost,21,153263,22371166.530055758
6064,4401,1664,264241,crossing_cost,22,153461,22371134.210745677
6025,4353,1675,266443,crossing_cost,23,153484,22371089.860728145
5993,4335,1661,266810,crossing_cost,24,153213,22371118.516904995
6031,4358,1678,267176,crossing_cost,25,153401,22371177.527226597
6044,4379,1668,263873,crossing_cost,26,153409,22371084.401475642
6043,4381,1666,266443,crossing_cost,27,153326,22371211.981915943
6064,4377,1689,262772,crossing_cost,28,152951,22371143.253836013
6092,4397,1701,266075,crossing_cost,29,153354,22371234.91382084
6096,4428,1672,265341,crossing_cost,30,153274,22371138.26845029
6003,4358,1648,266075,crossing_cost,31,153569,22371130.45111408
6012,4346,1663,265341,crossing_cost,32,153398,22371173.762532275
6081,4394,1690,265708,crossing_cost,33,153261,22371135.70627603
6026,4330,1699,265708,crossing_cost,34,153376,22371177.144603502
6048,4382,1670,264241,crossing_cost,35,153219,22371114.437760483
6038,4341,1697,265708,crossing_cost,36,153279,22371179.9021384
5958,4321,1640,265341,crossing_cost,37,153096,22371200.651731327
5983,4299,1690,265342,crossing_cost,38,152998,22371140.826761175
6014,4348,1668,264607,crossing_cost,39,153370,22371026.51897772
6002,4348,1656,266075,crossing_cost,40,153399,22371096.607055746
6074,4407,1664,265341,crossing_cost,41,153574,22371207.478021234
6000,4351,1652,264974,crossing_cost,42,153266,22371124.423272002
6036,4350,1689,265341,crossing_cost,43,152985,22371172.223352637
6061,4398,1663,264608,crossing_cost,44,153265,22371259.250705864
6003,4344,1664,264608,crossing_cost,45,153428,22371098.023047507
6007,4346,1662,265342,crossing_cost,46,153214,22371180.40238281
6083,4402,1679,265708,crossing_cost,47,153159,22371163.02325491
6129,4418,1710,266442,crossing_cost,48,153186,22371078.993792698
6020,4332,1687,266075,crossing_cost,49,153271,22371161.637840934
6057,4380,1679,264607,crossing_cost,50,153601,22371139.195490554
6033,4356,1677,265709,crossing_cost,51,153180,22371078.54893878
6033,4349,1681,264975,crossing_cost,52,153059,22371174.84938542
6060,4394,1666,264608,crossing_cost,53,153554,22371092.544768155
6095,4409,1686,265341,crossing_cost,54,153190,22371205.030613057
6034,4357,1679,266075,crossing_cost,55,153229,22371195.95867832
5962,4295,1669,266442,crossing_cost,56,153242,22371217.769893907
6092,4392,1703,266075,crossing_cost,57,152964,22371183.853202675
6014,4329,1683,265341,crossing_cost,58,153210,22371107.443497382
6058,4395,1663,265709,crossing_cost,59,153122,22371174.947572835
6120,4443,1679,265708,crossing_cost,60,153200,22371230.141063463
6063,4376,1684,266442,crossing_cost,61,153113,22371139.213796787
5989,4322,1672,265708,crossing_cost,62,153309,22371276.941012807
6027,4366,1663,266443,crossing_cost,63,153173,22371110.512020234
6050,4405,1650,265341,crossing_cost,64,153624,22371143.332060233
6020,4356,1669,265341,crossing_cost,65,153348,22371089.132676736
6006,4325,1683,266075,crossing_cost,66,153154,22371106.92551962
6047,4351,1700,265341,crossing_cost,67,153424,22371124.533363577
6071,4416,1656,266075,crossing_cost,68,153093,22371195.57912899
6103,4402,1705,266075,crossing_cost,69,153073,22371104.190675728
6015,4321,1700,264607,crossing_cost,70,153132,22371161.654794827
6077,4381,1699,264974,crossing_cost,71,153448,22371210.953882962
6051,4392,1663,266075,crossing_cost,72,153432,22371130.021958746
6087,4401,1688,266810,crossing_cost,73,153381,22371298.276442062
6060,4394,1672,263506,crossing_cost,74,153360,22371127.638203695
6067,4375,1692,266442,crossing_cost,75,153378,22371223.9670801
6055,4404,1657,265341,crossing_cost,76,152966,22371089.54682893
6071,4418,1653,264974,crossing_cost,77,152994,22371157.894050937
6044,4405,1643,263506,crossing_cost,78,153310,22371118.96730801
6058,4378,1684,263873,crossing_cost,79,153137,22371178.262700923
6052,4399,1657,265344,crossing_cost,80,153480,22371162.004431013
6079,4429,1655,265342,crossing_cost,81,152956,22371100.401506465
6111,4428,1688,264240,crossing_cost,82,153159,22371146.029274143
6078,4397,1682,265708,crossing_cost,83,153422,22371160.235377412
6077,4425,1656,263506,crossing_cost,84,153299,22371196.89341732
5984,4297,1689,264974,crossing_cost,85,153474,22371157.70048848
6117,4444,1675,264974,crossing_cost,86,153177,22371163.089409873
5927,4254,1676,266442,crossing_cost,87,153746,22371095.838923592
6047,4360,1693,267543,crossing_cost,88,153234,22371162.274910808
6005,4353,1657,266442,crossing_cost,89,153458,22371134.525530994
6004,4345,1662,264240,crossing_cost,90,153203,22371141.518855587
6111,4416,1694,265341,crossing_cost,91,153028,22371296.85953421
6091,4413,1681,262772,crossing_cost,92,153430,22371054.173209414
6018,4343,1676,265341,crossing_cost,93,153312,22371179.057012074
6045,4389,1660,266442,crossing_cost,94,152953,22371042.675336026
6100,4414,1681,266443,crossing_cost,95,153300,22371228.402311273
6009,4372,1640,266075,crossing_cost,96,153167,22371217.882994846
6088,4387,1702,263873,crossing_cost,97,153370,22371134.718718503
5995,4307,1694,266443,crossing_cost,98,153266,22371168.024596184
6038,4358,1683,265708,crossing_cost,99,152771,22371195.002994087
6028,4372,1658,266075,crossing_cost,100,153213,22371149.002538487
6017,4375,1648,266075,crossing_cost,101,153084,22371166.064920016
6070,4389,1686,266076,crossing_cost,102,153215,22371197.959661834
5969,4315,1655,265341,crossing_cost,103,153628,22371186.866826642
6039,4400,1641,265341,crossing_cost,104,153202,22371263.16595857
6094,4409,1689,265708,crossing_cost,105,153315,22371131.40053705
6057,4410,1651,266076,crossing_cost,106,153267,22371198.386843815
6093,4403,1691,264974,crossing_cost,107,153276,22371126.098255508
6027,4367,1662,264974,crossing_cost,108,153176,22371160.496959053
6012,4329,1685,266442,crossing_cost,109,153119,22371073.067850508
6039,4376,1668,263507,crossing_cost,110,153276,22371211.407506153
6017,4344,1675,264974,crossing_cost,111,153296,22371279.265806504
6003,4294,1710,266075,crossing_cost,112,153638,22371088.76469321
6059,4376,1686,266442,crossing_cost,113,153170,22371175.380965613
6095,4424,1676,266076,crossing_cost,114,153213,22371138.008868113
5982,4336,1649,266442,crossing_cost,115,153619,22371202.498098757
6006,4330,1681,265708,crossing_cost,116,153534,22371208.381409463
6029,4356,1675,265709,crossing_cost,117,153463,22371089.508080326
6063,4372,1687,265341,crossing_cost,118,153225,22371208.692307763
6064,4392,1675,265341,crossing_cost,119,153421,22371093.704127274
6086,4420,1668,263873,crossing_cost,120,153166,22371209.11512644
6010,4364,1649,265341,crossing_cost,121,153087,22371166.46967155
5992,4321,1677,264974,crossing_cost,122,153200,22371132.95021731
6067,4384,1683,266443,crossing_cost,123,152906,22371171.23652918
6035,4349,1692,263506,crossing_cost,124,153405,22371091.618184015
6036,4386,1655,265708,crossing_cost,125,153374,22371119.85012354
6027,4374,1657,265341,crossing_cost,126,153511,22371073.52732286
6083,4411,1674,266809,crossing_cost,127,152988,22371177.631614257
6072,4386,1688,266075,crossing_cost,128,153644,22371180.20106985
5968,4311,1659,265342,crossing_cost,129,153120,22371074.797966074
6041,4344,1694,265342,crossing_cost,130,153364,22371217.122263864
6045,4389,1660,264607,crossing_cost,131,153325,22371212.985694986
6087,4419,1671,267176,crossing_cost,132,153209,22371140.618031736
6016,4369,1643,265341,crossing_cost,133,153249,22371154.026163884
5989,4295,1695,266076,crossing_cost,134,153157,22371146.77140583
6040,4385,1658,266442,crossing_cost,135,153050,22371177.615083795
6066,4412,1655,265341,crossing_cost,136,153215,22371130.50603118
6071,4386,1687,266076,crossing_cost,137,153152,22371165.211436138
6041,4364,1681,266075,crossing_cost,138,153344,22371223.54065579
6058,4377,1686,266075,crossing_cost,139,153017,22371197.217749655
6094,4425,1672,266075,crossing_cost,140,153280,22371219.883086517
6074,4375,1703,265341,crossing_cost,141,153339,22371151.17807202
6059,4346,1712,264974,crossing_cost,142,153109,22371175.35452421
6006,4358,1650,263873,crossing_cost,143,153406,22371153.666456096
6063,4367,1700,265708,crossing_cost,144,153285,22371130.832085967
6018,4358,1661,263874,crossing_cost,145,153206,22371120.4041561
6027,4333,1695,264974,crossing_cost,146,153179,22371164.006254382
6057,4364,1698,265341,crossing_cost,147,153220,22371143.56587408
6052,4352,1703,265708,crossing_cost,148,153161,22371177.117992446
6141,4475,1669,266075,crossing_cost,149,153091,22371123.136266228
6062,4421,1644,264240,crossing_cost,150,153444,22371137.17034141
5992,4356,1641,262405,crossing_cost,151,153350,22371071.429988395
6027,4367,1665,263507,crossing_cost,152,153434,22371237.62619642
6098,4417,1679,266442,crossing_cost,153,153612,22371156.856908165
5980,4330,1655,266809,crossing_cost,154,153492,22371177.88025926
6074,4412,1662,264240,crossing_cost,155,153224,22371238.832761362
6061,4366,1697,264974,crossing_cost,156,153046,22371275.647621334
6061,4404,1662,266443,crossing_cost,157,152920,22371128.024860542
6014,4349,1667,264608,crossing_cost,158,153222,22371189.330659613
6095,4397,1701,265341,crossing_cost,159,153273,22371083.660827473
6052,4372,1684,267177,crossing_cost,160,153308,22371190.841911707
6092,4370,1723,265708,crossing_cost,161,153088,22371149.286689844
6066,4403,1667,264975,crossing_cost,162,153494,22371157.7918016
6049,4385,1665,266442,crossing_cost,163,153046,22371114.112593874
6032,4370,1659,265341,crossing_cost,164,153239,22371127.87999876
6081,4396,1687,265341,crossing_cost,165,153186,22371174.488949846
6023,4340,1688,266809,crossing_cost,166,153259,22371140.486695252
6039,4387,1657,266442,crossing_cost,167,153184,22371042.560023606
6020,4397,1627,267544,crossing_cost,168,153147,22371115.601467725
6086,4400,1690,264607,crossing_cost,169,153234,22371059.436577737
6033,4346,1686,264607,crossing_cost,170,153440,22371252.09715861
6107,4428,1678,264607,crossing_cost,171,153394,22371158.60109661
6070,4382,1693,266442,crossing_cost,172,152949,22371202.796474285
6044,4371,1679,267910,crossing_cost,173,153439,22371170.728647515
6033,4351,1685,265341,crossing_cost,174,153457,22371178.732831016
6006,4327,1683,265341,crossing_cost,175,153394,22371201.949683312
6037,4372,1670,266809,crossing_cost,176,153231,22371115.71921368
6096,4408,1692,264974,crossing_cost,177,153305,22371109.265490286
5995,4347,1651,265708,crossing_cost,178,153107,22371074.283289667
6061,4368,1696,264975,crossing_cost,179,153044,22371024.471743513
6010,4347,1667,266075,crossing_cost,180,153326,22371070.059231535
6057,4388,1674,265341,crossing_cost,181,153151,22371229.612491183
6078,4384,1698,264974,crossing_cost,182,153363,22371164.044032313
6037,4366,1674,266075,crossing_cost,183,153433,22371174.05623124
6040,4375,1663,266075,crossing_cost,184,153133,22371200.405603528
6032,4391,1644,264974,crossing_cost,185,153032,22371167.465267915
6019,4344,1676,265341,crossing_cost,186,153289,22371184.953637484
6033,4367,1667,266442,crossing_cost,187,153220,22371145.52882023
6057,4408,1655,265708,crossing_cost,188,153315,22371120.632903896
6047,4373,1679,264240,crossing_cost,189,153362,22371041.427386172
6018,4351,1672,265708,crossing_cost,190,153212,22371060.650080323
6052,4362,1693,263139,crossing_cost,191,153439,22371117.576611176
6060,4364,1700,264240,crossing_cost,192,153284,22371094.750837624
6006,4311,1696,266442,crossing_cost,193,153254,22371187.902302533
6029,4378,1656,264974,crossing_cost,194,153410,22371175.598958917
6007,4335,1675,263874,crossing_cost,195,153505,22371120.50334976
6020,4384,1642,265708,crossing_cost,196,153293,22371114.783116784
6048,4373,1678,266076,crossing_cost,197,153337,22371109.793413147
6083,4411,1671,267543,crossing_cost,198,153309,22371073.583554417
6096,4450,1649,263506,crossing_cost,199,153513,22371146.9711241
6029,4347,1686,264608,crossing_cost,200,153206,22371113.58295387
5991,4334,1660,264974,crossing_cost,201,153320,22371116.127398945
5987,4337,1653,267911,crossing_cost,202,153360,22371184.831543855
6101,4395,1709,265709,crossing_cost,203,153308,22371114.324604526
6036,4355,1684,264607,crossing_cost,204,153160,22371046.798846237
5987,4328,1662,266809,crossing_cost,205,152821,22371191.905501314
6115,4415,1701,266076,crossing_cost,206,153326,22371143.30365699
6064,4407,1659,264240,crossing_cost,207,153432,22371197.999734044
6028,4354,1676,265708,crossing_cost,208,152817,22371100.876725093
5981,4309,1676,266075,crossing_cost,209,153212,22371244.638140984
6029,4352,1678,266443,crossing_cost,210,153224,22371228.655074276
6085,4402,1683,263139,crossing_cost,211,153189,22371121.763100803
6025,4347,1682,264974,crossing_cost,212,153467,22371182.16787079
6059,4395,1666,264241,crossing_cost,213,153216,22371121.23476653
6077,4432,1651,265708,crossing_cost,214,153288,22371187.34628343
6091,4414,1679,265708,crossing_cost,215,153098,22371138.042162243
6075,4390,1688,266442,crossing_cost,216,153254,22371123.47825494
6082,4409,1678,266809,crossing_cost,217,153344,22371152.24159723
6022,4350,1672,266075,crossing_cost,218,153151,22371080.654742077
5992,4349,1641,264974,crossing_cost,219,153353,22371181.134579092
6052,4388,1664,264975,crossing_cost,220,152988,22371230.323360898
6057,4395,1664,267543,crossing_cost,221,153182,22371134.85518189
6067,4388,1682,266075,crossing_cost,222,153315,22371262.187144417
6103,4391,1712,264608,crossing_cost,223,153167,22371078.815013107
6112,4416,1700,266075,crossing_cost,224,152928,22371190.4502288
5958,4328,1636,266442,crossing_cost,225,153131,22371197.391210794
6087,4417,1676,266442,crossing_cost,226,153325,22371124.27131762
6022,4348,1680,265341,crossing_cost,227,153059,22371111.156286296
6072,4378,1694,266075,crossing_cost,228,152951,22371110.172583178
6019,4355,1663,266809,crossing_cost,229,153331,22371033.300152734
6130,4434,1693,264974,crossing_cost,230,153229,22371204.78520391
6049,4371,1682,266075,crossing_cost,231,153215,22371096.043935243
6033,4363,1675,265708,crossing_cost,232,153568,22371324.43967955
6034,4378,1657,266809,crossing_cost,233,153375,22371114.583466977
5976,4360,1622,264607,crossing_cost,234,153129,22371235.03222449
6127,4406,1721,264240,crossing_cost,235,153220,22371173.906935498
6021,4363,1662,266075,crossing_cost,236,153298,22371218.625387006
6090,4422,1672,264240,crossing_cost,237,153559,22371063.401953075
6002,4335,1669,264607,crossing_cost,238,152936,22371115.079378832
6058,4349,1710,264974,crossing_cost,239,153178,22371118.417801704
6039,4362,1683,266809,crossing_cost,240,153223,22371168.825013086
5967,4317,1650,265708,crossing_cost,241,153239,22371142.11677237
6014,4327,1693,265709,crossing_cost,242,153295,22371210.953253105
6075,4397,1679,266442,crossing_cost,243,153246,22371120.995780878
6055,4371,1687,265709,crossing_cost,244,153309,22371069.298508245
5981,4337,1648,265709,crossing_cost,245,153410,22371300.689846605
6039,4365,1677,266809,crossing_cost,246,153187,22371157.073259432
6081,4402,1682,263873,crossing_cost,247,152988,22371216.91606358
6034,4356,1680,265342,crossing_cost,248,153201,22371130.216328047
6068,4385,1684,265708,crossing_cost,249,153001,22371146.14545086
6029,4355,1678,266076,crossing_cost,250,153405,22371002.840629045
6057,4368,1689,264240,crossing_cost,251,153197,22371207.01552843
6053,4375,1682,266442,crossing_cost,252,153314,22371105.70726983
6028,4383,1649,265709,crossing_cost,253,153483,22371213.558132432
6068,4406,1663,264607,crossing_cost,254,153009,22371223.846207663
6003,4293,1713,266075,crossing_cost,255,153064,22371258.7222103
6041,4348,1696,266075,crossing_cost,256,153206,22371068.402621396
6074,4396,1679,265341,crossing_cost,257,153281,22371134.356463663
6060,4393,1672,264240,crossing_cost,258,153217,22371089.71838636
6063,4389,1680,266809,crossing_cost,259,153348,22371118.801280744
6020,4346,1674,266809,crossing_cost,260,153218,22371091.419790376
6069,4404,1666,266809,crossing_cost,261,153078,22371113.482108038
6085,4396,1693,265341,crossing_cost,262,153012,22371150.41939286
6081,4429,1655,265341,crossing_cost,263,153393,22371174.424578674
5981,4332,1653,265341,crossing_cost,264,153743,22371211.17773135
6089,4427,1665,265341,crossing_cost,265,153080,22371211.322151918
6099,4408,1686,264607,crossing_cost,266,152967,22371225.316128384
6043,4389,1657,264975,crossing_cost,267,153242,22371178.750550333
6127,4432,1697,264607,crossing_cost,268,153411,22371243.756399974
6036,4373,1664,265708,crossing_cost,269,153319,22371070.349222846
6113,4462,1650,265341,crossing_cost,270,153066,22371119.6868131
6022,4344,1681,265708,crossing_cost,271,153177,22371133.834205937
6041,4391,1654,266442,crossing_cost,272,153529,22371074.315089054
6025,4377,1653,267176,crossing_cost,273,153276,22371110.56899648
6034,4355,1681,265708,crossing_cost,274,153166,22371062.07577637
6031,4396,1636,266075,crossing_cost,275,153005,22371184.64913781
6087,4415,1677,264974,crossing_cost,276,153201,22371169.453777425
6008,4357,1655,266075,crossing_cost,277,153173,22371147.016807817
6051,4355,1702,263507,crossing_cost,278,153125,22371161.11996324
6074,4373,1705,264974,crossing_cost,279,153332,22371316.135564685
6048,4366,1688,262774,crossing_cost,280,153061,22371173.334667906
5996,4341,1661,265708,crossing_cost,281,153093,22371106.404275656
5977,4315,1668,266810,crossing_cost,282,153377,22371184.39180222
6028,4386,1648,264241,crossing_cost,283,153237,22371150.2403268
6028,4366,1666,266809,crossing_cost,284,153202,22371145.538476862
6014,4348,1666,264607,crossing_cost,285,153136,22371145.235647097
6057,4402,1657,264607,crossing_cost,286,153336,22371227.03746806
5989,4336,1654,266075,crossing_cost,287,153396,22371156.75271249
5999,4345,1656,264240,crossing_cost,288,153326,22371247.49425096
6097,4418,1679,264974,crossing_cost,289,153016,22371173.359601974
6016,4358,1660,266076,crossing_cost,290,153159,22371070.632845625
6059,4397,1660,266442,crossing_cost,291,153280,22371124.490904905
6043,4356,1689,263873,crossing_cost,292,153221,22371190.386312693
6087,4420,1668,265341,crossing_cost,293,153165,22371093.828423753
5966,4312,1657,264974,crossing_cost,294,153184,22371236.45032646
6007,4331,1681,265341,crossing_cost,295,153253,22371137.227612827
5993,4306,1692,266442,crossing_cost,296,153182,22371081.430865653
6087,4423,1668,265342,crossing_cost,297,153193,22371094.456986576
6010,4342,1670,265341,crossing_cost,298,153302,22371097.76246956
6017,4365,1654,266075,crossing_cost,299,153458,22371086.75466218
6091,4423,1670,267176,crossing_cost,300,152979,22371146.874861944
6083,4393,1688,265341,crossing_cost,301,153151,22371235.14322475
6014,4353,1660,266075,crossing_cost,302,153405,22371111.91619757
6041,4361,1681,266809,crossing_cost,303,153303,22371075.501673102
6052,4376,1678,265342,crossing_cost,304,153456,22371143.13420174
6033,4345,1692,265341,crossing_cost,305,153590,22371133.993717246
6040,4369,1671,265708,crossing_cost,306,153357,22371111.641536668
6157,4432,1729,264974,crossing_cost,307,153037,22371160.401666492
6027,4339,1692,264975,crossing_cost,308,153084,22371124.273285806
6046,4408,1640,264974,crossing_cost,309,153135,22371118.822187778
6071,4392,1683,265708,crossing_cost,310,153097,22371156.733535815
6039,4380,1661,265709,crossing_cost,311,153188,22371161.217383403
6025,4352,1673,266442,crossing_cost,312,153167,22371190.94701729
5988,4335,1658,267544,crossing_cost,313,153375,22371054.286858104
6032,4388,1646,266442,crossing_cost,314,153296,22371148.737736367
6008,4338,1670,265708,crossing_cost,315,153143,22371245.12952517
6061,4395,1668,265341,crossing_cost,316,153339,22371228.82457909
6032,4367,1667,263873,crossing_cost,317,153232,22371047.207311682
6054,4385,1673,265709,crossing_cost,318,153152,22371145.99497823
6046,4408,1642,267176,crossing_cost,319,153010,22371260.32141933
6056,4367,1689,265341,crossing_cost,320,153523,22371204.58675263
6052,4370,1683,267176,crossing_cost,321,153111,22371289.177023556
6048,4371,1682,265341,crossing_cost,322,153355,22371163.154607475
5978,4346,1638,264607,crossing_cost,323,153252,22371178.925674565
6053,4377,1671,265709,crossing_cost,324,153335,22371074.512897152
6103,4423,1681,266442,crossing_cost,325,153618,22371145.728784904
5996,4349,1651,266442,crossing_cost,326,153443,22371101.180833638
6020,4364,1660,266075,crossing_cost,327,153408,22371180.268783636
6063,4377,1685,264607,crossing_cost,328,153133,22371096.122873873
6039,4342,1697,264607,crossing_cost,329,153196,22371103.317353792
5968,4314,1659,266442,crossing_cost,330,153039,22371123.38846051
6014,4352,1658,265708,crossing_cost,331,153315,22371163.869839095
6079,4398,1682,264975,crossing_cost,332,153109,22371132.601046316
6035,4342,1694,265341,crossing_cost,333,152966,22371223.38901075
6034,4354,1681,264974,crossing_cost,334,153148,22371207.226987172
6073,4399,1677,266442,crossing_cost,335,153061,22371304.77643738
6103,4396,1711,264974,crossing_cost,336,152919,22371186.442852665
6053,4386,1671,264974,crossing_cost,337,153199,22371155.618112035
6099,4419,1685,265708,crossing_cost,338,152951,22371182.348167133
6053,4407,1651,264607,crossing_cost,339,153166,22371094.354632556
6036,4363,1678,265708,crossing_cost,340,153184,22371068.633035425
6060,4408,1653,267176,crossing_cost,341,153180,22371210.099759728
6019,4365,1656,265341,crossing_cost,342,153348,22371248.286266454
5967,4304,1667,266075,crossing_cost,343,153367,22371221.060608726
6099,4417,1686,264240,crossing_cost,344,153146,22371177.60608313
6024,4358,1666,265342,crossing_cost,345,153057,22371230.113567974
6033,4378,1655,265710,crossing_cost,346,152977,22371167.14243005
6158,4461,1699,263506,crossing_cost,347,152939,22371083.61291495
6029,4371,1660,266075,crossing_cost,348,153106,22371201.983680446
6035,4361,1679,266442,crossing_cost,349,153536,22371144.424272854
6076,4392,1686,266075,crossing_cost,350,153415,22371197.85829876
5980,4335,1649,266442,crossing_cost,351,153396,22371174.349535234
6114,4423,1694,266076,crossing_cost,352,153278,22371114.323914446
6098,4421,1682,265341,crossing_cost,353,153043,22371077.141087953
6052,4353,1703,265709,crossing_cost,354,152951,22371199.308771744
6032,4362,1674,265708,crossing_cost,355,153152,22371015.369617313
6089,4366,1725,266075,crossing_cost,356,153425,22371166.062881462
6031,4346,1691,266810,crossing_cost,357,153400,22371168.755667817
6033,4336,1701,265341,crossing_cost,358,153198,22371062.49233183
6020,4355,1671,265708,crossing_cost,359,153276,22371099.642612692
6039,4363,1680,267176,crossing_cost,360,153152,22371251.383653816
6079,4398,1682,264975,crossing_cost,361,153148,22371251.07310904
6034,4357,1680,266809,crossing_cost,362,153281,22371111.109758474
6079,4376,1704,264607,crossing_cost,363,152951,22371122.765326448
6043,4365,1681,265708,crossing_cost,364,153034,22371148.088116236
6057,4376,1684,265341,crossing_cost,365,153424,22371189.382470552
6033,4363,1669,266442,crossing_cost,366,153300,22371230.57846733
6055,4373,1685,265341,crossing_cost,367,153173,22371159.178288866
6043,4343,1700,265708,crossing_cost,368,153454,22371193.875330422
5951,4301,1653,265708,crossing_cost,369,153178,22371160.129489206
6097,4421,1682,265341,crossing_cost,370,153220,22371119.02290507
6050,4367,1688,266809,crossing_cost,371,153015,22371153.61295831
6071,4399,1675,265708,crossing_cost,372,153594,22371224.468027778
6115,4422,1694,265341,crossing_cost,373,153504,22371103.410876922
6071,4361,1708,265342,crossing_cost,374,153410,22371211.878552586
6021,4341,1682,266443,crossing_cost,375,153316,22371076.93685407
5991,4374,1612,264607,crossing_cost,376,153601,22371197.216895618
6035,4374,1667,265341,crossing_cost,377,153293,22371174.647435296
6029,4408,1625,264974,crossing_cost,378,153151,22371022.610193953
6067,4404,1663,263873,crossing_cost,379,153479,22371102.238299124
6062,4392,1674,265341,crossing_cost,380,153402,22371055.49108149
6106,4417,1688,264240,crossing_cost,381,153266,22371248.585523076
6060,4358,1701,264974,crossing_cost,382,153382,22371172.13191064
6027,4403,1623,264609,crossing_cost,383,153265,22371146.55091449
6047,4369,1677,263140,crossing_cost,384,153340,22371151.798552692
6029,4379,1650,263873,crossing_cost,385,152950,22371207.92750171
6027,4361,1670,265709,crossing_cost,386,153124,22371141.226113603
6063,4411,1653,264974,crossing_cost,387,153374,22371189.047658022
6112,4437,1673,266075,crossing_cost,388,153355,22371215.430876445
6061,4382,1684,264240,crossing_cost,389,153355,22371183.323566556
6087,4401,1692,267544,crossing_cost,390,153237,22371181.535120472
6035,4372,1665,265708,crossing_cost,391,152991,22371110.030329715
6030,4358,1674,264607,crossing_cost,392,153174,22371133.49476766
6028,4373,1657,265341,crossing_cost,393,153104,22371191.458995547
6023,4356,1666,266442,crossing_cost,394,152994,22371113.048099082
6064,4384,1681,265708,crossing_cost,395,153244,22371162.723119
6023,4381,1644,265709,crossing_cost,396,153057,22371204.766881555
5995,4354,1646,265709,crossing_cost,397,153395,22371062.300594226
6042,4353,1692,266442,crossing_cost,398,153719,22371167.73054086
5964,4321,1647,265708,crossing_cost,399,153037,22371193.75847979
5959,4283,1678,264974,crossing_cost,400,153332,22371159.0557118
5970,4332,1640,265708,crossing_cost,401,153419,22371264.10871139
6069,4388,1687,264975,crossing_cost,402,153347,22371130.101563968
6065,4384,1679,265342,crossing_cost,403,153152,22371049.46791415
6059,4409,1647,266075,crossing_cost,404,153274,22371173.061009176
6050,4381,1673,266076,crossing_cost,405,153231,22371201.60395776
6081,4383,1700,265708,crossing_cost,406,153244,22371192.824864283
6073,4404,1668,264974,crossing_cost,407,153158,22371139.655902974
6022,4366,1657,266075,crossing_cost,408,153416,22371172.108247474
6015,4322,1695,264607,crossing_cost,409,153554,22371099.721331123
6111,4427,1690,264241,crossing_cost,410,153393,22371098.27297695
5993,4312,1684,265708,crossing_cost,411,153315,22371126.165442456
6029,4384,1647,265341,crossing_cost,412,153266,22371116.1655562
6017,4372,1651,265341,crossing_cost,413,152983,22371233.166188985
6026,4349,1683,264607,crossing_cost,414,153088,22371155.120932065
6036,4370,1668,263873,crossing_cost,415,153288,22371162.977761447
6070,4417,1655,266076,crossing_cost,416,153160,22371077.30815517
6083,4430,1656,265341,crossing_cost,417,153234,22371217.79605753
6041,4395,1652,266075,crossing_cost,418,153427,22371120.137362413
6040,4388,1655,263140,crossing_cost,419,153425,22371230.58537241
6108,4459,1654,264240,crossing_cost,420,153267,22371187.3968752
6130,4463,1673,264607,crossing_cost,421,153306,22371186.136104144
5990,4351,1643,267176,crossing_cost,422,153271,22371227.884598345
6065,4377,1688,264974,crossing_cost,423,153156,22371185.935673967
6068,4419,1655,266809,crossing_cost,424,153105,22371056.395876072
5948,4282,1667,266809,crossing_cost,425,153155,22371206.743373334
6077,4398,1683,265709,crossing_cost,426,153143,22371200.787177287
6038,4372,1671,264974,crossing_cost,427,153353,22371148.75779299
6033,4370,1665,264974,crossing_cost,428,153490,22371124.320189383
6065,4382,1684,266076,crossing_cost,429,153194,22371177.78269968
6022,4342,1686,263873,crossing_cost,430,153284,22371121.49899961
5997,4318,1681,266810,crossing_cost,431,153283,22371128.32534534
6055,4381,1675,263873,crossing_cost,432,153164,22371127.466333807
6065,4378,1689,266809,crossing_cost,433,153325,22371133.32870524
6090,4395,1701,263873,crossing_cost,434,153248,22371097.62078959
6042,4386,1657,265341,crossing_cost,435,153085,22371129.398741297
6053,4411,1646,265708,crossing_cost,436,153069,22371159.699373722
6108,4419,1691,266075,crossing_cost,437,152855,22371210.928606763
6095,4397,1699,266443,crossing_cost,438,153274,22371153.380787127
6128,4447,1686,264974,crossing_cost,439,153169,22371201.824512847
6016,4373,1649,267543,crossing_cost,440,153273,22371193.8419123
6034,4341,1691,265708,crossing_cost,441,153322,22371151.73554435
6026,4376,1653,265708,crossing_cost,442,152997,22371152.32787361
6035,4356,1682,264607,crossing_cost,443,153222,22371166.379964814
6145,4443,1701,263506,crossing_cost,444,153126,22371182.320091575
6061,4408,1659,264974,crossing_cost,445,153063,22371184.57391139
6076,4383,1696,263873,crossing_cost,446,153312,22371023.392740287
6031,4387,1644,265341,crossing_cost,447,153264,22371192.43527648
6066,4400,1670,265341,crossing_cost,448,153282,22371151.874571003
6038,4385,1654,264975,crossing_cost,449,153191,22371184.327412114
6063,4380,1687,266075,crossing_cost,450,153131,22371071.853634283
6083,4398,1683,264607,crossing_cost,451,153595,22371242.230816
6093,4424,1674,265708,crossing_cost,452,152874,22371183.058865495
6050,4370,1684,266075,crossing_cost,453,153122,22371131.456026234
6041,4356,1688,266075,crossing_cost,454,153227,22371143.48080177
6051,4394,1662,264241,crossing_cost,455,153188,22371095.003026724
6083,4386,1699,265341,crossing_cost,456,153024,22371183.24778666
6086,4401,1689,266443,crossing_cost,457,153143,22371153.901959002
5996,4342,1660,264974,crossing_cost,458,152996,22371121.234763414
5965,4296,1671,265341,crossing_cost,459,153368,22371200.279902767
6071,4406,1666,266075,crossing_cost,460,152807,22371129.79832171
6010,4376,1635,264974,crossing_cost,461,153485,22371175.287476934
6042,4378,1670,265342,crossing_cost,462,153113,22371113.13293021
6053,4373,1685,264607,crossing_cost,463,153109,22371100.09423882
6095,4425,1675,266075,crossing_cost,464,153188,22371237.103916273
6037,4357,1682,264607,crossing_cost,465,152963,22371161.52000267
5979,4327,1654,265341,crossing_cost,466,153502,22371179.965762578
6074,4372,1705,265342,crossing_cost,467,153044,22371204.257753104
6079,4439,1641,265342,crossing_cost,468,153233,22371099.680995535
5943,4299,1649,263507,crossing_cost,469,153171,22371158.108662605
6019,4319,1697,264974,crossing_cost,470,153372,22371160.574949495
5990,4309,1686,264975,crossing_cost,471,153534,22371241.062485386
6008,4339,1672,264240,crossing_cost,472,153286,22371236.13584724
6004,4374,1632,266442,crossing_cost,473,153317,22371066.163764574
6046,4367,1683,264975,crossing_cost,474,153113,22371078.815622605
6053,4413,1643,264240,crossing_cost,475,153412,22371149.243768536
6003,4337,1670,265341,crossing_cost,476,153424,22371226.889815036
5978,4318,1662,265341,crossing_cost,477,153200,22371177.567302406
6081,4391,1693,266810,crossing_cost,478,153524,22371162.082008503
6091,4396,1696,264241,crossing_cost,479,153204,22371152.714822486
6009,4362,1651,265708,crossing_cost,480,153450,22371155.16880343
6140,4462,1682,264974,crossing_cost,481,153378,22371164.90943109
6006,4370,1642,265342,crossing_cost,482,153155,22371181.139092214
6073,4375,1698,265708,crossing_cost,483,153243,22371126.01471719
6001,4358,1646,264974,crossing_cost,484,153061,22371064.195507478
6080,4408,1676,266442,crossing_cost,485,153195,22371157.06288114
5984,4324,1664,266809,crossing_cost,486,153137,22371269.32652294
6078,4403,1676,265709,crossing_cost,487,153259,22370995.3144153
6029,4374,1656,263506,crossing_cost,488,153263,22371114.999855287
6078,4413,1668,265342,crossing_cost,489,153110,22371033.39435053
6003,4329,1680,263874,crossing_cost,490,152997,22371201.12895358
6081,4405,1679,265708,crossing_cost,491,153305,22371140.69367608
6082,4403,1684,264975,crossing_cost,492,152897,22371187.863892812
6089,4380,1710,264240,crossing_cost,493,153205,22371202.77347765
6073,4398,1678,264974,crossing_cost,494,153248,22371099.28353499
6019,4331,1694,266075,crossing_cost,495,153287,22371069.777436852
6018,4368,1655,266442,crossing_cost,496,153502,22371129.020893887
5979,4304,1678,266076,crossing_cost,497,153303,22371087.082730718
5959,4318,1645,264974,crossing_cost,498,153512,22371158.237871084
6019,4367,1656,265341,crossing_cost,499,153435,22371217.503148258
6018,4348,1672,264974,crossing_cost,500,153274,22371156.61218538
6023,4381,1645,266442,crossing_cost,501,153431,22371036.852314144
6108,4376,1733,266809,crossing_cost,502,153149,22371229.52631802
6022,4363,1662,266075,crossing_cost,503,152872,22371193.54943566
6039,4366,1679,265341,crossing_cost,504,153439,22371243.295502983
6046,4371,1674,264974,crossing_cost,505,153487,22371113.884172726
6101,4406,1696,263506,crossing_cost,506,153134,22371259.33697211
6004,4344,1663,263873,crossing_cost,507,153218,22371131.11458568
6077,4376,1704,264974,crossing_cost,508,153118,22371142.946035683
6042,4363,1680,264974,crossing_cost,509,153261,22371108.626037553
6024,4367,1663,265708,crossing_cost,510,153352,22371166.18439653
6030,4345,1689,266442,crossing_cost,511,153453,22371087.55673591
6028,4358,1675,265708,crossing_cost,512,153282,22371075.389162056
6037,4396,1647,265341,crossing_cost,513,153399,22371194.246575285
6041,4388,1656,266809,crossing_cost,514,153334,22371143.559157163
6131,4414,1719,264607,crossing_cost,515,152968,22371008.5789152
6053,4388,1670,263873,crossing_cost,516,153443,22371126.46585731
6088,4410,1683,264974,crossing_cost,517,153416,22371159.311812088
6058,4394,1666,265341,crossing_cost,518,153130,22371170.164932836
5990,4304,1686,264975,crossing_cost,519,153132,22371165.548110243
6085,4426,1661,266442,crossing_cost,520,153252,22371194.142985027
6031,4345,1686,265708,crossing_cost,521,153306,22371088.723383673
6041,4368,1674,265341,crossing_cost,522,153295,22371075.469868816
5992,4331,1665,265341,crossing_cost,523,153081,22371304.337264497
6018,4343,1678,265341,crossing_cost,524,153053,22371230.029944092
6103,4410,1699,264607,crossing_cost,525,153272,22371131.466583878
6038,4401,1637,264974,crossing_cost,526,152899,22371063.562456455
6020,4377,1646,265708,crossing_cost,527,153555,22371152.818006195
5977,4297,1675,265709,crossing_cost,528,153449,22371083.60378734
6053,4373,1682,265708,crossing_cost,529,153216,22371170.141567267
5985,4346,1642,266075,crossing_cost,530,153263,22371113.378813587
6065,4407,1664,266442,crossing_cost,531,153098,22371233.264463283
5991,4310,1685,266076,crossing_cost,532,152960,22371149.7660027
6001,4361,1645,263140,crossing_cost,533,153085,22371139.704231553
6077,4374,1704,264607,crossing_cost,534,153195,22371145.85971933
6054,4380,1679,265341,crossing_cost,535,153490,22371059.996953584
6005,4390,1620,267176,crossing_cost,536,153139,22371138.122622292
6096,4428,1673,264608,crossing_cost,537,153105,22371157.786691785
6036,4367,1675,266442,crossing_cost,538,153155,22371218.381293725
6013,4362,1657,264975,crossing_cost,539,153080,22371049.25360869
6009,4378,1635,264240,crossing_cost,540,153326,22371172.811757084
5990,4359,1635,265341,crossing_cost,541,153287,22371201.74856393
6017,4350,1667,266442,crossing_cost,542,153181,22371197.204732858
6017,4358,1664,266075,crossing_cost,543,153532,22371067.86796301
6026,4377,1655,266076,crossing_cost,544,153071,22371135.208651554
6051,4363,1686,266075,crossing_cost,545,153258,22371060.49382858
6053,4425,1629,266809,crossing_cost,546,153398,22371106.615631036
6017,4384,1635,267176,crossing_cost,547,153159,22371145.97055178
5930,4296,1636,264607,crossing_cost,548,153174,22371127.918076374
6027,4370,1661,267177,crossing_cost,549,153096,22371116.80423375
6052,4372,1682,264240,crossing_cost,550,153376,22371073.49071856
6036,4368,1673,264240,crossing_cost,551,153353,22371094.20070016
6037,4352,1688,266809,crossing_cost,552,153323,22371235.737158127
6029,4363,1668,266443,crossing_cost,553,153047,22371128.373495527
6027,4348,1682,266075,crossing_cost,554,153398,22371137.406920046
6046,4385,1662,267910,crossing_cost,555,153209,22371181.122627158
6086,4385,1702,265708,crossing_cost,556,153056,22371156.199499384
6074,4397,1679,266075,crossing_cost,557,153459,22371068.90834282
6046,4379,1670,266075,crossing_cost,558,153285,22371157.225378327
5950,4297,1654,265708,crossing_cost,559,153161,22371255.092805207
6101,4429,1674,265341,crossing_cost,560,153229,22371209.671099044
6061,4375,1692,265708,crossing_cost,561,153224,22371186.504050404
5972,4324,1650,264240,crossing_cost,562,153364,22371124.698136587
5952,4279,1677,262773,crossing_cost,563,153465,22371071.27504751
6003,4354,1655,264974,crossing_cost,564,153295,22371190.648334607
6017,4372,1648,265708,crossing_cost,565,153405,22371158.93090277
6000,4348,1655,265342,crossing_cost,566,153154,22371132.50087878
6030,4380,1651,266442,crossing_cost,567,153263,22371172.31498336
5923,4283,1644,265341,crossing_cost,568,153234,22371158.059591454
6054,4378,1682,264607,crossing_cost,569,153354,22371090.04916334
6016,4341,1677,266075,crossing_cost,570,153514,22371228.762324035
6038,4398,1640,266442,crossing_cost,571,152924,22371193.178160995
5979,4329,1656,267545,crossing_cost,572,153150,22371137.779585727
6056,4372,1686,264975,crossing_cost,573,153413,22371151.833568987
6029,4362,1672,265342,crossing_cost,574,153074,22371091.659497596
6110,4386,1728,263507,crossing_cost,575,152910,22371229.53786082
6002,4350,1654,264240,crossing_cost,576,153132,22371110.27294548
5984,4342,1640,264974,crossing_cost,577,153180,22371185.87325378
5982,4351,1637,264976,crossing_cost,578,153348,22371064.84891848
6086,4398,1693,265341,crossing_cost,579,153532,22371100.486782797
6052,4375,1682,265708,crossing_cost,580,153175,22371056.720142007
6015,4303,1712,265708,crossing_cost,581,153212,22371092.57909747
6022,4366,1657,266442,crossing_cost,582,153065,22371171.053116687
6095,4400,1697,264607,crossing_cost,583,153238,22371172.027378753
6062,4385,1679,266076,crossing_cost,584,153172,22371155.758903027
6028,4362,1667,265709,crossing_cost,585,153297,22371084.31678037
6060,4379,1685,265341,crossing_cost,586,153624,22371111.982616015
6071,4366,1709,265708,crossing_cost,587,153142,22371164.332685143
6012,4357,1656,264974,crossing_cost,588,153335,22371142.14958413
5991,4362,1633,264974,crossing_cost,589,153335,22371228.06080445
6080,4408,1673,265708,crossing_cost,590,153319,22371161.16365362
5985,4338,1648,264974,crossing_cost,591,153534,22371108.569418788
6084,4416,1673,265341,crossing_cost,592,153333,22371106.683260445
6042,4405,1641,266442,crossing_cost,593,153476,22371126.26713936
6020,4358,1666,265708,crossing_cost,594,153201,22371161.559206687
6090,4426,1668,265708,crossing_cost,595,153328,22371143.651648507
6017,4350,1672,264974,crossing_cost,596,153339,22371148.834928222
6026,4343,1684,267176,crossing_cost,597,153331,22371127.439569436
6079,4419,1662,266442,crossing_cost,598,153242,22371124.1843401
5984,4328,1658,266442,crossing_cost,599,153112,22371195.46994268
6156,4465,1691,265342,crossing_cost,600,153283,22371152.849575505
6086,4406,1681,266075,crossing_cost,601,153044,22371130.90109815
6097,4384,1715,263140,crossing_cost,602,153264,22371275.88045708
5998,4315,1685,264974,crossing_cost,603,153253,22371178.876671877
5985,4325,1663,266076,crossing_cost,604,153351,22371136.15809004
6079,4399,1686,266809,crossing_cost,605,153197,22371158.17109374
6085,4411,1677,266442,crossing_cost,606,153297,22371231.509909887
6060,4383,1679,264974,crossing_cost,607,153116,22371175.718908787
6072,4382,1694,266076,crossing_cost,608,153011,22371181.59971288
6002,4336,1672,265341,crossing_cost,609,153304,22371113.997398335
5990,4324,1672,266442,crossing_cost,610,152933,22371114.416205525
6053,4359,1699,266809,crossing_cost,611,153160,22371099.904814668
6083,4393,1692,266075,crossing_cost,612,153283,22371130.92124609
6105,4399,1708,264240,crossing_cost,613,153016,22371196.0450854
6035,4350,1691,267177,crossing_cost,614,153216,22371088.962699823
6021,4347,1679,264974,crossing_cost,615,153290,22371089.617222123
6089,4411,1681,266075,crossing_cost,616,153105,22371074.734955654
6022,4382,1643,266442,crossing_cost,617,153160,22371129.647804204
6025,4331,1698,265708,crossing_cost,618,153102,22371103.221663795
6119,4430,1694,266076,crossing_cost,619,152890,22371117.18431306
6029,4336,1697,264241,crossing_cost,620,153358,22371197.16358109
6041,4358,1689,265341,crossing_cost,621,153347,22371106.281906776
6077,4362,1717,265708,crossing_cost,622,153203,22371183.549940493
6077,4404,1672,264608,crossing_cost,623,153136,22371145.788521174
6105,4416,1686,264607,crossing_cost,624,152952,22371118.745241545
5996,4325,1674,265341,crossing_cost,625,153763,22371131.790381417
6082,4411,1674,265708,crossing_cost,626,153252,22371214.65238046
6002,4348,1655,264607,crossing_cost,627,153268,22371186.809791986
5996,4328,1674,264974,crossing_cost,628,153597,22371073.195572596
6047,4357,1696,265341,crossing_cost,629,153051,22371158.577424772
6070,4385,1688,265342,crossing_cost,630,153121,22371280.971687853
6075,4394,1683,266442,crossing_cost,631,153375,22371186.643217623
6005,4344,1665,266076,crossing_cost,632,153129,22371172.16052737
5989,4314,1681,264974,crossing_cost,633,153097,22371137.89611598
6071,4407,1667,265341,crossing_cost,634,153026,22371199.787020538
6037,4354,1686,266076,crossing_cost,635,152889,22371100.73790147
6078,4397,1685,266075,crossing_cost,636,153338,22371167.82968555
6035,4381,1659,266442,crossing_cost,637,153532,22371169.129649073
6057,4440,1617,265708,crossing_cost,638,153145,22371232.74197463
6059,4364,1696,266809,crossing_cost,639,153423,22371100.49805613
6078,4409,1675,265342,crossing_cost,640,153226,22371112.69601083
5979,4311,1672,264607,crossing_cost,641,153490,22371196.774293177
6087,4413,1680,264974,crossing_cost,642,153262,22371174.010619346
5993,4326,1667,265709,crossing_cost,643,153358,22371201.18557214
6034,4330,1706,263873,crossing_cost,644,152986,22371113.250570234
5970,4315,1661,264974,crossing_cost,645,153105,22371173.682259552
6051,4369,1683,264607,crossing_cost,646,153308,22371145.29471396
6008,4315,1699,264974,crossing_cost,647,153158,22371177.234382287
6055,4361,1698,265708,crossing_cost,648,153274,22371176.66739297
5992,4315,1683,264607,crossing_cost,649,153423,22371081.631137446
6033,4375,1661,264974,crossing_cost,650,153268,22371185.54371293
5960,4312,1652,263507,crossing_cost,651,153239,22371111.577079434
6057,4361,1699,264974,crossing_cost,652,153185,22371160.11864561
6033,4361,1678,266442,crossing_cost,653,153213,22371166.688576005
6039,4382,1658,265341,crossing_cost,654,153185,22371179.370259695
5976,4329,1649,264240,crossing_cost,655,152948,22371122.954586826
5968,4345,1628,266075,crossing_cost,656,153324,22371267.72185655
6054,4352,1702,263874,crossing_cost,657,153322,22371135.75552231
6009,4396,1619,266442,crossing_cost,658,152905,22371177.03116198
5974,4324,1652,265708,crossing_cost,659,152996,22371154.867108848
6068,4416,1657,264607,crossing_cost,660,152886,22371082.381565563
6034,4389,1650,266075,crossing_cost,661,153248,22371178.015425093
6070,4373,1700,264608,crossing_cost,662,153440,22371162.834135607
6053,4391,1667,265708,crossing_cost,663,153345,22371197.190198615
6022,4371,1655,265341,crossing_cost,664,153013,22371247.46127177
6056,4368,1692,266075,crossing_cost,665,153440,22371229.735556375
6038,4346,1698,264974,crossing_cost,666,153283,22371060.059443213
6050,4377,1677,264607,crossing_cost,667,153338,22371124.669825755
6052,4368,1684,265708,crossing_cost,668,153177,22371142.69558418
6058,4389,1669,266442,crossing_cost,669,153134,22371166.07541737
5947,4278,1670,266442,crossing_cost,670,152858,22371096.744217515
6040,4369,1675,264975,crossing_cost,671,153174,22371187.216934163
6071,4390,1680,267176,crossing_cost,672,153107,22371232.625399426
6098,4425,1677,266075,crossing_cost,673,153244,22371126.967616595
6111,4411,1704,267176,crossing_cost,674,153299,22371120.81833182
6002,4344,1661,266075,crossing_cost,675,153195,22371180.68775406
6118,4390,1730,267543,crossing_cost,676,153555,22371016.48381282
6031,4383,1652,266075,crossing_cost,677,153155,22371147.937856004
6008,4371,1643,264609,crossing_cost,678,153221,22371144.291129887
6075,4361,1720,265709,crossing_cost,679,153159,22371176.388184324
6059,4391,1674,265708,crossing_cost,680,153098,22371199.843617372
6093,4407,1690,265341,crossing_cost,681,153399,22371146.789491065
6098,4406,1693,266810,crossing_cost,682,153236,22371212.953534268
6057,4386,1669,263873,crossing_cost,683,153259,22371202.301599063
5945,4304,1646,263874,crossing_cost,684,153355,22371280.54346679
5974,4330,1647,265708,crossing_cost,685,153071,22371169.078358755
6087,4401,1686,264974,crossing_cost,686,153079,22371109.846034292
6057,4389,1672,266809,crossing_cost,687,153047,22371065.258697346
6004,4327,1680,266442,crossing_cost,688,153371,22371163.58984725
6073,4397,1681,266810,crossing_cost,689,153495,22371090.01035545
6064,4390,1675,266075,crossing_cost,690,153170,22371093.538136013
6042,4370,1678,266442,crossing_cost,691,153228,22371161.778196618
6099,4445,1657,264974,crossing_cost,692,153424,22371132.786241647
6112,4420,1696,265342,crossing_cost,693,153344,22371140.39178794
6007,4333,1680,266075,crossing_cost,694,153375,22371224.49668725
6015,4368,1653,263873,crossing_cost,695,153473,22371147.790868457
6095,4441,1656,263139,crossing_cost,696,153360,22371124.509978022
6023,4366,1663,265341,crossing_cost,697,153220,22371274.530097507
6024,4329,1698,266442,crossing_cost,698,153270,22371219.773601837
6029,4384,1651,265342,crossing_cost,699,153119,22371169.160554416
6010,4330,1683,266809,crossing_cost,700,153350,22371162.96245812
6030,4366,1666,265709,crossing_cost,701,153031,22371034.776120253
6049,4384,1667,266075,crossing_cost,702,153274,22371170.510021333
6073,4405,1669,265709,crossing_cost,703,153070,22371200.918016773
6068,4404,1662,265341,crossing_cost,704,153022,22371210.008145873
6071,4388,1689,266442,crossing_cost,705,153088,22371264.008293312
6075,4416,1662,264242,crossing_cost,706,153457,22371170.15716677
5990,4341,1655,265341,crossing_cost,707,152943,22371024.795177594
6001,4339,1662,268277,crossing_cost,708,153046,22371124.361540876
6029,4353,1676,265341,crossing_cost,709,153246,22371068.074671946
6010,4354,1660,265341,crossing_cost,710,152836,22371156.143730126
6056,4408,1654,266442,crossing_cost,711,152981,22371196.059834942
6019,4345,1679,264241,crossing_cost,712,153146,22371174.25905525
5973,4345,1634,265708,crossing_cost,713,153364,22371204.216065392
6038,4369,1668,265341,crossing_cost,714,153364,22371066.238791976
6032,4369,1667,266075,crossing_cost,715,153019,22371186.08578445
6038,4368,1672,264974,crossing_cost,716,153333,22371140.907735184
6058,4388,1674,264607,crossing_cost,717,153093,22371167.580743507
6058,4402,1656,265341,crossing_cost,718,153378,22371152.98326212
6070,4393,1680,267910,crossing_cost,719,153304,22371182.97486178
6031,4359,1669,266442,crossing_cost,720,153369,22371131.36381933
6073,4407,1667,266442,crossing_cost,721,153423,22371132.12477754
6040,4365,1681,266809,crossing_cost,722,153347,22371065.641908355
6041,4370,1677,264241,crossing_cost,723,153401,22371141.715370037
6031,4349,1683,266442,crossing_cost,724,153020,22371088.30027437
6032,4389,1644,263874,crossing_cost,725,153167,22371101.962344594
6047,4379,1671,266075,crossing_cost,726,153285,22371210.013583057
6041,4353,1693,264607,crossing_cost,727,153141,22371164.496323183
6002,4341,1664,264974,crossing_cost,728,153257,22371111.767859265
6020,4348,1678,266442,crossing_cost,729,153218,22371242.990106076
5956,4289,1669,266442,crossing_cost,730,153261,22371138.825057596
6119,4406,1714,265342,crossing_cost,731,153199,22371160.387877103
6049,4379,1673,264974,crossing_cost,732,153452,22371183.45990728
5949,4280,1674,264975,crossing_cost,733,152908,22371155.069126535
6059,4399,1660,266075,crossing_cost,734,153372,22371236.617325738
6099,4405,1695,267176,crossing_cost,735,153265,22371175.431310434
6031,4367,1670,266075,crossing_cost,736,153188,22371128.09159894
6025,4355,1675,264240,crossing_cost,737,153374,22371228.546565875
6102,4421,1680,266810,crossing_cost,738,153021,22371152.323321566
6087,4395,1694,264607,crossing_cost,739,153135,22371141.104081936
6039,4343,1697,264240,crossing_cost,740,153495,22371279.105687454
5943,4295,1648,265341,crossing_cost,741,153258,22371071.51096502
5966,4307,1660,265708,crossing_cost,742,153387,22371060.80981025
6062,4391,1673,264975,crossing_cost,743,153207,22371207.228089698
6124,4406,1716,266075,crossing_cost,744,153111,22371249.96789366
6073,4387,1685,265709,crossing_cost,745,152787,22371192.57546507
6013,4300,1712,266075,crossing_cost,746,153309,22371169.493964612
5945,4298,1646,264974,crossing_cost,747,153172,22371130.152884085
6073,4359,1714,267176,crossing_cost,748,153410,22371099.917367995
6099,4423,1679,265341,crossing_cost,749,153021,22371166.40150872
6034,4346,1694,265708,crossing_cost,750,153233,22371113.98333849
6055,4380,1680,266076,crossing_cost,751,153039,22371199.212883808
6042,4369,1675,266809,crossing_cost,752,153408,22371174.730438054
6047,4389,1662,264974,crossing_cost,753,153209,22371203.548508525
6034,4365,1672,265708,crossing_cost,754,153388,22371255.158052057
6136,4431,1709,266810,crossing_cost,755,153488,22371157.29045336
6093,4453,1644,267176,crossing_cost,756,153306,22371207.245544683
6073,4391,1685,265342,crossing_cost,757,153262,22371135.48914604
6042,4359,1684,267177,crossing_cost,758,152943,22371129.881740022
6045,4357,1688,264607,crossing_cost,759,153337,22371149.904536266
6098,4425,1675,267176,crossing_cost,760,153548,22371212.1983558
6043,4375,1671,265341,crossing_cost,761,153065,22371131.97795675
5993,4320,1675,265709,crossing_cost,762,153070,22371172.262494147
6065,4398,1667,264974,crossing_cost,763,153204,22371250.526747465
6080,4393,1692,265341,crossing_cost,764,153231,22371071.38284317
6037,4375,1666,266076,crossing_cost,765,153154,22371194.08026785
5960,4317,1647,266809,crossing_cost,766,153526,22371257.984737765
6006,4365,1642,266442,crossing_cost,767,153377,22371102.24804028
6018,4327,1696,265708,crossing_cost,768,153033,22371032.689506814
6008,4343,1666,266075,crossing_cost,769,153230,22371166.222395755
6009,4387,1627,265341,crossing_cost,770,153560,22371254.21938315
6013,4346,1672,265342,crossing_cost,771,153619,22371162.93619422
6096,4433,1667,264974,crossing_cost,772,153183,22371115.440469373
6035,4336,1705,264974,crossing_cost,773,153289,22371204.609587967
6051,4337,1717,264974,crossing_cost,774,153441,22371158.438509077
6016,4345,1674,264974,crossing_cost,775,153044,22371159.416448765
6055,4398,1663,264607,crossing_cost,776,153295,22371152.15663966
6011,4339,1673,265342,crossing_cost,777,153275,22371120.17729316
6009,4338,1672,264974,crossing_cost,778,153186,22371143.512234673
6004,4352,1656,266444,crossing_cost,779,153375,22371126.125196364
6038,4350,1690,264609,crossing_cost,780,153532,22371239.44960861
6090,4409,1677,264240,crossing_cost,781,153165,22371179.29541478
6073,4385,1694,265342,crossing_cost,782,153064,22371171.465381756
5904,4248,1660,265341,crossing_cost,783,153164,22371222.66007731
6072,4363,1713,265708,crossing_cost,784,153456,22371215.447665356
5998,4350,1649,264607,crossing_cost,785,153254,22371227.62559015
6001,4341,1663,266442,crossing_cost,786,153463,22371164.39879193
6084,4389,1698,267176,crossing_cost,787,153166,22371167.179588865
6018,4362,1658,266075,crossing_cost,788,153278,22371230.086978845
6017,4392,1630,264974,crossing_cost,789,153334,22371147.657093458
6036,4355,1684,266442,crossing_cost,790,153291,22371150.44248496
6017,4332,1686,265709,crossing_cost,791,152878,22371195.575553354
6052,4366,1687,266075,crossing_cost,792,153138,22371108.847392775
6009,4342,1672,267176,crossing_cost,793,153278,22371102.90206866
6021,4364,1663,267176,crossing_cost,794,153185,22371086.435631614
6046,4364,1684,266809,crossing_cost,795,153304,22371188.492587693
6007,4382,1623,265341,crossing_cost,796,153035,22371084.16808313
6088,4420,1673,265341,crossing_cost,797,153329,22371178.984921955
5998,4337,1663,265341,crossing_cost,798,153242,22371165.830788262
6043,4376,1670,264240,crossing_cost,799,153433,22371195.523729768
6044,4365,1681,264240,crossing_cost,800,153394,22371027.407856114
6025,4357,1671,264609,crossing_cost,801,153458,22371198.358174257
6107,4423,1687,266075,crossing_cost,802,153215,22370980.858507857
6025,4414,1614,266075,crossing_cost,803,153124,22371021.131725393
6037,4369,1673,265708,crossing_cost,804,153281,22371193.073754404
6013,4327,1690,266075,crossing_cost,805,153269,22371268.98855428
6037,4323,1718,264974,crossing_cost,806,153088,22371172.06859126
5994,4329,1667,264240,crossing_cost,807,153239,22371172.531759657
6033,4372,1666,266075,crossing_cost,808,153373,22371310.887192436
6048,4358,1693,264608,crossing_cost,809,153352,22371235.203193128
6097,4402,1695,266075,crossing_cost,810,153205,22371173.773345314
6083,4405,1680,266075,crossing_cost,811,153334,22371142.838004865
5976,4333,1647,264608,crossing_cost,812,153160,22371185.360158168
6077,4394,1688,264974,crossing_cost,813,153381,22371219.002693754
6030,4390,1642,266075,crossing_cost,814,153295,22371154.93032138
5964,4285,1682,265708,crossing_cost,815,153181,22371092.359142534
6078,4411,1673,265342,crossing_cost,816,153071,22371170.727811787
6034,4384,1655,265708,crossing_cost,817,153174,22371279.11227462
6135,4470,1666,266075,crossing_cost,818,153400,22371189.345652446
6097,4403,1696,265708,crossing_cost,819,153358,22371084.019035656
6096,4400,1692,264608,crossing_cost,820,153051,22371177.896873735
6020,4361,1662,265341,crossing_cost,821,153327,22371005.641210765
5968,4314,1660,264607,crossing_cost,822,153288,22371143.667030297
6056,4406,1652,265341,crossing_cost,823,153251,22371219.454932015
6029,4379,1654,265708,crossing_cost,824,153094,22371168.09762592
6038,4373,1664,266809,crossing_cost,825,153074,22371093.888393342
6053,4377,1678,265343,crossing_cost,826,153259,22371028.68253982
6107,4404,1706,264974,crossing_cost,827,153103,22371257.286829554
5922,4279,1646,266443,crossing_cost,828,153409,22371135.714202527
6090,4399,1697,263507,crossing_cost,829,153469,22371101.242480397
6034,4366,1669,266442,crossing_cost,830,153235,22371124.711129017
6020,4356,1667,266075,crossing_cost,831,153309,22371233.810676344
5997,4331,1669,267176,crossing_cost,832,153315,22371186.81936114
6057,4395,1666,264241,crossing_cost,833,153250,22371171.12895087
5952,4291,1664,265341,crossing_cost,834,153443,22371192.06374965
6066,4382,1687,264974,crossing_cost,835,153689,22371154.836607337
6041,4388,1654,265341,crossing_cost,836,153116,22371114.361826863
6019,4367,1657,266075,crossing_cost,837,153276,22371083.65261998
6038,4380,1661,266443,crossing_cost,838,153114,22371119.46681624
6005,4337,1667,264974,crossing_cost,839,153139,22371152.464724652
6078,4398,1685,265709,crossing_cost,840,153490,22371154.36565268
5977,4312,1663,266075,crossing_cost,841,153189,22371192.258615263
5983,4316,1672,266442,crossing_cost,842,153363,22371122.714626417
6080,4410,1671,265341,crossing_cost,843,153104,22371116.71597176
6057,4371,1687,266442,crossing_cost,844,153069,22371233.613574512
6021,4369,1655,264240,crossing_cost,845,153256,22371240.57593033
5994,4356,1639,263507,crossing_cost,846,153154,22371231.330440313
5932,4307,1630,264607,crossing_cost,847,153267,22371085.140939735
6070,4384,1688,264974,crossing_cost,848,153489,22371153.3366979
5981,4326,1658,266076,crossing_cost,849,152911,22371035.051420398
6052,4377,1675,267910,crossing_cost,850,153348,22371019.550469056
5948,4295,1658,266075,crossing_cost,851,153411,22371199.217391796
5985,4324,1662,266442,crossing_cost,852,152909,22371088.59266235
6113,4436,1681,265341,crossing_cost,853,153329,22371116.539231364
6007,4363,1643,266809,crossing_cost,854,153135,22371117.052634433
6009,4336,1675,267176,crossing_cost,855,153431,22371207.667026326
6006,4357,1655,267176,crossing_cost,856,152779,22371172.39306308
6127,4458,1670,265708,crossing_cost,857,153261,22371067.618003704
6022,4358,1665,266809,crossing_cost,858,153298,22371154.792891566
6107,4420,1690,266443,crossing_cost,859,153153,22371082.43252045
6009,4341,1669,264607,crossing_cost,860,153064,22371156.756621286
6056,4386,1672,263873,crossing_cost,861,153178,22371133.692032486
6016,4347,1669,263139,crossing_cost,862,153092,22371220.20923736
5993,4340,1659,264607,crossing_cost,863,153134,22371117.5774602
6079,4408,1674,264974,crossing_cost,864,153333,22371096.041640896
6013,4339,1673,264607,crossing_cost,865,153304,22371215.706832763
6014,4351,1669,266443,crossing_cost,866,153458,22371134.505221926
6117,4439,1676,265708,crossing_cost,867,153291,22371137.659394085
5983,4335,1646,266442,crossing_cost,868,153243,22371124.629693355
6008,4342,1670,264974,crossing_cost,869,153190,22371072.153877478
6059,4416,1649,266442,crossing_cost,870,153217,22371096.25300348
6079,4399,1677,264974,crossing_cost,871,153213,22371183.626939714
6030,4378,1652,265708,crossing_cost,872,153178,22371201.540301602
6055,4399,1661,266079,crossing_cost,873,153005,22371111.571002007
6094,4418,1682,265708,crossing_cost,874,153261,22371167.86021845
6083,4396,1691,263873,crossing_cost,875,153646,22371091.990427814
6031,4328,1706,265342,crossing_cost,876,153360,22371097.640768617
6032,4368,1668,266442,crossing_cost,877,153240,22371067.434670355
6024,4348,1679,265708,crossing_cost,878,153135,22371097.86135278
6053,4368,1686,265709,crossing_cost,879,153072,22371106.936420318
6100,4400,1703,266075,crossing_cost,880,153334,22371115.295891866
6063,4359,1705,265341,crossing_cost,881,153311,22371201.06715917
6066,4336,1736,265341,crossing_cost,882,153092,22371167.38162813
6017,4363,1654,265341,crossing_cost,883,153101,22371238.931055784
5996,4349,1653,265708,crossing_cost,884,153241,22371216.30335199
6038,4359,1684,265341,crossing_cost,885,153290,22371028.49375859
6042,4360,1685,266442,crossing_cost,886,153545,22371219.035821848
6098,4433,1669,265341,crossing_cost,887,153413,22371111.73313041
6046,4355,1691,264974,crossing_cost,888,153407,22371180.872767303
6067,4403,1665,266442,crossing_cost,889,153219,22371154.466619443
6070,4362,1711,266810,crossing_cost,890,152903,22371262.266488604
6071,4409,1665,264240,crossing_cost,891,153627,22371235.84726893
5975,4314,1666,264975,crossing_cost,892,153063,22371129.18701718
6029,4356,1677,266075,crossing_cost,893,153206,22371206.933562372
6065,4390,1675,266442,crossing_cost,894,152667,22371053.002404742
6011,4363,1653,264974,crossing_cost,895,153204,22371173.643666595
6083,4399,1686,264607,crossing_cost,896,153089,22371111.866964467
6028,4379,1650,265341,crossing_cost,897,153160,22371189.973854415
5986,4312,1680,265708,crossing_cost,898,153390,22371105.68143694
6070,4393,1680,265341,crossing_cost,899,153444,22371139.0892923
5999,4333,1672,262407,crossing_cost,900,152889,22371104.26635185
5996,4323,1676,266809,crossing_cost,901,153286,22371022.17789305
6068,4364,1708,266075,crossing_cost,902,153244,22371158.9017011
6099,4428,1671,267176,crossing_cost,903,153224,22371061.696051955
6084,4366,1719,265708,crossing_cost,904,153274,22371087.8446557
6068,4397,1676,266809,crossing_cost,905,153273,22371219.445015058
5987,4329,1661,265341,crossing_cost,906,153246,22371236.934969105
5939,4286,1653,264974,crossing_cost,907,153488,22371060.148671336
6027,4375,1656,265708,crossing_cost,908,153359,22371125.610034402
6037,4363,1680,264974,crossing_cost,909,153459,22371291.3083605
6041,4397,1647,267176,crossing_cost,910,153397,22371073.699735604
6036,4389,1651,264607,crossing_cost,911,153119,22371024.60140733
6085,4392,1696,265341,crossing_cost,912,153057,22371156.33086532
6063,4412,1651,265708,crossing_cost,913,153454,22371083.612228326
6019,4357,1666,266075,crossing_cost,914,153212,22371228.65424837
5983,4329,1652,266076,crossing_cost,915,153376,22371206.486475535
5915,4300,1618,265341,crossing_cost,916,152980,22371236.4625254
6038,4365,1678,264607,crossing_cost,917,153144,22371165.456215084
6070,4392,1683,266075,crossing_cost,918,153484,22371210.883582965
6062,4378,1690,266075,crossing_cost,919,153071,22371254.867466487
6047,4373,1677,266809,crossing_cost,920,153184,22371134.5178666
6092,4424,1672,265708,crossing_cost,921,153198,22371135.038227078
6003,4341,1663,265709,crossing_cost,922,153291,22371183.967967972
6018,4339,1684,265341,crossing_cost,923,153180,22371128.607198052
6035,4347,1690,265341,crossing_cost,924,153102,22371234.75487162
6040,4346,1698,265341,crossing_cost,925,153551,22371169.75378701
5993,4318,1679,266075,crossing_cost,926,153325,22371083.639178596
6078,4428,1655,266075,crossing_cost,927,153081,22371281.306213625
6077,4456,1626,264975,crossing_cost,928,153314,22371109.48465076
6106,4450,1658,266075,crossing_cost,929,153341,22371143.548139103
6032,4361,1677,264974,crossing_cost,930,153379,22371093.495513123
6006,4366,1639,264240,crossing_cost,931,153115,22371117.879431695
6063,4333,1730,266075,crossing_cost,932,153410,22371113.991440352
6015,4356,1661,264974,crossing_cost,933,153174,22371122.708777897
6104,4424,1678,266075,crossing_cost,934,153495,22371180.3734647
6040,4384,1661,266075,crossing_cost,935,152958,22371195.443140656
6034,4360,1679,264975,crossing_cost,936,153187,22371181.363852877
5953,4290,1669,265708,crossing_cost,937,153360,22371178.274481054
6076,4391,1685,265341,crossing_cost,938,152940,22371070.655118886
6018,4338,1679,264607,crossing_cost,939,153444,22371087.347178124
6017,4378,1642,264607,crossing_cost,940,153263,22371144.040230125
6074,4377,1699,264974,crossing_cost,941,153284,22371112.81542539
6085,4412,1677,266076,crossing_cost,942,153210,22371239.696692556
6125,4441,1690,264607,crossing_cost,943,153366,22371216.538058452
5974,4304,1673,264608,crossing_cost,944,153487,22371256.22311012
6107,4417,1694,264974,crossing_cost,945,153382,22371089.089009374
6075,4389,1691,266442,crossing_cost,946,152772,22371176.857084475
6011,4348,1663,264975,crossing_cost,947,153483,22371263.601042
6038,4402,1640,265341,crossing_cost,948,153107,22371087.03714289
5974,4294,1685,265341,crossing_cost,949,153354,22371150.075887375
6048,4367,1684,266442,crossing_cost,950,153638,22371179.21922306
6001,4343,1663,266809,crossing_cost,951,153140,22371098.834406555
6019,4367,1654,264608,crossing_cost,952,153036,22371157.98478751
6052,4377,1677,266443,crossing_cost,953,153348,22371189.832245603
6044,4387,1663,266810,crossing_cost,954,153218,22371136.086819705
5998,4348,1653,265341,crossing_cost,955,153471,22371231.058996767
6028,4348,1682,264240,crossing_cost,956,153344,22371158.960070424
6081,4391,1695,265709,crossing_cost,957,153148,22371099.901392326
6082,4431,1652,264974,crossing_cost,958,153359,22371143.317211986
6057,4371,1689,265341,crossing_cost,959,153264,22371141.05295901
5986,4328,1658,264240,crossing_cost,960,153189,22371214.480558563
5965,4322,1646,266075,crossing_cost,961,153358,22371097.533872467
6014,4357,1657,265341,crossing_cost,962,153203,22371160.186210886
6052,4388,1667,266075,crossing_cost,963,153230,22371153.661349956
6016,4334,1682,266442,crossing_cost,964,153559,22371123.86388716
5999,4311,1691,265342,crossing_cost,965,153337,22371111.756022103
6014,4366,1648,265341,crossing_cost,966,153329,22371089.74893494
6010,4365,1651,264974,crossing_cost,967,153110,22371207.160448737
6094,4421,1678,265341,crossing_cost,968,153070,22371137.967382416
6066,4402,1665,266075,crossing_cost,969,153284,22371197.47749524
5971,4298,1677,266075,crossing_cost,970,153550,22371289.450978182
6006,4339,1669,265708,crossing_cost,971,153313,22371198.309777953
6140,4457,1687,265342,crossing_cost,972,153128,22371089.88361039
6076,4386,1695,265341,crossing_cost,973,153017,22371177.849677593
6062,4371,1697,266442,crossing_cost,974,152965,22371238.11433129
6049,4353,1702,264974,crossing_cost,975,152853,22371091.77832281
6048,4398,1654,264975,crossing_cost,976,153282,22371215.99106449
6021,4362,1663,264607,crossing_cost,977,153391,22371282.941162273
6079,4416,1665,263874,crossing_cost,978,153377,22371155.10208063
6081,4404,1680,264607,crossing_cost,979,153097,22371109.60912326
5987,4319,1667,265708,crossing_cost,980,153517,22371146.760088425
6012,4335,1680,264974,crossing_cost,981,153444,22371166.445843693
6096,4404,1698,266075,crossing_cost,982,153357,22371174.085025057
6044,4346,1701,266810,crossing_cost,983,153181,22371205.207843274
6014,4357,1661,265708,crossing_cost,984,152998,22371055.886795692
6060,4374,1689,264974,crossing_cost,985,153113,22371229.428637844
6058,4366,1695,265341,crossing_cost,986,153357,22371250.01909565
6063,4381,1681,266076,crossing_cost,987,153353,22371165.413958624
6073,4400,1675,264240,crossing_cost,988,153242,22371060.7085935
5979,4297,1687,264240,crossing_cost,989,153235,22371207.71460791
5974,4332,1641,265341,crossing_cost,990,153336,22371113.44495926
6054,4375,1678,266075,crossing_cost,991,153382,22371192.307554614
6040,4349,1697,266075,crossing_cost,992,153502,22371150.710705172
6014,4343,1673,266075,crossing_cost,993,153099,22371158.006690897
5996,4342,1657,265708,crossing_cost,994,153259,22371265.426999483
5999,4335,1666,266442,crossing_cost,995,153037,22371148.26577626
5979,4315,1668,265341,crossing_cost,996,153299,22371065.673580196
5988,4334,1656,266075,crossing_cost,997,153281,22370996.315279033
6069,4420,1650,266075,crossing_cost,998,153641,22371079.21304838
6035,4373,1664,265341,crossing_cost,999,153173,22371200.776469953
8064,5946,2105,267910,crossing_count,0,36943,5397287.050713579
8077,5981,2076,268644,crossing_count,1,36943,5391357.062215792
8090,5955,2087,268644,crossing_count,2,36943,5396281.317372043
8027,5918,2080,268277,crossing_count,3,36943,5372949.140462285
8105,5966,2100,268644,crossing_count,4,36943,5381672.106532711
8067,5961,2090,267910,crossing_count,5,36943,5393310.332905756
8053,5955,2094,269011,crossing_count,6,36943,5412229.095654603
8096,5983,2101,268644,crossing_count,7,36943,5389247.739038596
8066,5954,2094,268644,crossing_count,8,36943,5391805.028132703
8075,5969,2085,267543,crossing_count,9,36943,5391482.416475962
8098,5992,2088,268277,crossing_count,10,36943,5394608.015956098
8093,5973,2092,268277,crossing_count,11,36943,5392355.935436413
8084,5975,2089,267910,crossing_count,12,36943,5390527.959059123
8058,5956,2079,268277,crossing_count,13,36943,5391537.017218448
8101,5973,2101,268644,crossing_count,14,36943,5368965.7550471155
8119,5963,2091,268644,crossing_count,15,36943,5363131.622632882
8112,5972,2105,268644,crossing_count,16,36943,5377275.937170825
8087,5972,2103,267910,crossing_count,17,36943,5387460.421599687
8095,5962,2103,267543,crossing_count,18,36943,5380134.839937451
8083,5965,2100,268278,crossing_count,19,36943,5378331.790080763
8069,5938,2088,268644,crossing_count,20,36943,5388426.826939622
8076,5962,2084,268277,crossing_count,21,36943,5349039.776297581
8096,5947,2113,268644,crossing_count,22,36943,5381836.538006073
8078,5951,2095,268644,crossing_count,23,36943,5375472.673732557
8118,5991,2100,268277,crossing_count,24,36943,5423082.157050134
8094,5962,2096,268277,crossing_count,25,36943,5398028.130316207
8080,5950,2104,268644,crossing_count,26,36943,5399870.152968721
8111,5952,2109,268644,crossing_count,27,36943,5404764.449987433
8106,5933,2107,267543,crossing_count,28,36943,5393620.6737553645
8111,5977,2102,268277,crossing_count,29,36943,5381518.639948115
8096,5963,2090,268644,crossing_count,30,36943,5421080.531144176
8092,5954,2106,268277,crossing_count,31,36943,5406030.10727164
8116,5983,2108,269011,crossing_count,32,36943,5376941.186284816
8094,5952,2089,267910,crossing_count,33,36943,5394923.503974598
8078,5941,2110,269011,crossing_count,34,36943,5394585.992126915
8076,5965,2102,268644,crossing_count,35,36943,5397992.550734058
8059,5955,2100,267177,crossing_count,36,36943,5387011.838830359
8079,5981,2079,268644,crossing_count,37,36943,5427692.763159141
8083,5933,2106,268644,crossing_count,38,36943,5383843.869143919
8066,5958,2093,268644,crossing_count,39,36943,5385015.183510052
8106,5966,2092,267911,crossing_count,40,36943,5393780.2455209885
8077,5968,2081,268277,crossing_count,41,36943,5398202.298645299
8102,5985,2103,268644,crossing_count,42,36943,5382053.368979443
8087,5972,2100,268645,crossing_count,43,36943,5406914.312917486
8112,5977,2102,268277,crossing_count,44,36943,5395460.837692682
8082,6000,2085,268644,crossing_count,45,36943,5429136.497347491
8123,5990,2088,267910,crossing_count,46,36943,5395136.427982674
8075,5953,2115,269011,crossing_count,47,36943,5396233.132635225
8091,5985,2077,269011,crossing_count,48,36943,5394451.481254837
8107,6003,2071,267910,crossing_count,49,36943,5404205.172285233
8040,5904,2092,267910,crossing_count,50,36943,5394274.850761283
8057,5935,2111,267543,crossing_count,51,36943,5406950.391070316
8047,5925,2092,268644,crossing_count,52,36943,5405990.156772995
8105,5977,2102,268277,crossing_count,53,36943,5368728.702095481
8089,5957,2084,268277,crossing_count,54,36943,5366422.988481096
8113,6008,2096,267910,crossing_count,55,36943,5380434.119366879
8100,5976,2084,268644,crossing_count,56,36943,5369607.0611960385
8099,5986,2088,267543,crossing_count,57,36943,5404623.618951049
8110,5985,2111,269011,crossing_count,58,36943,5379839.757426521
8096,5999,2092,269011,crossing_count,59,36943,5374427.252175821
8043,5963,2084,268644,crossing_count,60,36943,5396625.782465493
8069,5941,2084,268644,crossing_count,61,36943,5385910.231433857
8125,5975,2099,269011,crossing_count,62,36943,5411938.424933283
8119,5956,2108,269011,crossing_count,63,36943,5382677.121811881
8060,5952,2081,269011,crossing_count,64,36943,5394091.163676184
8091,5962,2089,269011,crossing_count,65,36943,5389897.050661283
8076,5942,2100,267910,crossing_count,66,36943,5372620.002414038
8086,5955,2082,268277,crossing_count,67,36943,5397099.235489897
8042,5922,2103,268644,crossing_count,68,36943,5368197.807860208
8093,5965,2096,268645,crossing_count,69,36943,5410390.401411136
8112,5984,2108,267910,crossing_count,70,36943,5380205.13000445
8099,5967,2095,267543,crossing_count,71,36943,5395824.331500157
8076,5960,2074,268644,crossing_count,72,36943,5397253.758207362
8099,5954,2112,269011,crossing_count,73,36943,5393036.759179104
8070,5977,2079,268277,crossing_count,74,36943,5409986.526848454
8073,5966,2094,267543,crossing_count,75,36943,5388608.963356732
8062,5926,2098,268645,crossing_count,76,36943,5368504.588421663
8098,5994,2102,267177,crossing_count,77,36943,5385996.6617713515
8107,5984,2088,269011,crossing_count,78,36943,5396343.284914581
8081,5954,2096,268644,crossing_count,79,36943,5383084.312714416
8100,5967,2095,268277,crossing_count,80,36943,5391051.343857488
8070,5937,2090,268277,crossing_count,81,36943,5386989.91377891
8086,5968,2094,267910,crossing_count,82,36943,5386837.835108707
8101,5956,2088,267910,crossing_count,83,36943,5383026.217603633
8093,5931,2115,267911,crossing_count,84,36943,5393918.984578864
8090,5958,2095,268644,crossing_count,85,36943,5354303.705964004
8089,5951,2098,269011,crossing_count,86,36943,5391051.251510156
8082,5956,2092,268644,crossing_count,87,36943,5352962.08080169
8076,5984,2076,268277,crossing_count,88,36943,5386232.13891875
8058,5956,2085,269011,crossing_count,89,36943,5402137.694355457
8085,5949,2096,269011,crossing_count,90,36943,5410146.129859442
8074,5958,2074,269011,crossing_count,91,36943,5408672.588897449
8065,5931,2095,269011,crossing_count,92,36943,5395837.74860891
8057,5947,2096,269011,crossing_count,93,36943,5396943.841320878
8055,5966,2086,267910,crossing_count,94,36943,5407923.364320111
8066,5894,2112,267910,crossing_count,95,36943,5377215.8370637745
8042,5950,2070,267910,crossing_count,96,36943,5388722.9100215845
8111,5976,2082,266809,crossing_count,97,36943,5432831.11488506
8077,5972,2098,268644,crossing_count,98,36943,5399052.283825008
8095,5969,2103,267911,crossing_count,99,36943,5397454.065090148
8086,5956,2110,267543,crossing_count,100,36943,5425187.1108641885
8120,5976,2112,268644,crossing_count,101,36943,5381585.572951276
8108,5954,2102,269011,crossing_count,102,36943,5378046.362721798
8091,6001,2094,268644,crossing_count,103,36943,5399532.640104398
8129,5992,2101,268277,crossing_count,104,36943,5407143.06153642
8037,5941,2077,268278,crossing_count,105,36943,5420824.929829249
8075,5935,2094,268278,crossing_count,106,36943,5407691.385531823
8104,5951,2095,268644,crossing_count,107,36943,5387804.689604126
8057,5939,2077,269011,crossing_count,108,36943,5400379.509996862
8070,5960,2086,268644,crossing_count,109,36943,5409968.225879412
8079,5943,2099,268277,crossing_count,110,36943,5395067.011072352
8088,5948,2109,268644,crossing_count,111,36943,5372875.169713199
8101,5974,2100,268644,crossing_count,112,36943,5374932.625078399
8101,5945,2097,267543,crossing_count,113,36943,5408753.587502519
8063,5958,2094,268644,crossing_count,114,36943,5397989.837854089
8049,5942,2088,268277,crossing_count,115,36943,5363890.847153867
8076,5938,2110,268644,crossing_count,116,36943,5389029.613634132
8096,5956,2087,267543,crossing_count,117,36943,5371914.8948983345
8108,5985,2095,268277,crossing_count,118,36943,5401075.546617993
8039,5931,2087,267544,crossing_count,119,36943,5403208.013240097
8090,5981,2110,268277,crossing_count,120,36943,5395619.334030578
8092,5959,2105,268277,crossing_count,121,36943,5410336.500340174
8107,5981,2105,268644,crossing_count,122,36943,5378914.7677826015
8078,5938,2106,269011,crossing_count,123,36943,5404467.205126457
8123,5961,2104,268277,crossing_count,124,36943,5372506.515620796
8092,5950,2092,267911,crossing_count,125,36943,5372709.589806725
8054,5925,2089,268644,crossing_count,126,36943,5424673.226757493
8051,5938,2089,268644,crossing_count,127,36943,5386515.613384109
8089,5944,2104,267543,crossing_count,128,36943,5400582.30429511
8110,5987,2116,268644,crossing_count,129,36943,5387722.159185952
8108,5955,2114,269011,crossing_count,130,36943,5410529.505068139
8116,5974,2095,268644,crossing_count,131,36943,5375307.816141415
8040,5926,2086,268277,crossing_count,132,36943,5409201.1486622505
8076,5956,2095,268644,crossing_count,133,36943,5383611.844278684
8090,5948,2099,267910,crossing_count,134,36943,5395098.416180915
8120,5969,2109,268644,crossing_count,135,36943,5410842.093096498
8065,5964,2088,268277,crossing_count,136,36943,5371535.473858427
8101,5963,2102,268644,crossing_count,137,36943,5385254.791028252
8107,5985,2111,269011,crossing_count,138,36943,5401759.342891759
8109,5993,2081,269011,crossing_count,139,36943,5371945.66011963
8060,5953,2088,267176,crossing_count,140,36943,5409500.00843544
8116,5957,2095,267543,crossing_count,141,36943,5370729.595261253
8082,5949,2086,268644,crossing_count,142,36943,5363757.148422677
8079,5961,2101,269011,crossing_count,143,36943,5383464.573790455
8095,5979,2091,268277,crossing_count,144,36943,5410893.607607674
8102,5977,2092,267910,crossing_count,145,36943,5396686.161975368
8111,5976,2108,267543,crossing_count,146,36943,5394447.794684909
8107,5960,2096,266809,crossing_count,147,36943,5409947.361816923
8046,5945,2103,268277,crossing_count,148,36943,5400683.562547661
8048,5928,2099,269011,crossing_count,149,36943,5380301.753642683
8087,5946,2078,269011,crossing_count,150,36943,5420116.667081574
8122,5982,2102,268644,crossing_count,151,36943,5385379.51902989
8087,5976,2084,268277,crossing_count,152,36943,5374203.134419067
8059,5938,2106,268277,crossing_count,153,36943,5362277.632746911
8117,5973,2101,268277,crossing_count,154,36943,5373791.287236974
8050,5976,2064,269011,crossing_count,155,36943,5411158.674052341
8057,5949,2087,268277,crossing_count,156,36943,5386651.710991921
8062,5955,2077,268277,crossing_count,157,36943,5398059.522919903
8101,5958,2096,269011,crossing_count,158,36943,5403931.207004324
8103,5961,2105,267910,crossing_count,159,36943,5392105.6279266365
8068,5959,2088,267910,crossing_count,160,36943,5400397.0506473435
8084,5953,2102,268644,crossing_count,161,36943,5383461.4910075255
8072,5957,2091,268277,crossing_count,162,36943,5392247.6664806735
8068,5948,2103,267911,crossing_count,163,36943,5380381.396047965
8118,5986,2108,267910,crossing_count,164,36943,5366483.236416631
8046,5935,2082,268277,crossing_count,165,36943,5391226.677803691
8130,5987,2102,268644,crossing_count,166,36943,5394684.391754491
8088,5938,2101,267910,crossing_count,167,36943,5388387.902190208
8054,5962,2081,269011,crossing_count,168,36943,5433113.857097773
8093,5976,2096,268645,crossing_count,169,36943,5410093.043961231
8023,5923,2078,267543,crossing_count,170,36943,5372340.911772502
8094,5968,2104,268645,crossing_count,171,36943,5398024.62308608
8067,5937,2093,269011,crossing_count,172,36943,5410679.467714667
8101,5938,2127,268277,crossing_count,173,36943,5382709.9328593705
8114,5985,2095,267543,crossing_count,174,36943,5390748.898647131
8088,5963,2088,268644,crossing_count,175,36943,5379013.1044862745
8101,5954,2108,267910,crossing_count,176,36943,5381433.902178984
8112,5948,2106,267543,crossing_count,177,36943,5364154.900736099
8071,5973,2091,268644,crossing_count,178,36943,5407357.718915882
8115,5986,2109,267910,crossing_count,179,36943,5411365.146291261
8061,5960,2070,268644,crossing_count,180,36943,5412621.447589781
8095,5939,2099,268644,crossing_count,181,36943,5390320.052941149
8051,5930,2113,267910,crossing_count,182,36943,5407712.010331878
8047,5935,2080,267910,crossing_count,183,36943,5417107.628709007
8037,5923,2100,267910,crossing_count,184,36943,5395076.590728636
8068,5951,2090,269011,crossing_count,185,36943,5368700.941817766
8082,5955,2100,267177,crossing_count,186,36943,5441799.159426996
8124,5981,2101,268644,crossing_count,187,36943,5388474.770641773
8032,5910,2099,269011,crossing_count,188,36943,5394844.506593038
8088,5957,2099,268277,crossing_count,189,36943,5420149.194365408
8078,5949,2093,268644,crossing_count,190,36943,5401725.92316161
8088,5976,2086,269011,crossing_count,191,36943,5373989.948002014
8093,5970,2088,269011,crossing_count,192,36943,5389340.408783298
8109,5973,2100,268645,crossing_count,193,36943,5390273.703396835
8035,5944,2083,269011,crossing_count,194,36943,5385693.61704709
8073,5953,2097,268644,crossing_count,195,36943,5378279.478179876
8110,5977,2098,268644,crossing_count,196,36943,5394213.558674899
8104,5959,2100,268644,crossing_count,197,36943,5420094.462278399
8069,5961,2063,268277,crossing_count,198,36943,5406309.270236277
8031,5936,2080,268644,crossing_count,199,36943,5395145.719236348
8089,5985,2077,268644,crossing_count,200,36943,5382206.753354569
8086,5952,2116,268644,crossing_count,201,36943,5409015.732752148
8102,5972,2110,269011,crossing_count,202,36943,5383422.232793545
8114,5991,2093,268644,crossing_count,203,36943,5390907.125981871
8051,5959,2073,268644,crossing_count,204,36943,5435633.770860442
8050,5916,2095,267910,crossing_count,205,36943,5416016.487756312
8061,5967,2088,269011,crossing_count,206,36943,5383807.116497922
8041,5948,2081,268644,crossing_count,207,36943,5400677.233158417
8106,5963,2101,268644,crossing_count,208,36943,5414582.939752709
8077,5943,2100,266809,crossing_count,209,36943,5408599.375314765
8113,5975,2092,267910,crossing_count,210,36943,5406088.897177603
8092,5961,2103,268644,crossing_count,211,36943,5356911.4903327385
8122,5968,2092,268644,crossing_count,212,36943,5397436.49089836
8030,5936,2068,268644,crossing_count,213,36943,5338369.12572615
8081,5967,2091,269011,crossing_count,214,36943,5397809.676692592
8099,5968,2109,268644,crossing_count,215,36943,5388629.991649131
8019,5919,2075,269011,crossing_count,216,36943,5397063.477569356
8100,5961,2094,269011,crossing_count,217,36943,5390248.114142235
8059,5964,2081,268277,crossing_count,218,36943,5415752.229112436
8124,5972,2112,268644,crossing_count,219,36943,5390374.416066533
8092,5964,2093,268277,crossing_count,220,36943,5398845.768039934
8080,5926,2091,268277,crossing_count,221,36943,5371670.980247131
8034,5952,2072,268644,crossing_count,222,36943,5391669.148798166
8057,5966,2084,268277,crossing_count,223,36943,5370794.807904282
8060,5925,2092,267910,crossing_count,224,36943,5416916.880916607
8064,5969,2089,267910,crossing_count,225,36943,5397607.262629752
8090,5962,2102,267544,crossing_count,226,36943,5376390.310363401
8063,5943,2098,268644,crossing_count,227,36943,5392117.69688309
8068,5924,2079,269011,crossing_count,228,36943,5381010.768927548
8073,5944,2102,268644,crossing_count,229,36943,5391614.752051158
8063,5953,2105,267910,crossing_count,230,36943,5400414.197309692
8067,5948,2087,268644,crossing_count,231,36943,5402749.386805638
8062,5956,2083,269011,crossing_count,232,36943,5421578.239526743
8084,5944,2107,268644,crossing_count,233,36943,5391127.464059245
8092,5946,2111,268644,crossing_count,234,36943,5391059.528225208
8110,5970,2101,268278,crossing_count,235,36943,5372576.756065568
8092,5959,2096,267544,crossing_count,236,36943,5375222.000555653
8082,5955,2091,267544,crossing_count,237,36943,5397196.17065507
8063,5918,2098,268645,crossing_count,238,36943,5370453.267879684
8044,5928,2093,267911,crossing_count,239,36943,5418480.13835412
8052,5954,2077,269011,crossing_count,240,36943,5373542.047840999
8112,5989,2107,267910,crossing_count,241,36943,5400649.027830901
8071,5968,2097,268278,crossing_count,242,36943,5393090.349466179
8049,5946,2088,267543,crossing_count,243,36943,5383661.324961882
8050,5960,2088,268277,crossing_count,244,36943,5389561.412501756
8080,5956,2091,268277,crossing_count,245,36943,5390629.651063032
8069,5951,2096,267910,crossing_count,246,36943,5416319.503237226
8035,5940,2076,267543,crossing_count,247,36943,5405209.165389264
8056,5944,2098,268644,crossing_count,248,36943,5382206.387687432
8078,5952,2106,269011,crossing_count,249,36943,5423484.923576405
8069,5959,2083,268644,crossing_count,250,36943,5394853.7230513245
8109,5973,2112,268277,crossing_count,251,36943,5416290.77181874
8081,5955,2081,267910,crossing_count,252,36943,5391744.807693433
8057,5947,2089,267910,crossing_count,253,36943,5382543.346965853
8085,5969,2077,269011,crossing_count,254,36943,5387937.708014779
8114,5950,2107,267543,crossing_count,255,36943,5381261.786526031
8101,5962,2094,268277,crossing_count,256,36943,5384954.686485142
8131,5996,2102,268644,crossing_count,257,36943,5383359.319538968
8110,5969,2098,267911,crossing_count,258,36943,5380848.906778045
8085,5979,2089,268644,crossing_count,259,36943,5418961.128811087
8068,5950,2098,268277,crossing_count,260,36943,5392595.328918718
8069,5937,2119,267911,crossing_count,261,36943,5397395.107331587
8080,5946,2109,267910,crossing_count,262,36943,5414614.312800875
8061,5918,2107,268644,crossing_count,263,36943,5396784.765247919
8114,5971,2113,267910,crossing_count,264,36943,5385781.720422442
8045,5953,2077,268277,crossing_count,265,36943,5406491.764291629
8109,5947,2103,268277,crossing_count,266,36943,5396432.847206574
8088,5970,2100,268644,crossing_count,267,36943,5389873.744322549
8102,5985,2113,268644,crossing_count,268,36943,5398625.044854698
8067,5946,2117,268644,crossing_count,269,36943,5400908.526435598
8059,5947,2087,269011,crossing_count,270,36943,5376386.2010805
8057,5917,2086,268277,crossing_count,271,36943,5388807.474229114
8075,5948,2101,269011,crossing_count,272,36943,5401546.632183524
8060,5963,2088,269011,crossing_count,273,36943,5359862.91268692
8117,5978,2105,269011,crossing_count,274,36943,5406215.939117698
8057,5945,2110,268277,crossing_count,275,36943,5384524.99209173
8070,5982,2087,267176,crossing_count,276,36943,5367731.076256031
8090,5961,2088,267910,crossing_count,277,36943,5396328.839688463
8067,5961,2096,268644,crossing_count,278,36943,5390060.683749175
8075,5949,2112,268644,crossing_count,279,36943,5401878.907399909
8106,5991,2102,268644,crossing_count,280,36943,5400108.030022474
8085,5971,2086,268277,crossing_count,281,36943,5387852.960442277
8057,5963,2091,268277,crossing_count,282,36943,5395784.099442251
8115,5958,2100,269011,crossing_count,283,36943,5407010.397687177
8075,5958,2093,268644,crossing_count,284,36943,5385797.160850315
8102,5974,2100,267910,crossing_count,285,36943,5373870.1346691325
8085,5959,2094,267910,crossing_count,286,36943,5420205.619018622
8043,5946,2091,267543,crossing_count,287,36943,5431863.610335979
8090,5974,2096,268644,crossing_count,288,36943,5400934.194552055
8138,5972,2114,267910,crossing_count,289,36943,5390267.602474177
8117,5991,2096,268277,crossing_count,290,36943,5384684.7679785555
8041,5933,2079,267911,crossing_count,291,36943,5439639.820789493
8088,5963,2096,268278,crossing_count,292,36943,5371958.776463869
8091,5952,2105,269011,crossing_count,293,36943,5425436.4663906675
8095,5982,2084,267910,crossing_count,294,36943,5414919.318647547
8067,5942,2091,268644,crossing_count,295,36943,5408879.026257211
8123,5998,2091,268277,crossing_count,296,36943,5376866.812624305
8081,5944,2098,268644,crossing_count,297,36943,5402554.800936952
8043,5958,2087,269011,crossing_count,298,36943,5390331.20780787
8097,5980,2087,268277,crossing_count,299,36943,5408201.698038518
8110,5996,2088,268277,crossing_count,300,36943,5387866.95416044
8073,5944,2079,269011,crossing_count,301,36943,5403502.667881793
8108,5980,2101,268278,crossing_count,302,36943,5386477.397851164
8068,5953,2101,268645,crossing_count,303,36943,5394987.713191098
8042,5951,2083,268644,crossing_count,304,36943,5399363.134954221
8115,6010,2097,268644,crossing_count,305,36943,5390051.435880163
8101,5965,2093,268277,crossing_count,306,36943,5376025.139007941
8082,5953,2064,268277,crossing_count,307,36943,5399252.4152733125
8072,5968,2084,268644,crossing_count,308,36943,5386062.027575461
8062,5938,2093,268277,crossing_count,309,36943,5386339.461996632
8094,5967,2096,268277,crossing_count,310,36943,5388928.495243102
8072,5931,2090,268277,crossing_count,311,36943,5406809.232495893
8091,5989,2094,267910,crossing_count,312,36943,5400797.173545554
8103,6008,2093,267910,crossing_count,313,36943,5406081.17070393
8035,5929,2073,268277,crossing_count,314,36943,5397614.398523494
8074,5951,2085,268277,crossing_count,315,36943,5403878.457378287
8051,5951,2080,268645,crossing_count,316,36943,5371363.606748369
8089,5967,2088,268644,crossing_count,317,36943,5387834.0591005795
8048,5956,2087,268277,crossing_count,318,36943,5393252.74671972
8091,5951,2097,268644,crossing_count,319,36943,5395998.114702387
8091,5972,2100,267910,crossing_count,320,36943,5405360.26896263
8036,5910,2093,268644,crossing_count,321,36943,5403213.9770634435
8112,6003,2070,268644,crossing_count,322,36943,5397140.652981181
8081,5956,2084,269011,crossing_count,323,36943,5409375.966856606
8084,5981,2092,269011,crossing_count,324,36943,5383584.533431144
8076,5934,2103,269011,crossing_count,325,36943,5379824.392261496
8093,5968,2081,268277,crossing_count,326,36943,5417530.057632518
8063,5959,2087,268644,crossing_count,327,36943,5397826.407438474
8081,5939,2116,268277,crossing_count,328,36943,5383831.882157179
8088,5945,2104,268644,crossing_count,329,36943,5387785.433794706
8098,5978,2087,269011,crossing_count,330,36943,5376421.110739956
8094,5973,2103,269011,crossing_count,331,36943,5372978.233233694
8064,5948,2102,268644,crossing_count,332,36943,5392599.2308168765
8075,5947,2103,268277,crossing_count,333,36943,5386978.839669937
8090,5998,2086,268277,crossing_count,334,36943,5401108.850603929
8128,6006,2098,267910,crossing_count,335,36943,5398648.988301649
8080,5951,2087,267177,crossing_count,336,36943,5411815.8862949135
8028,5909,2090,268277,crossing_count,337,36943,5396995.524689339
8110,5979,2090,268644,crossing_count,338,36943,5385260.972501665
8040,5930,2081,268277,crossing_count,339,36943,5356336.1742737135
8049,5965,2078,268644,crossing_count,340,36943,5398536.905194191
8047,5949,2098,268644,crossing_count,341,36943,5368842.434003165
8040,5907,2082,268644,crossing_count,342,36943,5393848.7636717055
8080,5971,2095,268277,crossing_count,343,36943,5390232.977147377
8096,5996,2085,269011,crossing_count,344,36943,5396869.134609718
8038,5924,2073,268277,crossing_count,345,36943,5416300.991390582
8101,5965,2092,268277,crossing_count,346,36943,5389797.406769518
8043,5934,2083,268644,crossing_count,347,36943,5396041.042721583
8080,5974,2070,268277,crossing_count,348,36943,5404186.884944168
8089,5970,2101,268644,crossing_count,349,36943,5399556.286461909
8092,5926,2110,267544,crossing_count,350,36943,5351942.475927057
8083,5979,2103,268644,crossing_count,351,36943,5420067.907652295
8094,5964,2108,268644,crossing_count,352,36943,5383865.565603852
8119,5994,2111,269011,crossing_count,353,36943,5388166.534353383
8104,5956,2090,268277,crossing_count,354,36943,5417669.001865396
8095,5975,2108,269011,crossing_count,355,36943,5382196.729019575
8085,5949,2097,267910,crossing_count,356,36943,5389219.626857659
8042,5925,2085,268644,crossing_count,357,36943,5372225.660735898
8115,5969,2100,268277,crossing_count,358,36943,5381231.742001903
8074,5963,2093,267910,crossing_count,359,36943,5395034.231480277
8050,5933,2090,268644,crossing_count,360,36943,5402537.41170427
8070,5923,2099,268277,crossing_count,361,36943,5415322.52009928
8057,5939,2075,267544,crossing_count,362,36943,5378768.76505959
8088,5967,2098,268277,crossing_count,363,36943,5412223.520062624
8127,5984,2088,268277,crossing_count,364,36943,5402176.470251504
8108,5968,2093,268644,crossing_count,365,36943,5380057.73677691
8074,5981,2069,267910,crossing_count,366,36943,5394596.669282306
8103,5974,2096,269011,crossing_count,367,36943,5385657.909322977
8088,5962,2082,268644,crossing_count,368,36943,5388238.8223950155
8097,5974,2096,267543,crossing_count,369,36943,5395137.23265908
8118,5979,2110,268644,crossing_count,370,36943,5397841.890680204
8061,5942,2092,267910,crossing_count,371,36943,5399636.5664629685
8091,5976,2091,269011,crossing_count,372,36943,5396686.85842912
8062,5931,2090,268277,crossing_count,373,36943,5425441.985358372
8117,5965,2115,268277,crossing_count,374,36943,5414386.233309247
8082,5947,2108,268644,crossing_count,375,36943,5411085.137826301
8087,5949,2094,268278,crossing_count,376,36943,5417633.244561754
8062,5949,2090,267911,crossing_count,377,36943,5398319.694322694
8115,5979,2098,269011,crossing_count,378,36943,5390202.264710521
8066,5917,2104,269011,crossing_count,379,36943,5397670.1108124815
8108,5983,2110,268277,crossing_count,380,36943,5370100.418949867
8094,5990,2088,267910,crossing_count,381,36943,5373478.19487779
8085,5987,2090,268277,crossing_count,382,36943,5384307.773012036
8059,5958,2067,267543,crossing_count,383,36943,5412935.330691632
8089,5955,2099,269011,crossing_count,384,36943,5398868.476600657
8042,5937,2089,268644,crossing_count,385,36943,5400485.087912837
8070,5968,2074,268644,crossing_count,386,36943,5396562.653509958
8098,5943,2112,268644,crossing_count,387,36943,5393203.61457648
8051,5935,2081,268644,crossing_count,388,36943,5380338.759966694
8117,5972,2111,268644,crossing_count,389,36943,5393729.961854873
8023,5919,2085,268278,crossing_count,390,36943,5381919.561242194
8098,5970,2097,268277,crossing_count,391,36943,5409596.939910749
8072,5945,2091,268644,crossing_count,392,36943,5412116.381965987
8072,5960,2080,268644,crossing_count,393,36943,5425145.612230163
8051,5937,2089,268277,crossing_count,394,36943,5390970.118618074
8081,5973,2081,267910,crossing_count,395,36943,5374788.435426259
8077,5945,2090,268644,crossing_count,396,36943,5405582.409347765
8083,5932,2097,268277,crossing_count,397,36943,5390623.629723327
8145,6006,2110,268644,crossing_count,398,36943,5369825.136878158
8135,5985,2110,268644,crossing_count,399,36943,5401805.997135785
8078,5952,2096,268277,crossing_count,400,36943,5419234.276829362
8029,5949,2085,268277,crossing_count,401,36943,5378536.204316616
8081,5955,2082,269011,crossing_count,402,36943,5417587.968545293
8069,5964,2091,268644,crossing_count,403,36943,5403517.041095497
8081,5990,2074,269011,crossing_count,404,36943,5415724.4672028925
8106,5990,2096,268644,crossing_count,405,36943,5377221.400165015
8112,5965,2103,268277,crossing_count,406,36943,5387676.5533300955
8105,5968,2095,268277,crossing_count,407,36943,5390480.395739578
8086,5973,2090,267910,crossing_count,408,36943,5375343.330425629
8102,5974,2087,268644,crossing_count,409,36943,5374634.066562378
8126,5968,2112,268644,crossing_count,410,36943,5405964.680344492
8095,5960,2102,268277,crossing_count,411,36943,5398705.757202219
8091,5974,2074,267910,crossing_count,412,36943,5402662.695200359
8065,5954,2088,268277,crossing_count,413,36943,5414819.729153408
8052,5939,2083,268277,crossing_count,414,36943,5363745.99177457
8052,5967,2071,267910,crossing_count,415,36943,5398207.344642536
8058,5917,2107,268644,crossing_count,416,36943,5413437.652338477
8092,5951,2099,267176,crossing_count,417,36943,5411016.712942932
8102,5981,2085,267910,crossing_count,418,36943,5367733.803344534
8065,5954,2093,269011,crossing_count,419,36943,5380413.301387172
8059,5964,2095,268644,crossing_count,420,36943,5380094.192638441
8095,5978,2089,267543,crossing_count,421,36943,5398662.888778588
8074,5968,2106,269011,crossing_count,422,36943,5392176.042800492
8063,5943,2097,267911,crossing_count,423,36943,5396451.982595738
8017,5895,2100,268277,crossing_count,424,36943,5416288.237414384
8088,5978,2093,268644,crossing_count,425,36943,5370226.750132033
8107,5977,2085,268277,crossing_count,426,36943,5387917.561580286
8107,5971,2105,268644,crossing_count,427,36943,5384590.58139458
8040,5938,2081,269011,crossing_count,428,36943,5386691.442408467
8077,5944,2103,267910,crossing_count,429,36943,5398487.379314989
8048,5947,2083,267910,crossing_count,430,36943,5357006.494756706
8059,5945,2099,268644,crossing_count,431,36943,5397747.85414603
8081,5979,2101,268644,crossing_count,432,36943,5385783.788047095
8108,5978,2089,268277,crossing_count,433,36943,5391149.847387511
8061,5920,2085,267910,crossing_count,434,36943,5418588.495969668
8092,5946,2091,269011,crossing_count,435,36943,5409225.9950627405
8089,5944,2104,268644,crossing_count,436,36943,5394200.128198957
8086,5977,2098,268644,crossing_count,437,36943,5398378.896115713
8061,5951,2107,267543,crossing_count,438,36943,5367306.204749767
8099,5982,2110,269011,crossing_count,439,36943,5399984.971155802
8064,5934,2118,268277,crossing_count,440,36943,5377637.129222398
8098,5967,2087,268277,crossing_count,441,36943,5392239.409465691
8103,5976,2108,268277,crossing_count,442,36943,5363180.901551588
8112,5985,2098,269011,crossing_count,443,36943,5377739.007430667
8099,5974,2083,269011,crossing_count,444,36943,5402910.361508041
8094,5987,2088,267911,crossing_count,445,36943,5375004.320307469
8078,5976,2086,267911,crossing_count,446,36943,5389483.898180118
8085,5956,2102,269011,crossing_count,447,36943,5395422.517246279
8103,5971,2092,267543,crossing_count,448,36943,5412679.427358491
8103,5971,2092,268278,crossing_count,449,36943,5387202.24685609
8078,5934,2103,268644,crossing_count,450,36943,5416508.3565398315
8071,5953,2099,268644,crossing_count,451,36943,5392082.230337431
8108,5960,2094,267910,crossing_count,452,36943,5396374.760337353
8061,5946,2093,268644,crossing_count,453,36943,5409601.483369004
8075,5974,2104,268644,crossing_count,454,36943,5398109.989837471
8086,5958,2085,268644,crossing_count,455,36943,5391200.805305143
8074,5961,2092,268644,crossing_count,456,36943,5395056.949294276
8047,5956,2090,267910,crossing_count,457,36943,5398623.354623975
8101,5982,2090,268277,crossing_count,458,36943,5403550.494337643
8056,5939,2079,269011,crossing_count,459,36943,5380732.335446129
8049,5951,2089,268644,crossing_count,460,36943,5404958.653346181
8051,5940,2082,268277,crossing_count,461,36943,5391106.222068121
8085,5964,2103,267910,crossing_count,462,36943,5361250.184087764
8046,5951,2081,268277,crossing_count,463,36943,5407092.382641026
8099,5971,2086,268644,crossing_count,464,36943,5391678.490550468
8097,5966,2092,268277,crossing_count,465,36943,5398065.314200245
8096,5955,2093,268644,crossing_count,466,36943,5410688.826951873
8077,5930,2105,266809,crossing_count,467,36943,5398662.414296601
8101,5949,2084,267910,crossing_count,468,36943,5379288.523845255
8093,5958,2096,267910,crossing_count,469,36943,5376524.179101654
8082,5972,2076,268645,crossing_count,470,36943,5393177.176089829
8102,5980,2097,268644,crossing_count,471,36943,5424921.337672278
8106,5964,2103,268644,crossing_count,472,36943,5391576.126100905
8054,5948,2080,268277,crossing_count,473,36943,5364079.9600026235
8050,5945,2080,268277,crossing_count,474,36943,5391152.501965407
8106,5986,2106,268644,crossing_count,475,36943,5399943.238685174
8110,5990,2092,268644,crossing_count,476,36943,5405550.749361809
8059,5934,2101,268278,crossing_count,477,36943,5387007.965987185
8074,5948,2095,267910,crossing_count,478,36943,5408004.246901402
8112,5983,2096,268644,crossing_count,479,36943,5390084.776144556
8056,5937,2091,269011,crossing_count,480,36943,5389409.331226119
8045,5924,2095,268277,crossing_count,481,36943,5394592.650963835
8119,5962,2100,267910,crossing_count,482,36943,5411294.997962374
8066,5961,2078,267910,crossing_count,483,36943,5396652.905768066
8063,5959,2068,267910,crossing_count,484,36943,5394490.019034563
8102,5956,2113,268277,crossing_count,485,36943,5382315.486842371
8077,5963,2091,268644,crossing_count,486,36943,5376888.00842568
8082,5941,2091,268277,crossing_count,487,36943,5384507.584640334
8106,5956,2097,268277,crossing_count,488,36943,5405182.125336235
8099,5958,2102,268644,crossing_count,489,36943,5379488.387428023
8059,5940,2105,268644,crossing_count,490,36943,5362182.685506322
8088,5958,2110,269011,crossing_count,491,36943,5393705.195725743
8096,5943,2109,268644,crossing_count,492,36943,5383296.88001186
8114,6019,2091,267910,crossing_count,493,36943,5391541.45246898
8104,5942,2120,267910,crossing_count,494,36943,5407182.594155436
8065,5946,2107,268644,crossing_count,495,36943,5399923.285532378
8113,5973,2105,268644,crossing_count,496,36943,5396842.581217916
8064,5956,2080,266809,crossing_count,497,36943,5381865.485380812
8071,5961,2099,268644,crossing_count,498,36943,5392953.336520493
8115,5986,2086,267910,crossing_count,499,36943,5409468.490908905
8109,5968,2102,268644,crossing_count,500,36943,5405622.592119999
8075,5943,2106,268644,crossing_count,501,36943,5370438.741069142
8085,5971,2106,268277,crossing_count,502,36943,5384990.369793165
8043,5948,2094,268644,crossing_count,503,36943,5388255.546692937
8076,5946,2091,267910,crossing_count,504,36943,5369328.332227446
8095,5956,2105,269011,crossing_count,505,36943,5390776.101681091
8080,5967,2103,268277,crossing_count,506,36943,5369196.286760342
8050,5908,2095,268278,crossing_count,507,36943,5425692.833895997
8060,5949,2099,268644,crossing_count,508,36943,5402794.319613155
8013,5932,2073,267543,crossing_count,509,36943,5372030.446345707
8101,5976,2076,267910,crossing_count,510,36943,5405143.765283943
8107,5950,2116,268644,crossing_count,511,36943,5408144.884158718
8062,5945,2090,267543,crossing_count,512,36943,5396628.243533206
8106,5991,2091,268644,crossing_count,513,36943,5379950.789828465
8118,5968,2102,267543,crossing_count,514,36943,5389349.649638275
8065,5930,2095,267543,crossing_count,515,36943,5415777.175235016
8139,5992,2103,267911,crossing_count,516,36943,5384415.296569619
8077,5947,2090,267910,crossing_count,517,36943,5356817.510727312
8044,5945,2075,268277,crossing_count,518,36943,5390683.596522648
8079,5972,2081,268644,crossing_count,519,36943,5407298.649373837
8086,5980,2089,269011,crossing_count,520,36943,5364530.849362861
8093,5956,2105,268644,crossing_count,521,36943,5419028.987570595
8066,5948,2074,269011,crossing_count,522,36943,5386178.375153182
8055,5913,2103,269011,crossing_count,523,36943,5399288.246901454
8088,5944,2117,269011,crossing_count,524,36943,5393521.025638036
8092,5974,2104,267544,crossing_count,525,36943,5395350.369458009
8101,5974,2087,268278,crossing_count,526,36943,5394458.542390601
8095,5968,2076,267911,crossing_count,527,36943,5394894.279676555
8094,5977,2096,267176,crossing_count,528,36943,5400089.978970936
8058,5944,2093,268644,crossing_count,529,36943,5360533.182321811
8093,5976,2089,269011,crossing_count,530,36943,5389198.303081229
8073,5953,2078,267910,crossing_count,531,36943,5398607.620278853
8062,5928,2095,268277,crossing_count,532,36943,5386811.383912601
8068,5966,2091,268277,crossing_count,533,36943,5400514.897058271
8101,5962,2108,268644,crossing_count,534,36943,5398179.294528676
8092,5934,2107,268277,crossing_count,535,36943,5386448.861928361
8103,5971,2108,268644,crossing_count,536,36943,5381353.188989088
8068,5952,2102,269011,crossing_count,537,36943,5388808.321313894
8102,5981,2090,269011,crossing_count,538,36943,5394959.456190746
8104,5974,2113,268644,crossing_count,539,36943,5389036.596267652
8102,5959,2097,267177,crossing_count,540,36943,5417452.420877305
8082,5953,2099,268644,crossing_count,541,36943,5420104.454349824
8137,5995,2112,267910,crossing_count,542,36943,5369675.444068996
8105,5980,2106,268277,crossing_count,543,36943,5401089.566778347
8066,5926,2088,268644,crossing_count,544,36943,5411897.46349986
8076,5946,2082,267543,crossing_count,545,36943,5408433.884929692
8069,5965,2078,269011,crossing_count,546,36943,5391117.607369896
8110,5966,2093,268277,crossing_count,547,36943,5399691.864870554
8098,5956,2113,268277,crossing_count,548,36943,5375604.728779895
8071,5959,2086,269011,crossing_count,549,36943,5407379.733339696
8063,5969,2079,268644,crossing_count,550,36943,5378640.064124135
8078,5955,2080,268644,crossing_count,551,36943,5394988.613458579
8115,5975,2103,267176,crossing_count,552,36943,5390054.751834651
8100,5948,2094,269011,crossing_count,553,36943,5395581.189484806
8087,5951,2098,266809,crossing_count,554,36943,5381683.518611328
8118,5989,2081,268277,crossing_count,555,36943,5399063.411158029
8075,5950,2121,268277,crossing_count,556,36943,5387361.972697474
8064,5979,2081,268277,crossing_count,557,36943,5379423.380362589
8033,5929,2083,268644,crossing_count,558,36943,5376120.078709136
8093,5982,2089,268644,crossing_count,559,36943,5421485.069835857
8057,5955,2074,268645,crossing_count,560,36943,5428933.267527284
8085,5944,2077,268644,crossing_count,561,36943,5408922.642192053
8090,5957,2118,269011,crossing_count,562,36943,5384551.702063079
8077,5954,2085,268644,crossing_count,563,36943,5393716.073325739
8072,5950,2088,268644,crossing_count,564,36943,5397919.340303469
8098,5962,2089,267910,crossing_count,565,36943,5384180.583204899
8079,5970,2084,267910,crossing_count,566,36943,5400554.877911053
8084,5952,2090,269011,crossing_count,567,36943,5382213.839277564
8084,5953,2087,269011,crossing_count,568,36943,5386914.332027595
8104,5962,2097,269011,crossing_count,569,36943,5398396.362580164
8103,5972,2108,268644,crossing_count,570,36943,5394493.7516971305
8075,5959,2092,268644,crossing_count,571,36943,5395080.023384152
8094,5970,2097,268277,crossing_count,572,36943,5414076.890299829
8080,5949,2085,269011,crossing_count,573,36943,5412586.365500928
8083,5956,2090,268278,crossing_count,574,36943,5416500.377621984
8081,5944,2110,268277,crossing_count,575,36943,5374445.716783294
8121,5967,2108,268644,crossing_count,576,36943,5418070.258128023
8062,5951,2099,267543,crossing_count,577,36943,5374540.939353313
8091,5961,2088,268277,crossing_count,578,36943,5426800.900722753
8099,5972,2093,268277,crossing_count,579,36943,5362318.725218871
8070,5952,2084,267910,crossing_count,580,36943,5391280.116101625
8072,5947,2085,268277,crossing_count,581,36943,5398815.19597401
8090,5968,2103,269011,crossing_count,582,36943,5389253.45630114
8093,5965,2097,268644,crossing_count,583,36943,5398997.489786278
8101,5982,2094,268277,crossing_count,584,36943,5401750.875257213
8104,5952,2108,267543,crossing_count,585,36943,5365934.285292719
8113,5966,2101,268277,crossing_count,586,36943,5409875.065983592
8091,5966,2097,269011,crossing_count,587,36943,5391246.164636245
8113,5984,2080,269011,crossing_count,588,36943,5414078.184564127
8094,5950,2110,268277,crossing_count,589,36943,5388168.845646174
8090,5961,2106,268644,crossing_count,590,36943,5396503.115177377
8084,5981,2079,268644,crossing_count,591,36943,5381519.556629567
8080,5983,2082,268277,crossing_count,592,36943,5397277.028768073
8097,5993,2099,268644,crossing_count,593,36943,5420742.803008823
8084,5969,2103,267544,crossing_count,594,36943,5381448.469967301
8066,5951,2083,267910,crossing_count,595,36943,5365251.817861034
8102,5967,2099,268644,crossing_count,596,36943,5402620.695542145
8065,5927,2091,268644,crossing_count,597,36943,5385725.652068064
8077,5967,2066,267910,crossing_count,598,36943,5379768.409601212
8087,5939,2105,269011,crossing_count,599,36943,5396777.722938906
8116,5986,2104,269011,crossing_count,600,36943,5374211.591073238
8054,5945,2083,268644,crossing_count,601,36943,5395656.685378635
8075,5950,2101,267543,crossing_count,602,36943,5399304.796315593
8098,5978,2094,268278,crossing_count,603,36943,5408252.700577164
8104,5980,2098,268277,crossing_count,604,36943,5418719.140672247
8084,5977,2103,268277,crossing_count,605,36943,5384057.8336449405
8088,5934,2119,268277,crossing_count,606,36943,5377233.955652494
8092,5974,2098,268644,crossing_count,607,36943,5413896.6336336965
8057,5944,2093,267911,crossing_count,608,36943,5385887.602330396
8109,5967,2109,268644,crossing_count,609,36943,5379297.063011011
8098,5980,2077,268278,crossing_count,610,36943,5416799.616425593
8041,5939,2085,268644,crossing_count,611,36943,5409703.4421838
8090,5951,2110,269011,crossing_count,612,36943,5395342.803681977
8125,6003,2093,267544,crossing_count,613,36943,5357302.906129611
8110,5979,2102,269011,crossing_count,614,36943,5425703.980565971
8081,5952,2091,268644,crossing_count,615,36943,5391855.462374572
8076,5965,2088,268644,crossing_count,616,36943,5408038.616974951
8084,5982,2071,268277,crossing_count,617,36943,5371296.867568465
8055,5948,2087,268644,crossing_count,618,36943,5382876.883580085
8034,5921,2084,268644,crossing_count,619,36943,5393750.562121519
8060,5927,2087,268644,crossing_count,620,36943,5399744.954153735
8082,5958,2095,269011,crossing_count,621,36943,5398284.7793803
8077,5967,2089,268277,crossing_count,622,36943,5382142.826411255
8056,5937,2090,269011,crossing_count,623,36943,5373332.767612418
8121,5991,2094,267910,crossing_count,624,36943,5416239.1239141505
8095,5974,2108,269011,crossing_count,625,36943,5382749.940133177
8076,5955,2091,267543,crossing_count,626,36943,5403288.725243669
8118,5989,2106,268277,crossing_count,627,36943,5359135.566689876
8108,5974,2102,267543,crossing_count,628,36943,5356270.03839119
8100,5973,2091,268644,crossing_count,629,36943,5408643.933301995
8071,5963,2084,269011,crossing_count,630,36943,5395278.812419002
8071,5962,2093,268277,crossing_count,631,36943,5402621.350069784
8089,5975,2097,268644,crossing_count,632,36943,5411537.640767297
8099,5970,2100,268644,crossing_count,633,36943,5414438.659725893
8100,5975,2096,268277,crossing_count,634,36943,5404178.691597226
8065,5953,2096,268277,crossing_count,635,36943,5400167.797518363
8105,5971,2094,268278,crossing_count,636,36943,5413490.106880693
8066,5948,2079,268644,crossing_count,637,36943,5398613.473569315
8020,5932,2071,269011,crossing_count,638,36943,5395291.85398374
8075,5970,2088,269011,crossing_count,639,36943,5421786.666479368
8139,5982,2121,267176,crossing_count,640,36943,5410005.411924623
8086,5980,2109,267544,crossing_count,641,36943,5400974.371049833
8088,5979,2100,269011,crossing_count,642,36943,5393465.130292318
8079,5969,2080,269011,crossing_count,643,36943,5375559.367809997
8072,5957,2099,268644,crossing_count,644,36943,5404286.680624358
8102,5964,2113,267543,crossing_count,645,36943,5402612.784573551
8108,5971,2109,269011,crossing_count,646,36943,5428203.423248758
8058,5939,2094,268644,crossing_count,647,36943,5375218.063020851
8068,5964,2091,267910,crossing_count,648,36943,5381019.649439208
8089,5946,2088,267543,crossing_count,649,36943,5382399.529605396
8096,5968,2106,266809,crossing_count,650,36943,5403032.543560164
8027,5898,2093,267911,crossing_count,651,36943,5411738.482540585
8064,5950,2084,267910,crossing_count,652,36943,5359316.757499672
8084,5930,2118,267910,crossing_count,653,36943,5395126.520488029
8113,5939,2101,269011,crossing_count,654,36943,5394195.321054805
8045,5940,2080,268644,crossing_count,655,36943,5390315.591344573
8068,5945,2107,268277,crossing_count,656,36943,5375649.534858052
8123,5952,2104,268278,crossing_count,657,36943,5409217.472079774
8108,5977,2095,268277,crossing_count,658,36943,5404820.628835116
8073,5938,2101,267911,crossing_count,659,36943,5411852.274283605
8071,5953,2092,267176,crossing_count,660,36943,5403286.186736912
8111,5999,2089,269011,crossing_count,661,36943,5380761.789152003
8066,5955,2087,268644,crossing_count,662,36943,5401957.4407197945
8089,5960,2110,268277,crossing_count,663,36943,5401521.14512609
8077,5969,2082,267911,crossing_count,664,36943,5396605.031276023
8125,5976,2097,267910,crossing_count,665,36943,5386260.113232153
8112,5984,2088,268644,crossing_count,666,36943,5388778.893208121
8096,5967,2113,268644,crossing_count,667,36943,5390775.23721323
8114,5989,2094,268277,crossing_count,668,36943,5386137.23305692
8061,5934,2087,269011,crossing_count,669,36943,5386002.809316691
8094,5955,2091,268277,crossing_count,670,36943,5382961.496840075
8056,5904,2093,269011,crossing_count,671,36943,5385616.7979775425
8087,5950,2084,269011,crossing_count,672,36943,5378853.827533319
8058,5947,2069,269011,crossing_count,673,36943,5387437.848757208
8053,5940,2090,267910,crossing_count,674,36943,5381833.516023466
8084,5966,2087,268644,crossing_count,675,36943,5388735.866968308
8074,5986,2092,268644,crossing_count,676,36943,5388339.399474782
8062,5937,2106,268277,crossing_count,677,36943,5389117.343366686
8086,5961,2109,268644,crossing_count,678,36943,5398185.431564496
8061,5935,2094,269011,crossing_count,679,36943,5351491.838680093
8103,5993,2099,267910,crossing_count,680,36943,5406356.803221984
8077,5948,2087,267176,crossing_count,681,36943,5403155.724135537
8069,5949,2113,268277,crossing_count,682,36943,5397941.615458004
8070,5927,2107,267911,crossing_count,683,36943,5397112.785291137
8098,5970,2105,268278,crossing_count,684,36943,5369101.400216746
8075,5962,2096,267910,crossing_count,685,36943,5374798.092723776
8107,5979,2104,269011,crossing_count,686,36943,5401321.024814282
8066,5945,2071,269011,crossing_count,687,36943,5394646.464046087
8136,6004,2110,268645,crossing_count,688,36943,5396504.983434098
8093,5941,2110,267543,crossing_count,689,36943,5388037.759919451
8060,5953,2081,267910,crossing_count,690,36943,5415500.371263587
8095,5945,2110,268644,crossing_count,691,36943,5436860.744895546
8072,5929,2099,267543,crossing_count,692,36943,5388708.717484955
8059,5935,2103,269011,crossing_count,693,36943,5431574.60722219
8120,5985,2097,268644,crossing_count,694,36943,5387827.137698773
8098,5968,2096,268644,crossing_count,695,36943,5404131.58280083
8092,5982,2087,268644,crossing_count,696,36943,5424360.082312383
8050,5939,2095,269011,crossing_count,697,36943,5393874.51063609
8089,5980,2091,268644,crossing_count,698,36943,5411171.199189741
8037,5909,2078,268277,crossing_count,699,36943,5400281.092679232
8051,5942,2090,268277,crossing_count,700,36943,5395220.012634248
8049,5951,2080,268644,crossing_count,701,36943,5407427.111452597
8113,5969,2098,268644,crossing_count,702,36943,5411243.92271772
8122,5994,2114,268644,crossing_count,703,36943,5408530.033210767
8099,5938,2108,268277,crossing_count,704,36943,5395733.77404543
8089,5941,2109,268644,crossing_count,705,36943,5379455.763942556
8064,5944,2092,268277,crossing_count,706,36943,5409267.920110863
8080,5958,2091,269011,crossing_count,707,36943,5385683.692473607
8074,5948,2078,268277,crossing_count,708,36943,5391800.741554631
8072,5930,2092,268277,crossing_count,709,36943,5383136.445791477
8062,5951,2078,268644,crossing_count,710,36943,5386547.981535098
8110,5952,2102,268644,crossing_count,711,36943,5379079.672680452
8083,5942,2105,268277,crossing_count,712,36943,5384233.527511107
8054,5953,2078,269011,crossing_count,713,36943,5387396.294624953
8059,5915,2103,269011,crossing_count,714,36943,5373443.3631360475
8090,5957,2089,268277,crossing_count,715,36943,5392990.075574651
8082,5947,2104,268644,crossing_count,716,36943,5384022.276722535
8075,5935,2087,268277,crossing_count,717,36943,5378057.20980447
8092,5977,2107,267911,crossing_count,718,36943,5388451.425294199
8056,5956,2092,268277,crossing_count,719,36943,5389927.754023642
8073,5928,2112,267910,crossing_count,720,36943,5362530.222480161
8104,5981,2097,268644,crossing_count,721,36943,5402414.940144727
8062,5952,2099,269011,crossing_count,722,36943,5384459.90791977
8074,5945,2087,268277,crossing_count,723,36943,5371305.946876425
8064,5948,2085,268644,crossing_count,724,36943,5342598.324453034
8099,5967,2100,268277,crossing_count,725,36943,5384257.076078639
8061,5974,2092,269011,crossing_count,726,36943,5413822.107881445
8099,5971,2089,268277,crossing_count,727,36943,5412051.442529567
8105,5990,2106,268644,crossing_count,728,36943,5392863.86811502
8068,5942,2095,268644,crossing_count,729,36943,5381459.648553684
8103,5977,2087,268278,crossing_count,730,36943,5371367.630071411
8091,5943,2100,269011,crossing_count,731,36943,5400167.6532427855
8075,5950,2102,268277,crossing_count,732,36943,5406643.2775520235
8079,5932,2103,268277,crossing_count,733,36943,5396086.391393388
8066,5933,2105,267543,crossing_count,734,36943,5395992.0868824925
8087,5981,2079,268277,crossing_count,735,36943,5379454.901300835
8076,5947,2080,268644,crossing_count,736,36943,5385158.522160929
8077,5989,2078,268644,crossing_count,737,36943,5388574.282964118
8094,6000,2083,267911,crossing_count,738,36943,5391883.610656623
8064,5964,2087,268644,crossing_count,739,36943,5381946.321544195
8100,5952,2109,267176,crossing_count,740,36943,5412755.017799473
8092,5963,2096,267910,crossing_count,741,36943,5381564.97551675
8096,5992,2092,268644,crossing_count,742,36943,5384838.294124956
8083,5942,2076,267910,crossing_count,743,36943,5384815.961781407
8077,5979,2086,268644,crossing_count,744,36943,5405115.416396175
8077,5948,2094,269011,crossing_count,745,36943,5388592.853209117
8111,5975,2106,268277,crossing_count,746,36943,5353811.85561916
8008,5916,2087,268277,crossing_count,747,36943,5386794.25642558
8065,5920,2095,267544,crossing_count,748,36943,5381120.159038119
8064,5958,2062,267543,crossing_count,749,36943,5390854.041205498
8073,5958,2083,268644,crossing_count,750,36943,5408746.135321105
8112,5964,2100,267910,crossing_count,751,36943,5413218.576601675
8063,5941,2095,268644,crossing_count,752,36943,5363118.422497079
8079,5979,2096,268277,crossing_count,753,36943,5385742.9122872865
8095,5968,2095,268645,crossing_count,754,36943,5400912.022461649
8101,5964,2082,269011,crossing_count,755,36943,5401865.995518833
8068,5931,2091,268644,crossing_count,756,36943,5371417.0760646425
8115,5966,2106,267910,crossing_count,757,36943,5394533.921184046
8056,5941,2096,269011,crossing_count,758,36943,5423483.020010479
8045,5920,2087,268644,crossing_count,759,36943,5399544.3372846
8084,5968,2093,267910,crossing_count,760,36943,5383174.540239625
8067,5940,2081,268644,crossing_count,761,36943,5398392.3672691155
8086,5981,2086,267910,crossing_count,762,36943,5367595.937867564
8062,5926,2103,268277,crossing_count,763,36943,5396137.065372481
8134,5989,2104,268277,crossing_count,764,36943,5407292.659029955
8081,5954,2088,268644,crossing_count,765,36943,5376018.406428885
8115,5966,2081,267910,crossing_count,766,36943,5402133.217335019
8061,5943,2079,268644,crossing_count,767,36943,5405770.1570884725
8068,5970,2097,268644,crossing_count,768,36943,5417485.141925561
8025,5935,2070,268277,crossing_count,769,36943,5392106.170123526
8096,5938,2121,267910,crossing_count,770,36943,5389822.967605723
8044,5942,2090,268644,crossing_count,771,36943,5405904.572160175
8117,5994,2087,267543,crossing_count,772,36943,5387623.703215443
8104,5996,2085,268278,crossing_count,773,36943,5392756.135159895
8075,5946,2088,268278,crossing_count,774,36943,5391671.8797877
8071,5954,2091,268277,crossing_count,775,36943,5385976.649117157
8038,5915,2094,267910,crossing_count,776,36943,5408632.462456139
8059,5945,2082,268277,crossing_count,777,36943,5377952.40087791
8061,5902,2102,269011,crossing_count,778,36943,5388552.877857778
8081,5943,2107,269011,crossing_count,779,36943,5387201.138029182
8055,5939,2088,268277,crossing_count,780,36943,5401857.191986436
8112,5971,2089,268277,crossing_count,781,36943,5384575.377444287
8046,5920,2081,267910,crossing_count,782,36943,5393288.129822194
8074,5948,2101,268644,crossing_count,783,36943,5402743.653916471
8071,5964,2086,268277,crossing_count,784,36943,5429419.9195814375
8105,5966,2099,268277,crossing_count,785,36943,5403080.740980048
8092,5993,2092,268644,crossing_count,786,36943,5385636.8721382
8059,5920,2097,267910,crossing_count,787,36943,5409828.973705208
8077,5953,2107,269011,crossing_count,788,36943,5412084.0530004855
8079,5947,2109,268644,crossing_count,789,36943,5424116.987221098
8066,5959,2082,269011,crossing_count,790,36943,5408229.606961489
8080,5954,2098,267910,crossing_count,791,36943,5389972.932039769
8040,5944,2102,268644,crossing_count,792,36943,5396799.761548304
8073,5950,2093,268277,crossing_count,793,36943,5389599.547636311
8101,5955,2096,268278,crossing_count,794,36943,5378845.755486168
8086,5931,2095,268277,crossing_count,795,36943,5383483.141602293
8072,5919,2103,267910,crossing_count,796,36943,5418758.692310184
8090,5920,2110,269011,crossing_count,797,36943,5398174.89308334
8078,5955,2104,268645,crossing_count,798,36943,5380665.365427625
8095,5958,2101,269011,crossing_count,799,36943,5385060.663009854
8098,5965,2113,267910,crossing_count,800,36943,5405365.19834605
8047,5961,2085,268277,crossing_count,801,36943,5377573.933843784
8082,5966,2092,267910,crossing_count,802,36943,5399611.984089592
8056,5971,2073,268644,crossing_count,803,36943,5381227.994110919
8070,5942,2097,267910,crossing_count,804,36943,5385598.103617171
8149,5987,2098,267543,crossing_count,805,36943,5387260.44900405
8080,5950,2081,269011,crossing_count,806,36943,5400452.337934308
8074,5944,2090,268277,crossing_count,807,36943,5428715.341612402
8148,6001,2113,267543,crossing_count,808,36943,5417435.836622217
8102,5954,2107,268644,crossing_count,809,36943,5396638.310484162
8065,5960,2071,269011,crossing_count,810,36943,5394986.05036775
8049,5954,2082,268277,crossing_count,811,36943,5385708.767869402
8079,5956,2088,267177,crossing_count,812,36943,5405264.548437338
8104,5965,2104,268644,crossing_count,813,36943,5373570.492850933
8079,5979,2089,269011,crossing_count,814,36943,5388523.634990273
8054,5929,2101,268277,crossing_count,815,36943,5396804.234831436
8068,5956,2095,267543,crossing_count,816,36943,5373829.389433748
8068,5948,2085,267543,crossing_count,817,36943,5396408.993808573
8107,5970,2092,268644,crossing_count,818,36943,5391654.178254467
8120,5944,2110,267910,crossing_count,819,36943,5390834.6050296705
8094,5972,2088,269011,crossing_count,820,36943,5393896.620634675
8079,5921,2108,269011,crossing_count,821,36943,5384051.999619562
8110,5978,2091,267543,crossing_count,822,36943,5390750.464059863
8056,5938,2083,268644,crossing_count,823,36943,5401562.229875321
8081,5979,2079,268644,crossing_count,824,36943,5393460.515347884
8072,5974,2082,267910,crossing_count,825,36943,5392674.24059104
8083,5974,2081,268277,crossing_count,826,36943,5373818.794457232
8084,5959,2091,268277,crossing_count,827,36943,5386968.673777786
8119,5977,2113,267176,crossing_count,828,36943,5402264.462677208
8091,5967,2089,267910,crossing_count,829,36943,5389305.735800426
8099,5977,2100,269011,crossing_count,830,36943,5396209.569379473
8098,5971,2104,268644,crossing_count,831,36943,5395832.28018349
8064,5941,2089,269011,crossing_count,832,36943,5422357.911894776
8084,5955,2103,268277,crossing_count,833,36943,5401059.295937929
8087,5956,2112,267910,crossing_count,834,36943,5383392.747644901
8035,5933,2071,267910,crossing_count,835,36943,5392604.811571122
8094,5958,2098,269011,crossing_count,836,36943,5393290.695980402
8064,5967,2080,268644,crossing_count,837,36943,5439285.453089682
8119,5982,2095,268277,crossing_count,838,36943,5407804.235634368
8095,5932,2114,267177,crossing_count,839,36943,5406962.235567136
8103,5946,2099,267543,crossing_count,840,36943,5421372.023494639
8050,5942,2092,267910,crossing_count,841,36943,5399410.319150089
8071,5954,2085,267910,crossing_count,842,36943,5408979.419521812
8149,6009,2091,269011,crossing_count,843,36943,5389963.542791765
8110,5969,2098,269011,crossing_count,844,36943,5364901.251153486
8113,5988,2089,269011,crossing_count,845,36943,5382801.49326781
8072,5969,2080,269011,crossing_count,846,36943,5387160.25383145
8088,5929,2090,267910,crossing_count,847,36943,5392449.476490909
8068,5964,2073,268277,crossing_count,848,36943,5387793.71562138
8075,5944,2089,267543,crossing_count,849,36943,5395900.175429735
8095,5947,2115,268277,crossing_count,850,36943,5389680.747377118
8096,5944,2113,268644,crossing_count,851,36943,5405539.203517474
8096,5964,2103,267544,crossing_count,852,36943,5388951.350785996
8058,5938,2092,269011,crossing_count,853,36943,5378209.76741722
8068,5926,2093,268277,crossing_count,854,36943,5402020.519342642
8053,5910,2109,267176,crossing_count,855,36943,5386068.148115659
8094,5972,2089,268277,crossing_count,856,36943,5389770.304680782
8094,5959,2102,269011,crossing_count,857,36943,5401058.162673984
8122,5988,2094,268277,crossing_count,858,36943,5380905.836852919
8083,5978,2099,268277,crossing_count,859,36943,5401180.710402805
8077,5956,2089,269011,crossing_count,860,36943,5394549.391030234
8077,5983,2094,267911,crossing_count,861,36943,5402400.422573275
8063,5942,2087,269011,crossing_count,862,36943,5394908.374446148
8065,5938,2081,268644,crossing_count,863,36943,5364807.804336758
8123,5987,2109,268277,crossing_count,864,36943,5410244.3198609715
8097,5982,2099,267910,crossing_count,865,36943,5400344.62586599
8113,5963,2105,268644,crossing_count,866,36943,5408093.433213307
8079,5972,2098,269011,crossing_count,867,36943,5380746.770695519
8060,5942,2108,268277,crossing_count,868,36943,5388014.939837847
8104,5948,2108,267910,crossing_count,869,36943,5388560.855496026
8090,5959,2107,268644,crossing_count,870,36943,5386758.8162032105
8042,5928,2089,268277,crossing_count,871,36943,5405025.590222626
8074,5963,2097,268277,crossing_count,872,36943,5394388.716094442
8078,5946,2104,268277,crossing_count,873,36943,5366354.341463486
8086,5972,2093,268277,crossing_count,874,36943,5375565.199914265
8100,5967,2065,268644,crossing_count,875,36943,5381820.451967896
8109,5952,2103,268644,crossing_count,876,36943,5393098.786762673
8091,5975,2086,267910,crossing_count,877,36943,5403000.486239308
8076,5942,2089,268277,crossing_count,878,36943,5392380.554232953
8073,5975,2083,267543,crossing_count,879,36943,5400216.3920290265
8118,5989,2086,268644,crossing_count,880,36943,5407180.781302021
8086,5984,2081,268644,crossing_count,881,36943,5397433.239905981
8104,5934,2115,268644,crossing_count,882,36943,5397040.449310619
8068,5911,2115,268277,crossing_count,883,36943,5374925.923179114
8110,5991,2094,267910,crossing_count,884,36943,5393232.88609
8070,5963,2094,267910,crossing_count,885,36943,5379377.789568793
8086,5941,2108,269011,crossing_count,886,36943,5390255.955692541
8054,5931,2082,269011,crossing_count,887,36943,5389535.577595223
8084,5973,2101,268277,crossing_count,888,36943,5402226.740425067
8113,6020,2095,268277,crossing_count,889,36943,5384158.99049657
8037,5936,2099,267543,crossing_count,890,36943,5385813.7218984775
8096,5976,2104,268644,crossing_count,891,36943,5393672.486169933
8075,5943,2100,268277,crossing_count,892,36943,5405820.494001314
8075,5949,2091,268644,crossing_count,893,36943,5410781.766456285
8037,5954,2074,269011,crossing_count,894,36943,5384007.079139115
8086,5949,2088,268277,crossing_count,895,36943,5432863.854146333
8049,5952,2087,269011,crossing_count,896,36943,5395972.443867395
8088,5985,2089,268644,crossing_count,897,36943,5405871.182201205
8083,5952,2095,267910,crossing_count,898,36943,5384868.096954908
8059,5937,2095,269011,crossing_count,899,36943,5390193.171605077
8072,5967,2086,268644,crossing_count,900,36943,5391254.675458634
8108,5954,2115,268277,crossing_count,901,36943,5435863.357582288
8038,5943,2073,267910,crossing_count,902,36943,5392215.033859497
8100,5961,2095,268644,crossing_count,903,36943,5364675.7321527805
8105,5975,2103,266809,crossing_count,904,36943,5374838.512341889
8060,5964,2066,268278,crossing_count,905,36943,5398272.534586921
8082,5950,2095,268644,crossing_count,906,36943,5377979.020021665
8113,5990,2090,267911,crossing_count,907,36943,5373327.418722588
8094,5976,2104,267911,crossing_count,908,36943,5407976.740648208
8073,5931,2092,268277,crossing_count,909,36943,5393128.428854141
8113,5962,2118,269011,crossing_count,910,36943,5422007.718283332
8082,5948,2091,268277,crossing_count,911,36943,5405012.74450258
8093,5957,2103,268644,crossing_count,912,36943,5377387.292210778
8052,5931,2089,268277,crossing_count,913,36943,5393665.577057138
8063,5963,2075,268644,crossing_count,914,36943,5386227.8180324575
8090,5978,2090,268277,crossing_count,915,36943,5369733.9367525615
8107,6003,2101,268644,crossing_count,916,36943,5404738.493471881
8091,5926,2109,269011,crossing_count,917,36943,5395947.186786933
8099,5960,2084,268277,crossing_count,918,36943,5405507.14434343
8084,5947,2107,268277,crossing_count,919,36943,5406689.881574921
8095,5973,2103,269011,crossing_count,920,36943,5380751.938167375
8095,5967,2097,268277,crossing_count,921,36943,5366210.625776598
8107,5971,2089,267910,crossing_count,922,36943,5389313.585215161
8130,6006,2099,269011,crossing_count,923,36943,5370263.802056514
8066,5949,2097,269011,crossing_count,924,36943,5384793.7229404785
8124,5993,2099,268277,crossing_count,925,36943,5399426.330370255
8078,5943,2095,268277,crossing_count,926,36943,5386687.810864531
8050,5954,2067,269011,crossing_count,927,36943,5384788.972703107
8097,6005,2087,268645,crossing_count,928,36943,5398848.613457857
8069,5962,2088,268644,crossing_count,929,36943,5392429.558920719
8068,5970,2083,267910,crossing_count,930,36943,5378177.721724045
8055,5947,2095,269011,crossing_count,931,36943,5396288.0870687645
8083,5954,2104,268645,crossing_count,932,36943,5400371.248895997
8060,5922,2094,267910,crossing_count,933,36943,5383502.833601609
8122,5971,2086,267910,crossing_count,934,36943,5417257.78883858
8070,5964,2075,268644,crossing_count,935,36943,5357181.427480763
8066,5946,2088,268277,crossing_count,936,36943,5395579.162761171
8106,5967,2106,268277,crossing_count,937,36943,5402352.644206069
8099,5990,2096,267910,crossing_count,938,36943,5412233.828933034
8047,5924,2083,269011,crossing_count,939,36943,5411496.609604422
8094,5963,2106,268277,crossing_count,940,36943,5427041.118219802
8133,5960,2113,269011,crossing_count,941,36943,5391737.764456812
8083,5974,2088,267911,crossing_count,942,36943,5380454.115746625
8072,5962,2103,268644,crossing_count,943,36943,5378802.983061583
8132,5975,2112,268644,crossing_count,944,36943,5395181.245536283
8128,5988,2102,267910,crossing_count,945,36943,5415190.877158399
8120,5979,2094,268277,crossing_count,946,36943,5399331.718702652
8076,5938,2113,268277,crossing_count,947,36943,5410617.332489351
8113,5995,2090,268644,crossing_count,948,36943,5387087.92193819
8119,6002,2085,268644,crossing_count,949,36943,5376229.94240933
8106,5970,2108,267910,crossing_count,950,36943,5375905.746550062
8117,5984,2097,267911,crossing_count,951,36943,5406316.395251717
8070,5946,2087,268277,crossing_count,952,36943,5363185.19127856
8085,5997,2066,269011,crossing_count,953,36943,5401242.2652709875
8086,5958,2102,269011,crossing_count,954,36943,5389002.502878951
8039,5926,2077,267544,crossing_count,955,36943,5420816.026030064
8105,5951,2098,269011,crossing_count,956,36943,5386373.76612384
8088,5969,2087,268277,crossing_count,957,36943,5391312.1129513495
8072,5934,2093,267911,crossing_count,958,36943,5409251.003749014
8071,5956,2093,268277,crossing_count,959,36943,5403927.321879936
8126,6000,2113,268644,crossing_count,960,36943,5391308.296295889
8075,5969,2087,268644,crossing_count,961,36943,5399930.573121757
8083,5958,2093,268644,crossing_count,962,36943,5418859.375966165
8082,5949,2107,268277,crossing_count,963,36943,5392558.464504821
8095,5964,2101,267911,crossing_count,964,36943,5387894.55713227
8038,5935,2105,269011,crossing_count,965,36943,5404122.9512912575
8088,5976,2095,268644,crossing_count,966,36943,5361189.54565293
8059,5948,2085,267910,crossing_count,967,36943,5396452.866469903
8010,5888,2089,268277,crossing_count,968,36943,5405981.36237508
8071,5973,2094,268644,crossing_count,969,36943,5395017.029159154
8004,5895,2094,268644,crossing_count,970,36943,5390265.267667027
8091,5965,2104,269011,crossing_count,971,36943,5397516.181370368
8100,5975,2111,268277,crossing_count,972,36943,5406432.7903866265
8100,5963,2113,269011,crossing_count,973,36943,5392549.036293497
8045,5921,2085,268644,crossing_count,974,36943,5401553.5277477885
8047,5943,2071,268644,crossing_count,975,36943,5391744.799382869
8084,5977,2104,268277,crossing_count,976,36943,5422844.8052234575
8103,5966,2095,268644,crossing_count,977,36943,5379216.346037214
8066,5951,2099,267910,crossing_count,978,36943,5414072.737846045
8082,5948,2103,268644,crossing_count,979,36943,5445358.64386199
8049,5934,2085,268644,crossing_count,980,36943,5397991.146566356
8079,5944,2105,267176,crossing_count,981,36943,5422974.387027191
8083,5982,2072,267910,crossing_count,982,36943,5403952.282237751
8123,5977,2094,268644,crossing_count,983,36943,5415289.157900944
8093,5991,2095,268644,crossing_count,984,36943,5397364.474013552
8073,5956,2088,267910,crossing_count,985,36943,5392955.719678789
8078,5917,2101,266809,crossing_count,986,36943,5407662.548146021
8073,5984,2092,267910,crossing_count,987,36943,5397311.140854304
8127,5992,2110,267910,crossing_count,988,36943,5383979.740288815
8129,5990,2095,268278,crossing_count,989,36943,5398792.419002807
8053,5959,2082,268277,crossing_count,990,36943,5409221.673483573
8094,5982,2087,267543,crossing_count,991,36943,5406974.653291887
8092,5988,2088,267543,crossing_count,992,36943,5393774.373971412
8114,5992,2088,267910,crossing_count,993,36943,5402238.484052685
8059,5949,2101,268645,crossing_count,994,36943,5402500.25225494
8098,5975,2106,268644,crossing_count,995,36943,5365046.451041175
8098,5982,2094,267911,crossing_count,996,36943,5395339.829375725
8081,5962,2084,268277,crossing_count,997,36943,5445259.873432782
8103,5972,2111,267543,crossing_count,998,36943,5387743.579173854
8065,5944,2105,267910,crossing_count,999,36943,5373215.946440016
4336,2993,1347,258736,incident_cost,0,247052,36048945.452620395
4388,3065,1325,260571,incident_cost,1,247131,36048977.08094685
4434,3080,1355,262038,incident_cost,2,246858,36049075.62363105
4423,3087,1337,259102,incident_cost,3,246890,36049079.36827056
4369,3047,1327,262405,incident_cost,4,246892,36048887.4109278
4399,3072,1325,260937,incident_cost,5,246980,36049024.20495292
4439,3093,1352,257639,incident_cost,6,246800,36048943.33665456
4354,3056,1301,259102,incident_cost,7,247054,36049004.55681991
4473,3132,1340,260204,incident_cost,8,246667,36049012.176474206
4352,3031,1327,261304,incident_cost,9,247233,36048934.66640158
4410,3060,1354,259102,incident_cost,10,246771,36048991.14651267
4388,3043,1347,259469,incident_cost,11,246676,36049002.20943908
4390,3030,1364,256167,incident_cost,12,247017,36049081.84434384
4386,3059,1330,257267,incident_cost,13,247045,36049031.439724036
4363,3050,1315,258735,incident_cost,14,247363,36048980.326662265
4340,3026,1317,258735,incident_cost,15,246949,36048974.571764246
4361,3040,1324,261304,incident_cost,16,246944,36048809.88360271
4363,3064,1303,260203,incident_cost,17,246860,36048997.28004055
4390,3078,1317,260570,incident_cost,18,246962,36048943.10513526
4384,3063,1322,260570,incident_cost,19,246774,36048965.834929466
4371,3055,1315,263139,incident_cost,20,246772,36048956.33457999
4462,3097,1361,260937,incident_cost,21,247069,36049026.279483005
4418,3108,1315,261304,incident_cost,22,247109,36048935.80065738
4391,3090,1304,261304,incident_cost,23,246842,36049002.85137219
4549,3195,1349,258002,incident_cost,24,246889,36049054.973252475
4389,3076,1312,260570,incident_cost,25,246849,36048968.330153964
4405,3058,1351,259863,incident_cost,26,246741,36048987.980886176
4340,3003,1329,260571,incident_cost,27,246779,36048997.73100772
4439,3111,1332,259836,incident_cost,28,246478,36048980.585603096
4307,2991,1321,259836,incident_cost,29,246984,36048994.364071175
4368,3026,1345,262407,incident_cost,30,246826,36049063.788743526
4378,3078,1294,261672,incident_cost,31,247027,36049043.64537278
4339,2997,1343,257634,incident_cost,32,246854,36049022.992824204
4382,3049,1337,260203,incident_cost,33,246873,36048981.78385322
4404,3100,1307,258738,incident_cost,34,246527,36049037.895829976
4376,3036,1340,258002,incident_cost,35,246834,36049040.09031259
4395,3064,1335,256901,incident_cost,36,246990,36049097.54749127
4400,3027,1370,261305,incident_cost,37,247061,36049023.34467043
4438,3098,1344,260570,incident_cost,38,246658,36049012.29813078
4402,3087,1316,259472,incident_cost,39,247076,36048954.672184736
4445,3111,1340,257634,incident_cost,40,246492,36048948.70065833
4326,2991,1336,260571,incident_cost,41,246849,36048994.49143988
4404,3056,1353,258369,incident_cost,42,246948,36049094.66546585
4398,3082,1314,259836,incident_cost,43,246795,36048892.45772065
4346,3016,1331,260570,incident_cost,44,246919,36049020.64038579
4369,3037,1338,258368,incident_cost,45,246932,36049022.61860576
4370,3034,1340,260572,incident_cost,46,246769,36049081.41257961
4355,3016,1345,257268,incident_cost,47,247167,36049056.33822496
4411,3062,1352,258368,incident_cost,48,246945,36049034.267565474
4367,3056,1315,262774,incident_cost,49,246716,36049042.39564669
4401,3061,1340,259469,incident_cost,50,246954,36049003.197146505
4378,3060,1321,259102,incident_cost,51,246993,36048932.9797196
4326,3012,1319,259469,incident_cost,52,246781,36049026.02603566
4438,3099,1343,259103,incident_cost,53,247099,36049076.82397701
4417,3070,1347,260203,incident_cost,54,246992,36048965.01785514
4442,3109,1335,260937,incident_cost,55,246920,36048925.22126719
4350,3027,1323,260204,incident_cost,56,246767,36048914.140870556
4340,3015,1327,257267,incident_cost,57,246980,36049035.87510815
4455,3085,1373,259469,incident_cost,58,246673,36048972.27468553
4342,3023,1319,259102,incident_cost,59,246598,36048957.19202304
4360,3020,1344,260204,incident_cost,60,247035,36048930.39373526
4357,3005,1353,259103,incident_cost,61,246867,36048949.87548305
4375,3035,1343,259102,incident_cost,62,246946,36049064.86049554
4417,3087,1328,261307,incident_cost,63,246870,36049095.67152347
4463,3125,1338,258368,incident_cost,64,246620,36048883.82898912
4390,3071,1322,257267,incident_cost,65,246807,36049040.65696846
4394,3058,1339,258368,incident_cost,66,246786,36048956.046325564
4429,3069,1358,260570,incident_cost,67,246769,36049006.51967505
4353,3021,1330,259837,incident_cost,68,246893,36049069.15901458
4390,3120,1269,260938,incident_cost,69,247093,36048976.447685085
4408,3061,1346,261305,incident_cost,70,246906,36049056.865658574
4430,3121,1309,259469,incident_cost,71,246647,36049011.93035905
4428,3071,1351,260203,incident_cost,72,246929,36048994.88321516
4342,3010,1336,259469,incident_cost,73,247057,36049050.679359734
4321,2990,1331,259102,incident_cost,74,246677,36048991.81192631
4356,3013,1347,256166,incident_cost,75,247361,36049061.56470434
4420,3080,1340,261305,incident_cost,76,246776,36048940.74812763
4319,2986,1339,260203,incident_cost,77,247057,36048931.720323086
4429,3113,1311,257267,incident_cost,78,247059,36049003.94375374
4411,3075,1334,259469,incident_cost,79,246939,36049030.68866197
4480,3139,1343,257268,incident_cost,80,246808,36049045.644750856
4342,3024,1320,259128,incident_cost,81,247216,36048993.11066519
4401,3088,1318,257268,incident_cost,82,246808,36048996.1839863
4378,3055,1326,258735,incident_cost,83,246966,36049067.139866255
4325,3012,1313,256533,incident_cost,84,247087,36048960.00075251
4375,3065,1312,257635,incident_cost,85,246839,36049068.88897748
4325,3044,1283,256533,incident_cost,86,246848,36049090.72016954
4388,3061,1333,256533,incident_cost,87,246968,36049113.22169964
4444,3102,1346,258369,incident_cost,88,246897,36048939.702495076
4418,3101,1320,260937,incident_cost,89,247115,36049013.487323776
4462,3107,1355,261304,incident_cost,90,247328,36049025.15888864
4334,3012,1324,258737,incident_cost,91,246913,36048958.04826888
4368,3046,1328,258001,incident_cost,92,246905,36048997.93099484
4416,3096,1324,260570,incident_cost,93,247113,36049060.00621638
4344,3025,1319,259469,incident_cost,94,246828,36049071.000089355
4399,3039,1364,258370,incident_cost,95,246827,36048906.23809277
4415,3073,1342,256534,incident_cost,96,247001,36049019.63761997
4299,2969,1328,262038,incident_cost,97,246797,36049102.36469577
4393,3086,1313,260938,incident_cost,98,247077,36049013.60777468
4379,3042,1336,258737,incident_cost,99,246849,36048906.71646717
4428,3094,1333,259469,incident_cost,100,247079,36049103.596643716
4429,3082,1345,260571,incident_cost,101,246754,36048999.35395503
4329,3001,1331,259102,incident_cost,102,247008,36048999.211343184
4374,3031,1347,260203,incident_cost,103,247085,36049027.69220115
4449,3120,1331,260204,incident_cost,104,246873,36048971.447911695
4368,3061,1307,258735,incident_cost,105,246937,36049057.33076838
4437,3098,1341,259836,incident_cost,106,246884,36048934.27795488
4358,3025,1332,261304,incident_cost,107,246983,36049014.952201456
4452,3129,1326,260203,incident_cost,108,246733,36048995.28980071
4341,3034,1310,260205,incident_cost,109,246954,36049006.84041326
4380,3077,1304,262406,incident_cost,110,247216,36049008.84511285
4399,3049,1352,263139,incident_cost,111,246821,36048977.588170394
4509,3159,1346,257267,incident_cost,112,246997,36048836.6024867
4436,3107,1332,259102,incident_cost,113,247097,36048940.90971351
4354,3020,1339,260570,incident_cost,114,246943,36048941.04008612
4320,3000,1323,261305,incident_cost,115,246988,36048980.07452151
4430,3112,1318,259102,incident_cost,116,247126,36048977.01778178
4357,3044,1312,259102,incident_cost,117,247018,36049084.33605723
4384,3035,1351,258370,incident_cost,118,246733,36048972.44941502
4345,3011,1334,260203,incident_cost,119,247237,36048993.03160213
4417,3103,1317,260203,incident_cost,120,247258,36049048.902803645
4409,3077,1333,259840,incident_cost,121,247112,36049067.013999395
4368,3027,1342,258371,incident_cost,122,247037,36049015.35732186
4396,3063,1337,258762,incident_cost,123,246978,36048962.72219993
4381,3051,1329,260570,incident_cost,124,246985,36049045.28105129
4491,3160,1331,260571,incident_cost,125,246626,36048940.76576033
4391,3087,1310,259102,incident_cost,126,246973,36048942.98146539
4386,3041,1346,258735,incident_cost,127,247044,36049004.934809506
4414,3083,1329,257635,incident_cost,128,246840,36048952.93554366
4321,2987,1336,262038,incident_cost,129,247036,36049046.713007435
4394,3062,1333,259836,incident_cost,130,246914,36049045.23611387
4397,3078,1320,256167,incident_cost,131,246964,36048931.50244017
4384,3054,1335,261671,incident_cost,132,246952,36048889.06222304
4384,3069,1314,257267,incident_cost,133,247181,36048957.07332294
4313,2996,1311,260570,incident_cost,134,247298,36049035.65595807
4368,3061,1308,259470,incident_cost,135,247128,36048973.59421627
4395,3080,1312,260592,incident_cost,136,246950,36049031.7401498
4386,3070,1321,259103,incident_cost,137,246884,36049038.27558045
4493,3129,1366,258739,incident_cost,138,246958,36048970.51338575
4379,3043,1338,257268,incident_cost,139,246954,36049020.27899444
4370,3066,1307,261671,incident_cost,140,246668,36049051.21880519
4419,3060,1355,260937,incident_cost,141,246558,36048894.10208595
4393,3065,1329,256533,incident_cost,142,246745,36049051.098093756
4399,3042,1358,258735,incident_cost,143,247080,36048948.34703359
4389,3018,1375,258002,incident_cost,144,246972,36049117.3885998
4423,3069,1358,259102,incident_cost,145,246988,36049077.044879645
4429,3074,1356,260571,incident_cost,146,246812,36048908.116736606
4409,3053,1358,258735,incident_cost,147,246853,36048948.74469146
4409,3096,1312,257267,incident_cost,148,246576,36049030.07713066
4355,3033,1324,258001,incident_cost,149,246905,36048931.13769731
4367,3061,1308,260570,incident_cost,150,247318,36048947.1973537
4395,3093,1308,260570,incident_cost,151,246685,36048981.89077017
4449,3122,1333,258736,incident_cost,152,247186,36048995.86191243
4399,3094,1305,259836,incident_cost,153,246882,36048920.84069735
4355,3038,1320,259837,incident_cost,154,246853,36049033.78114991
4422,3100,1324,259471,incident_cost,155,247099,36048890.90984529
4368,3039,1332,258735,incident_cost,156,247123,36049112.14315369
4379,3076,1306,259470,incident_cost,157,246748,36049025.54100936
4448,3119,1330,260570,incident_cost,158,246882,36049009.16633977
4398,3054,1343,259103,incident_cost,159,246571,36048945.20611723
4405,3064,1337,260204,incident_cost,160,246843,36048913.40726691
4359,3039,1321,257267,incident_cost,161,247017,36048996.669318005
4375,3039,1332,258001,incident_cost,162,246947,36048967.667874634
4433,3076,1360,260570,incident_cost,163,246511,36049011.94614352
4378,3049,1330,261304,incident_cost,164,246896,36048993.14023283
4337,3029,1311,259838,incident_cost,165,247112,36049151.45327266
4392,3066,1331,260959,incident_cost,166,246825,36049045.56196982
4363,3033,1334,260571,incident_cost,167,246964,36048975.60347681
4431,3103,1329,258735,incident_cost,168,247030,36048938.629201174
4358,3020,1342,258736,incident_cost,169,246580,36048920.521741636
4398,3057,1340,257639,incident_cost,170,247112,36048990.81217879
4388,3077,1313,260570,incident_cost,171,247054,36049042.13408835
4416,3090,1332,259103,incident_cost,172,246986,36049015.602284715
4371,3020,1355,260204,incident_cost,173,247094,36049062.56047253
4374,3050,1321,259470,incident_cost,174,247214,36049040.77576709
4390,3035,1354,259102,incident_cost,175,247076,36049045.63275791
4443,3102,1343,258369,incident_cost,176,247003,36049064.03964282
4439,3088,1351,260937,incident_cost,177,247174,36049063.26965099
4418,3067,1345,256167,incident_cost,178,247203,36048878.43801604
4416,3080,1339,259469,incident_cost,179,246902,36049072.22983633
4446,3094,1355,262772,incident_cost,180,246837,36048972.638768956
4391,3088,1304,256535,incident_cost,181,246788,36049180.80449029
4419,3096,1326,257635,incident_cost,182,246839,36049069.26965832
4379,3022,1360,259103,incident_cost,183,247029,36049066.133321464
4393,3076,1322,260937,incident_cost,184,246902,36048984.877757885
4356,3037,1319,259470,incident_cost,185,246753,36048993.47402918
4433,3078,1354,259469,incident_cost,186,246857,36049161.99225503
4360,3030,1334,260938,incident_cost,187,247404,36048984.165729314
4378,3050,1331,259836,incident_cost,188,246817,36049053.96003204
4432,3079,1358,261671,incident_cost,189,247022,36049031.42704775
4451,3126,1321,258001,incident_cost,190,246642,36048965.20935949
4349,3028,1325,258368,incident_cost,191,246905,36048998.56056902
4389,3071,1317,259837,incident_cost,192,246993,36048968.68687457
4381,3049,1334,259836,incident_cost,193,246817,36048960.64286892
4381,3072,1313,259836,incident_cost,194,246923,36048980.51216493
4340,2993,1345,259836,incident_cost,195,247010,36048919.327771544
4401,3057,1346,259102,incident_cost,196,246948,36048929.8135164
4370,3078,1297,260204,incident_cost,197,246943,36049018.16708247
4380,3040,1345,258762,incident_cost,198,247208,36049093.78067884
4439,3129,1315,259102,incident_cost,199,247090,36049076.241558775
4431,3081,1350,257635,incident_cost,200,247106,36048945.8767079
4406,3083,1327,261672,incident_cost,201,246748,36049027.43161864
4387,3052,1334,258001,incident_cost,202,247237,36049004.09336572
4468,3118,1355,261304,incident_cost,203,246693,36049051.08881495
4456,3111,1348,260570,incident_cost,204,246499,36048902.19044295
4465,3101,1367,261671,incident_cost,205,246688,36049047.74311811
4406,3089,1319,256909,incident_cost,206,246843,36049011.17776421
4394,3068,1327,259838,incident_cost,207,246989,36049036.17318295
4370,3057,1312,262040,incident_cost,208,246838,36048962.832016334
4372,3064,1310,258368,incident_cost,209,246943,36048939.09696316
4438,3104,1338,260204,incident_cost,210,246773,36049033.46734157
4338,3027,1315,259837,incident_cost,211,247035,36049001.61772148
4340,3035,1306,261304,incident_cost,212,247073,36048946.21494504
4393,3067,1329,260571,incident_cost,213,246725,36048962.48541454
4390,3074,1316,262405,incident_cost,214,246926,36048934.13524063
4448,3089,1358,258003,incident_cost,215,246860,36048954.096844174
4378,3059,1321,260204,incident_cost,216,246964,36049061.94960681
4460,3152,1309,261304,incident_cost,217,246970,36048998.32626178
4413,3109,1297,260570,incident_cost,218,246789,36049037.126877755
4337,3010,1329,260571,incident_cost,219,246880,36049010.16019991
4372,3072,1302,262038,incident_cost,220,246858,36048974.73439394
4401,3065,1337,260570,incident_cost,221,246695,36048875.24794921
4422,3121,1298,259494,incident_cost,222,247089,36049028.99486342
4399,3078,1321,259836,incident_cost,223,246613,36048862.84404262
4349,3026,1327,255066,incident_cost,224,246995,36049093.355209455
4352,3033,1321,257634,incident_cost,225,246811,36049066.91701073
4432,3099,1335,259470,incident_cost,226,246969,36048990.6625884
4441,3080,1363,258741,incident_cost,227,246994,36049097.98929547
4407,3053,1351,263873,incident_cost,228,246858,36048888.662095025
4425,3072,1357,257635,incident_cost,229,247082,36048965.95343264
4423,3103,1317,259102,incident_cost,230,246948,36049045.49834336
4422,3067,1361,259837,incident_cost,231,247106,36048935.44251858
4379,3048,1325,259470,incident_cost,232,246905,36049071.346267976
4415,3075,1340,259472,incident_cost,233,247162,36049034.35186404
4379,3063,1322,258369,incident_cost,234,246865,36048980.685464434
4409,3048,1361,258368,incident_cost,235,247197,36048969.668078765
4365,3046,1323,260203,incident_cost,236,246892,36049026.272813864
4377,3060,1322,260571,incident_cost,237,246904,36049077.64160254
4389,3075,1317,260937,incident_cost,238,247016,36049007.98613334
4303,2988,1319,260205,incident_cost,239,246947,36048987.13597463
4404,3076,1333,257664,incident_cost,240,247070,36048917.41685672
4448,3065,1386,259103,incident_cost,241,246789,36048966.22498268
4398,3052,1351,258002,incident_cost,242,247057,36048904.70230381
4376,3043,1333,261690,incident_cost,243,246969,36049060.24727918
4381,3059,1323,256168,incident_cost,244,246860,36048941.36760421
4395,3069,1330,260570,incident_cost,245,246955,36049027.18843986
4398,3072,1327,257634,incident_cost,246,247001,36048973.21044129
4295,3010,1291,258735,incident_cost,247,247087,36049053.275286555
4440,3091,1352,256900,incident_cost,248,246734,36049032.93681209
4353,3023,1331,258399,incident_cost,249,247203,36048981.20653595
4447,3092,1359,260938,incident_cost,250,246781,36049012.33296723
4395,3046,1351,259469,incident_cost,251,246882,36048948.39035496
4407,3071,1342,258002,incident_cost,252,247052,36049035.28672116
4340,3022,1317,259102,incident_cost,253,246889,36049003.57378749
4329,2996,1334,259837,incident_cost,254,246752,36049020.92804591
4364,3047,1317,259470,incident_cost,255,246884,36049076.53173115
4325,3035,1294,260939,incident_cost,256,247014,36049025.96066171
4392,3072,1322,259836,incident_cost,257,247271,36049099.14374891
4345,3040,1303,260937,incident_cost,258,246908,36049051.88630777
4405,3090,1317,258738,incident_cost,259,247048,36048890.67778205
4456,3122,1339,259838,incident_cost,260,246988,36048968.75318487
4398,3083,1321,262405,incident_cost,261,246990,36049004.878089175
4338,3032,1310,258001,incident_cost,262,247012,36049085.21605641
4400,3068,1330,260570,incident_cost,263,247012,36049050.44853182
4400,3059,1345,258735,incident_cost,264,247025,36049042.64390443
4397,3079,1323,261672,incident_cost,265,246978,36049028.45880762
4410,3091,1324,257634,incident_cost,266,246962,36049002.933018014
4349,3006,1344,258369,incident_cost,267,247036,36049068.35334101
4416,3069,1346,259469,incident_cost,268,246703,36049078.96384518
4429,3067,1364,261672,incident_cost,269,246981,36048981.58576423
4367,3050,1320,261672,incident_cost,270,247011,36048913.697909504
4408,3061,1353,259469,incident_cost,271,247006,36048990.747244984
4402,3071,1337,258368,incident_cost,272,246479,36048915.714941874
4403,3073,1332,260937,incident_cost,273,247153,36049085.680180594
4416,3052,1367,260204,incident_cost,274,246875,36049014.10005513
4345,3048,1302,262038,incident_cost,275,246899,36049120.08229694
4378,3050,1332,255800,incident_cost,276,246820,36049003.38075343
4412,3080,1335,259836,incident_cost,277,246681,36048986.030645475
4388,3062,1331,258735,incident_cost,278,246780,36049031.762479946
4429,3072,1359,260205,incident_cost,279,247287,36048988.335401855
4415,3093,1324,259470,incident_cost,280,246860,36049112.443949446
4368,3020,1352,260203,incident_cost,281,246770,36048927.897763915
4385,3083,1307,257634,incident_cost,282,247266,36049002.65722719
4373,3041,1331,258002,incident_cost,283,246850,36048910.92192859
4364,3023,1337,259103,incident_cost,284,246983,36048883.78617944
4348,3047,1303,262772,incident_cost,285,246732,36048924.48126254
4444,3080,1367,258002,incident_cost,286,246782,36048918.9663297
4394,3080,1316,258369,incident_cost,287,246611,36049015.99196107
4374,3053,1321,260203,incident_cost,288,246970,36048991.32957833
4393,3047,1342,262038,incident_cost,289,247149,36048996.66156541
4392,3048,1344,259103,incident_cost,290,247062,36048979.936343625
4364,3012,1351,259839,incident_cost,291,246667,36048886.68817395
4369,3049,1325,260204,incident_cost,292,246952,36048903.753151625
4410,3071,1342,258001,incident_cost,293,246809,36049005.34206937
4402,3067,1337,260226,incident_cost,294,246703,36048947.01424652
4348,3018,1329,258001,incident_cost,295,246752,36049167.20409049
4382,3057,1329,258368,incident_cost,296,247139,36048932.74399702
4327,3006,1319,256900,incident_cost,297,246835,36048973.63094096
4373,3024,1352,259837,incident_cost,298,247164,36048890.163298555
4383,3032,1352,261304,incident_cost,299,246565,36049014.16595554
4437,3102,1340,262772,incident_cost,300,246724,36048991.84314273
4442,3099,1341,259102,incident_cost,301,246923,36049062.05551439
4391,3065,1325,258001,incident_cost,302,246949,36048890.664636694
4382,3048,1337,258368,incident_cost,303,246890,36049042.53894232
4415,3090,1325,259837,incident_cost,304,246817,36049008.220191285
4396,3065,1328,261671,incident_cost,305,247141,36049036.25591483
4444,3097,1349,256900,incident_cost,306,246930,36048938.675704025
4367,3035,1334,260203,incident_cost,307,246812,36048958.71889719
4454,3147,1310,260572,incident_cost,308,246656,36049026.151240245
4401,3055,1346,258736,incident_cost,309,246756,36048878.03175177
4386,3056,1332,258368,incident_cost,310,246995,36048906.96155765
4350,3032,1324,260937,incident_cost,311,246929,36048960.70983176
4446,3114,1334,260572,incident_cost,312,246924,36049028.76558322
4359,3036,1329,260938,incident_cost,313,247110,36048960.984988
4470,3120,1350,257634,incident_cost,314,246791,36048938.500505894
4445,3074,1372,261671,incident_cost,315,246775,36048917.59584136
4393,3057,1340,258001,incident_cost,316,246720,36048962.23529217
4378,3063,1315,259836,incident_cost,317,246741,36049067.82675858
4410,3067,1344,258739,incident_cost,318,246938,36049043.00911935
4401,3070,1336,257269,incident_cost,319,247125,36049106.0262769
4462,3093,1370,260203,incident_cost,320,247254,36048925.28120837
4410,3076,1340,260570,incident_cost,321,246960,36049024.41997315
4432,3081,1356,258736,incident_cost,322,246750,36049036.81069672
4403,3084,1318,256533,incident_cost,323,247167,36048948.97351837
4413,3099,1316,260203,incident_cost,324,246890,36048975.68355805
4417,3087,1331,259102,incident_cost,325,246780,36048978.51398526
4360,3034,1326,258001,incident_cost,326,247093,36048954.86462832
4397,3088,1307,259102,incident_cost,327,246969,36049008.58482705
4384,3060,1319,263506,incident_cost,328,247110,36048950.09782913
4435,3101,1336,260937,incident_cost,329,247146,36048984.86879632
4406,3083,1326,260937,incident_cost,330,246915,36048980.62799242
4407,3091,1317,258738,incident_cost,331,247045,36048960.83906896
4406,3084,1325,258001,incident_cost,332,247121,36048994.73713735
4374,3062,1316,260203,incident_cost,333,247054,36048894.877678834
4357,3023,1335,262038,incident_cost,334,246877,36048910.389012866
4445,3091,1357,260204,incident_cost,335,247020,36048918.08171597
4405,3080,1330,259469,incident_cost,336,246750,36049075.84753546
4391,3041,1352,261305,incident_cost,337,246592,36048967.22589886
4319,3019,1305,259837,incident_cost,338,247065,36049066.70370932
4407,3054,1355,261304,incident_cost,339,246751,36048901.510061264
4393,3047,1350,260207,incident_cost,340,246971,36049002.92099641
4371,3044,1332,256533,incident_cost,341,247106,36048978.548643835
4336,3034,1305,258371,incident_cost,342,246723,36048972.96968959
4436,3091,1349,261304,incident_cost,343,246920,36048937.28451777
4409,3098,1315,259837,incident_cost,344,246874,36048919.90683366
4384,3045,1342,258737,incident_cost,345,247072,36048971.54765802
4448,3113,1340,256533,incident_cost,346,247129,36049038.7798866
4375,3052,1326,257636,incident_cost,347,246892,36049041.319245756
4384,3099,1289,260570,incident_cost,348,247107,36048937.33492098
4357,3039,1321,259840,incident_cost,349,247444,36048854.614184946
4383,3060,1326,256900,incident_cost,350,246651,36049009.37467754
4322,3038,1286,258736,incident_cost,351,247387,36049022.98747358
4362,3044,1316,257268,incident_cost,352,247085,36049008.63933832
4419,3104,1313,260937,incident_cost,353,246862,36048967.309814215
4339,3005,1337,259102,incident_cost,354,247087,36049112.447986834
4476,3107,1366,261305,incident_cost,355,246774,36049006.4790331
4336,3042,1296,257267,incident_cost,356,246910,36048986.242572635
4400,3075,1328,261305,incident_cost,357,246997,36048882.66667515
4423,3103,1322,258369,incident_cost,358,246973,36049061.95343395
4414,3078,1335,258373,incident_cost,359,246931,36048963.43316239
4392,3066,1322,257666,incident_cost,360,246865,36048972.74989261
4473,3141,1336,259472,incident_cost,361,246476,36049007.931807354
4343,3002,1341,260937,incident_cost,362,246962,36049042.79685037
4384,3079,1310,258002,incident_cost,363,246709,36048930.08342922
4414,3098,1318,259103,incident_cost,364,246946,36049066.53683053
4420,3092,1325,260204,incident_cost,365,246712,36049054.45884714
4405,3055,1349,261671,incident_cost,366,246874,36048898.27547733
4395,3074,1324,260203,incident_cost,367,246786,36048938.84178148
4433,3070,1368,258001,incident_cost,368,246707,36048916.08366123
4320,3006,1317,258368,incident_cost,369,247280,36049013.303114295
4372,3055,1318,261671,incident_cost,370,246694,36049057.51538592
4405,3038,1370,260203,incident_cost,371,246970,36049040.164970085
4346,3042,1309,257634,incident_cost,372,246870,36049106.219175234
4410,3089,1325,259103,incident_cost,373,247041,36049041.05673066
4448,3120,1334,256533,incident_cost,374,246681,36049073.91478853
4379,3056,1326,258368,incident_cost,375,246835,36049014.686525874
4387,3049,1340,259103,incident_cost,376,246936,36049030.84354019
4427,3089,1337,258735,incident_cost,377,246781,36049055.32512128
4413,3116,1297,259102,incident_cost,378,246831,36049137.08102059
4466,3113,1351,262038,incident_cost,379,246677,36049112.676235944
4396,3066,1333,256535,incident_cost,380,246776,36049008.93118878
4337,3016,1324,262039,incident_cost,381,247083,36048965.92190182
4307,2972,1337,259836,incident_cost,382,246932,36049031.865959726
4434,3089,1340,256535,incident_cost,383,246638,36049045.75637169
4389,3057,1329,258369,incident_cost,384,246956,36048994.20954068
4399,3067,1337,261304,incident_cost,385,247306,36049091.3100131
4395,3064,1329,260203,incident_cost,386,246917,36048952.35612729
4379,3037,1347,257634,incident_cost,387,247131,36049038.966709346
4378,3033,1347,259102,incident_cost,388,246698,36048894.051361784
4363,3020,1347,259836,incident_cost,389,246850,36048931.76457047
4407,3074,1339,258368,incident_cost,390,246867,36048970.15460072
4351,3021,1331,259837,incident_cost,391,247100,36049030.807625785
4417,3094,1329,260937,incident_cost,392,247003,36048841.496419504
4463,3114,1354,259469,incident_cost,393,247015,36049020.46403107
4473,3111,1363,260203,incident_cost,394,246813,36049078.72681156
4372,3040,1335,258369,incident_cost,395,247086,36048970.4967573
4340,3006,1335,259102,incident_cost,396,246927,36049081.683147185
4383,3051,1338,258736,incident_cost,397,246850,36048930.49226768
4365,3039,1328,260203,incident_cost,398,246983,36049019.03337616
4369,3038,1333,264243,incident_cost,399,246902,36048990.607578866
4377,3055,1322,261671,incident_cost,400,246961,36048923.96573427
4398,3057,1342,258368,incident_cost,401,247359,36048984.30316003
4314,3017,1296,260203,incident_cost,402,246817,36048967.570475444
4406,3075,1332,261671,incident_cost,403,246731,36048953.499027185
4393,3057,1338,257634,incident_cost,404,247220,36048961.04638907
4333,3018,1317,260937,incident_cost,405,247012,36048970.75717296
4364,3039,1327,262772,incident_cost,406,246777,36048946.467650115
4408,3049,1357,258001,incident_cost,407,247002,36048966.83785759
4380,3075,1309,261305,incident_cost,408,246700,36049049.01541239
4366,3013,1357,259104,incident_cost,409,247190,36048949.54661475
4393,3050,1342,261306,incident_cost,410,246781,36049092.59952324
4446,3109,1337,260570,incident_cost,411,246686,36048973.863431975
4355,3017,1341,260570,incident_cost,412,246906,36049111.73079285
4416,3056,1364,260570,incident_cost,413,246919,36048949.94260529
4428,3081,1348,258371,incident_cost,414,246714,36049049.072721995
4351,3014,1337,257267,incident_cost,415,246940,36048985.2951446
4426,3105,1323,257269,incident_cost,416,246840,36049016.90148249
4398,3093,1309,257267,incident_cost,417,246969,36048957.600066274
4418,3065,1351,259469,incident_cost,418,246369,36048943.157594286
4298,2982,1318,261671,incident_cost,419,246880,36049011.99522904
4395,3052,1340,259836,incident_cost,420,246732,36048873.30456616
4400,3074,1331,258003,incident_cost,421,246842,36048970.99311241
4381,3055,1327,260570,incident_cost,422,246908,36049035.769531086
4365,3033,1336,260570,incident_cost,423,246911,36048900.25205505
4414,3080,1330,261672,incident_cost,424,246629,36048912.544774175
4373,3036,1338,258375,incident_cost,425,247053,36048935.4134804
4411,3103,1311,259469,incident_cost,426,246835,36048962.582767084
4445,3090,1357,260570,incident_cost,427,246804,36049058.06831196
4419,3069,1354,262038,incident_cost,428,247125,36048969.569816716
4374,3027,1346,259102,incident_cost,429,246780,36048880.65148604
4414,3092,1323,260937,incident_cost,430,246932,36049039.457856044
4396,3075,1323,258001,incident_cost,431,247129,36048927.836205006
4303,3009,1297,259128,incident_cost,432,246861,36048961.14847374
4419,3055,1356,259102,incident_cost,433,246993,36049042.569672816
4379,3049,1327,257267,incident_cost,434,246857,36048988.88886346
4455,3083,1375,257634,incident_cost,435,246684,36048999.70557122
4404,3082,1324,258736,incident_cost,436,246874,36048944.55624305
4351,3008,1346,259836,incident_cost,437,246820,36049023.360767774
4372,3011,1363,258396,incident_cost,438,246807,36049081.158165276
4426,3081,1349,260570,incident_cost,439,247101,36048865.06989117
4490,3147,1346,257268,incident_cost,440,246600,36049013.97090888
4405,3060,1351,258736,incident_cost,441,246831,36048939.30948902
4407,3062,1350,260203,incident_cost,442,247315,36049068.82051152
4437,3101,1335,260570,incident_cost,443,246556,36048999.8246779
4442,3129,1312,260575,incident_cost,444,246950,36049005.85598263
4423,3096,1326,262038,incident_cost,445,247024,36049077.728738904
4375,3055,1324,259836,incident_cost,446,246865,36048969.62030521
4367,3064,1306,260203,incident_cost,447,246836,36049038.41632737
4422,3080,1348,259469,incident_cost,448,246868,36048938.98026398
4399,3050,1353,263139,incident_cost,449,246958,36049021.1016227
4366,3006,1362,260570,incident_cost,450,246824,36048960.24334232
4434,3076,1361,260937,incident_cost,451,247134,36048992.85070279
4406,3111,1296,260206,incident_cost,452,246870,36049073.61143102
4339,3020,1324,260572,incident_cost,453,246994,36048934.83014348
4395,3068,1330,259836,incident_cost,454,247145,36048949.83036752
4387,3058,1330,260570,incident_cost,455,246963,36049074.7151343
4397,3067,1335,260570,incident_cost,456,246599,36048993.49165529
4399,3022,1377,256168,incident_cost,457,246972,36048893.22914149
4403,3072,1337,257634,incident_cost,458,246937,36048931.43773566
4449,3119,1331,259102,incident_cost,459,246804,36049039.725120775
4415,3089,1327,256167,incident_cost,460,246852,36049135.75057724
4374,3023,1356,262038,incident_cost,461,246910,36049033.045577615
4408,3084,1324,259470,incident_cost,462,247050,36049109.19438116
4390,3076,1317,260204,incident_cost,463,246782,36048993.648751535
4431,3079,1356,260571,incident_cost,464,246777,36048979.92970377
4401,3053,1347,260205,incident_cost,465,246886,36048949.99980053
4481,3142,1337,259102,incident_cost,466,246945,36048974.28768383
4390,3069,1320,260937,incident_cost,467,246877,36048966.26174294
4389,3061,1333,259128,incident_cost,468,247049,36049099.29444373
4510,3184,1330,260571,incident_cost,469,246754,36049006.05920441
4297,2990,1311,260203,incident_cost,470,247244,36049084.18192883
4463,3116,1351,256901,incident_cost,471,247088,36049080.514425695
4352,3035,1318,261304,incident_cost,472,247001,36049055.01710197
4330,3002,1327,261304,incident_cost,473,246989,36049011.805786595
4371,3056,1315,261304,incident_cost,474,247082,36048948.710504666
4385,3043,1342,257267,incident_cost,475,247157,36049054.0961914
4397,3058,1342,258033,incident_cost,476,247165,36049014.17696819
4478,3148,1334,259470,incident_cost,477,246774,36048963.958439276
4339,3024,1318,260574,incident_cost,478,247010,36048950.34446158
4387,3047,1340,259836,incident_cost,479,246782,36048929.02484949
4359,3038,1321,259470,incident_cost,480,246805,36048991.59870024
4465,3113,1354,259837,incident_cost,481,247052,36048993.58084468
4469,3135,1332,260203,incident_cost,482,246691,36049007.47239157
4379,3039,1344,258736,incident_cost,483,246960,36048979.1648953
4404,3034,1375,260938,incident_cost,484,246527,36049105.57808341
4310,3019,1289,262406,incident_cost,485,246898,36049047.867425576
4428,3081,1343,259103,incident_cost,486,247033,36049036.94613693
4420,3064,1357,259836,incident_cost,487,246934,36048917.38318242
4400,3068,1332,260206,incident_cost,488,247189,36049051.86084234
4420,3079,1343,258368,incident_cost,489,246875,36048989.98949714
4364,3046,1313,260204,incident_cost,490,247126,36048969.378860235
4349,3033,1319,260571,incident_cost,491,246906,36049011.543120414
4413,3055,1355,259102,incident_cost,492,246706,36049106.727131486
4343,3045,1302,259469,incident_cost,493,247034,36049002.92543224
4383,3054,1333,258368,incident_cost,494,246951,36049006.05113673
4441,3089,1352,261304,incident_cost,495,247135,36049012.29098611
4363,3034,1333,259836,incident_cost,496,246879,36049032.092483416
4389,3055,1336,261305,incident_cost,497,246892,36049002.720740914
4352,3026,1329,260203,incident_cost,498,247106,36048886.59781088
4390,3063,1327,261305,incident_cost,499,246766,36048896.40125129
4419,3070,1348,261671,incident_cost,500,246963,36048980.93718892
4442,3123,1317,258369,incident_cost,501,246882,36049030.98820822
4475,3134,1345,259469,incident_cost,502,246748,36049032.95549165
4366,3048,1321,258735,incident_cost,503,247135,36049053.37434156
4372,3031,1342,260937,incident_cost,504,246709,36049180.36755936
4408,3094,1316,258368,incident_cost,505,246918,36049107.28576006
4382,3047,1333,261304,incident_cost,506,246969,36049074.603126116
4456,3116,1338,257298,incident_cost,507,246926,36048980.346012585
4398,3084,1313,256901,incident_cost,508,246917,36049059.9119132
4341,3051,1292,261671,incident_cost,509,246860,36048979.54743197
4393,3056,1339,258738,incident_cost,510,246761,36048945.42160452
4353,3029,1324,257267,incident_cost,511,246963,36049041.89997361
4474,3124,1352,261305,incident_cost,512,247085,36049077.5256895
4434,3109,1328,259836,incident_cost,513,246850,36048967.68396638
4379,3060,1324,259103,incident_cost,514,247176,36049005.41954833
4420,3071,1349,259103,incident_cost,515,246863,36049014.19828017
4370,3021,1351,257637,incident_cost,516,247032,36048946.55789083
4430,3121,1311,261304,incident_cost,517,246892,36048955.374144375
4390,3064,1329,259102,incident_cost,518,246862,36049104.73646881
4459,3115,1349,259103,incident_cost,519,246829,36049022.47459717
4381,3047,1335,261671,incident_cost,520,247210,36049067.82099701
4401,3064,1339,255800,incident_cost,521,246736,36048992.2356682
4377,3061,1322,261304,incident_cost,522,246687,36049038.785184026
4375,3063,1311,257267,incident_cost,523,247100,36048839.86766027
4425,3082,1345,259102,incident_cost,524,246837,36048978.93384655
4449,3117,1332,261304,incident_cost,525,246907,36048988.88858597
4358,3041,1323,259102,incident_cost,526,247321,36049040.25924611
4379,3080,1304,259469,incident_cost,527,247036,36049039.53890577
4396,3089,1313,255800,incident_cost,528,246937,36049102.45753227
4455,3112,1347,258735,incident_cost,529,247001,36048948.82703226
4364,3016,1347,260203,incident_cost,530,246913,36049059.78876178
4435,3099,1341,260227,incident_cost,531,246928,36048899.93946427
4372,3043,1331,258001,incident_cost,532,246944,36049031.116891906
4318,3028,1291,260570,incident_cost,533,246863,36048982.80349152
4359,3016,1343,260570,incident_cost,534,246927,36049000.513618276
4376,3032,1348,259837,incident_cost,535,247153,36048928.23626074
4355,3030,1325,260571,incident_cost,536,246747,36049046.85606505
4343,3007,1336,258001,incident_cost,537,246908,36049125.51934284
4368,3030,1336,260570,incident_cost,538,246755,36049037.83899218
4413,3070,1347,261671,incident_cost,539,246838,36048960.65463865
4422,3083,1343,260958,incident_cost,540,247155,36049001.94289893
4369,3010,1362,259102,incident_cost,541,246440,36048855.030833974
4368,3046,1323,259103,incident_cost,542,247036,36048943.88514393
4421,3083,1339,256900,incident_cost,543,246588,36049048.28322831
4407,3065,1342,261304,incident_cost,544,246989,36048972.835920036
4413,3095,1323,258002,incident_cost,545,246798,36048984.03100702
4385,3096,1294,260203,incident_cost,546,246850,36049034.67363681
4490,3134,1357,259469,incident_cost,547,246986,36049052.80678351
4418,3078,1337,259836,incident_cost,548,247017,36049037.96224928
4383,3040,1340,258736,incident_cost,549,246865,36049019.54696606
4434,3068,1369,262038,incident_cost,550,247296,36048857.337229766
4382,3049,1337,256167,incident_cost,551,247105,36049029.366573915
4390,3040,1351,259836,incident_cost,552,246884,36049057.72192327
4368,3028,1343,258737,incident_cost,553,246767,36049051.06603461
4374,3066,1307,259102,incident_cost,554,247021,36048951.64339562
4391,3066,1324,257635,incident_cost,555,247029,36049090.06775576
4325,3040,1287,259102,incident_cost,556,247214,36048982.370792
4318,3014,1306,258368,incident_cost,557,246937,36049065.86070894
4388,3072,1320,262038,incident_cost,558,246786,36048988.55167192
4395,3044,1354,260570,incident_cost,559,246837,36049066.837589115
4324,2996,1334,258001,incident_cost,560,246959,36049030.5763432
4381,3047,1337,260570,incident_cost,561,246929,36048980.80019069
4354,3013,1339,260937,incident_cost,562,246686,36048918.29100163
4389,3062,1327,261671,incident_cost,563,246757,36049024.075684994
4440,3135,1309,260937,incident_cost,564,247010,36048953.36184799
4365,3056,1312,260937,incident_cost,565,247077,36049063.41238925
4404,3084,1321,261671,incident_cost,566,246873,36048976.42019305
4380,3057,1322,259469,incident_cost,567,246948,36048895.91255841
4361,3040,1322,260205,incident_cost,568,246904,36048986.648286834
4358,3015,1343,260203,incident_cost,569,246945,36048921.096481316
4342,3021,1321,261304,incident_cost,570,246918,36048997.47983322
4346,3032,1315,259471,incident_cost,571,246936,36049001.02695969
4288,2973,1321,260204,incident_cost,572,246808,36048900.64192238
4369,3035,1335,263139,incident_cost,573,246858,36049005.250042304
4378,3059,1319,261304,incident_cost,574,246709,36049059.8974234
4361,3082,1282,259103,incident_cost,575,247044,36048994.18589352
4481,3115,1368,261671,incident_cost,576,246854,36048981.34796439
4385,3064,1324,259837,incident_cost,577,246847,36048955.5050516
4385,3066,1320,258737,incident_cost,578,246836,36048979.513398744
4416,3084,1337,258368,incident_cost,579,247039,36049043.26718713
4423,3087,1339,260570,incident_cost,580,247104,36048978.47162907
4470,3123,1352,260203,incident_cost,581,246966,36048925.51568827
4348,3024,1325,258735,incident_cost,582,247040,36049050.91806228
4420,3078,1345,263139,incident_cost,583,247087,36049043.09351824
4425,3108,1323,258002,incident_cost,584,247262,36049012.044687025
4440,3109,1333,260571,incident_cost,585,246705,36049016.71676032
4410,3070,1343,259469,incident_cost,586,246820,36049033.30471273
4433,3106,1328,260570,incident_cost,587,246626,36049129.79124103
4327,3018,1313,255799,incident_cost,588,247110,36049012.34824987
4375,3049,1328,259128,incident_cost,589,246881,36049001.52468236
4341,3022,1325,257267,incident_cost,590,247062,36048947.81539225
4392,3061,1330,260203,incident_cost,591,247104,36048993.406351976
4322,2999,1327,260937,incident_cost,592,247039,36049028.351886146
4442,3099,1346,258735,incident_cost,593,246988,36048994.302681416
4381,3056,1328,259839,incident_cost,594,247238,36048886.37377149
4403,3075,1321,259102,incident_cost,595,246721,36048964.024685934
4383,3063,1324,260570,incident_cost,596,247078,36049106.221615255
4341,3035,1309,259838,incident_cost,597,247294,36049029.35940028
4354,3028,1327,260204,incident_cost,598,246632,36048850.0556347
4405,3089,1316,259103,incident_cost,599,246658,36048983.02240956
4404,3053,1348,258735,incident_cost,600,246892,36048873.491652325
4361,3023,1339,260570,incident_cost,601,246914,36048972.01928511
4424,3088,1342,258735,incident_cost,602,247135,36048982.1816062
4421,3117,1308,259102,incident_cost,603,246911,36049003.79884681
4378,3011,1370,256166,incident_cost,604,246617,36049054.62868466
4364,3030,1332,258735,incident_cost,605,247091,36049014.43057434
4436,3125,1312,262038,incident_cost,606,246846,36049037.60308035
4431,3109,1322,261304,incident_cost,607,246710,36048937.31848259
4415,3081,1340,255067,incident_cost,608,246900,36049007.709104
4427,3083,1347,260937,incident_cost,609,246982,36049112.82940606
4362,3031,1332,260570,incident_cost,610,246880,36049070.56646183
4351,3039,1317,259471,incident_cost,611,247028,36048988.09564756
4358,3023,1339,260570,incident_cost,612,247057,36048995.66121515
4411,3060,1351,259102,incident_cost,613,246773,36049050.558616996
4462,3117,1346,259837,incident_cost,614,246860,36048960.21085889
4364,3050,1317,261671,incident_cost,615,247068,36048951.64784476
4372,3039,1336,260937,incident_cost,616,247046,36049007.705151826
4464,3109,1352,259102,incident_cost,617,247023,36048987.515344076
4384,3065,1323,260937,incident_cost,618,246793,36049038.419632085
4355,3033,1326,261304,incident_cost,619,246651,36048995.48533204
4447,3100,1349,257267,incident_cost,620,247130,36048946.697986215
4444,3101,1347,257635,incident_cost,621,247065,36049017.63825154
4283,2970,1317,260937,incident_cost,622,246947,36049015.40516259
4328,3027,1305,260940,incident_cost,623,246747,36048938.01604271
4429,3101,1332,258369,incident_cost,624,246730,36049045.02524194
4428,3076,1356,260571,incident_cost,625,246973,36049019.956884585
4287,2967,1321,259469,incident_cost,626,246894,36048997.23143486
4465,3111,1356,259836,incident_cost,627,246713,36048977.256448865
4435,3069,1367,256533,incident_cost,628,247021,36048961.65548265
4362,3036,1327,258396,incident_cost,629,246804,36048987.82524828
4367,3028,1341,259103,incident_cost,630,246972,36049012.49520326
4445,3129,1314,258735,incident_cost,631,246837,36049070.78717123
4332,3019,1316,260203,incident_cost,632,246863,36048913.52546774
4417,3071,1345,259836,incident_cost,633,247060,36048981.755707726
4351,3032,1322,259496,incident_cost,634,247269,36049089.255354635
4454,3094,1365,258001,incident_cost,635,246723,36048954.89916518
4302,3000,1304,260203,incident_cost,636,246913,36048898.39689812
4449,3099,1348,258001,incident_cost,637,246805,36049026.93560819
4375,3066,1310,260570,incident_cost,638,246767,36049083.48364942
4336,3025,1308,260206,incident_cost,639,247015,36048989.51388602
4406,3075,1332,259836,incident_cost,640,246770,36048973.79719123
4405,3055,1353,258737,incident_cost,641,246891,36049025.1663288
4397,3038,1363,257634,incident_cost,642,246962,36049031.93493539
4394,3085,1306,260203,incident_cost,643,247063,36048860.97204813
4399,3082,1323,258368,incident_cost,644,246834,36048976.736774
4363,3037,1328,260570,incident_cost,645,246653,36048985.24316743
4354,3058,1296,259102,incident_cost,646,246521,36048986.210275725
4369,3053,1318,260206,incident_cost,647,246491,36048913.78960714
4440,3092,1347,259103,incident_cost,648,246825,36049036.54541991
4367,3041,1325,258735,incident_cost,649,246923,36049028.18516442
4436,3109,1330,260937,incident_cost,650,246732,36049015.5868589
4393,3061,1333,260937,incident_cost,651,247233,36048950.86182087
4359,3046,1312,261671,incident_cost,652,246885,36049018.01272722
4358,3037,1321,259128,incident_cost,653,246681,36049032.42464188
4416,3094,1325,258369,incident_cost,654,246907,36049011.95954737
4372,3050,1320,258368,incident_cost,655,246666,36048998.92388207
4438,3090,1347,260571,incident_cost,656,246603,36049048.99601342
4453,3114,1340,258002,incident_cost,657,247126,36048915.51068508
4354,3046,1311,258368,incident_cost,658,246855,36048984.73123324
4368,3039,1333,260574,incident_cost,659,247004,36048882.06872243
4378,3029,1352,260937,incident_cost,660,246982,36049033.92247386
4385,3087,1299,258736,incident_cost,661,246720,36048932.804305054
4467,3119,1352,259469,incident_cost,662,246744,36049106.75475073
4441,3096,1349,258736,incident_cost,663,247024,36048961.30173335
4315,2993,1323,261304,incident_cost,664,246758,36048866.45466339
4344,3023,1324,261305,incident_cost,665,246692,36048980.51406951
4378,3066,1315,259103,incident_cost,666,246942,36048991.11416367
4400,3070,1331,258001,incident_cost,667,247106,36048981.418571256
4349,3007,1344,258736,incident_cost,668,246881,36048984.473941
4391,3054,1335,259469,incident_cost,669,246930,36049035.77491251
4385,3050,1335,259104,incident_cost,670,247115,36049031.20442953
4410,3071,1338,259102,incident_cost,671,247155,36049025.538912304
4394,3106,1290,257636,incident_cost,672,246802,36049086.75312948
4444,3099,1346,261304,incident_cost,673,246794,36048999.11890277
4484,3102,1384,262405,incident_cost,674,246869,36049036.18186272
4449,3116,1336,258368,incident_cost,675,246669,36048925.04014794
4355,3037,1319,257267,incident_cost,676,246817,36049021.28676256
4340,3033,1308,259469,incident_cost,677,246868,36048951.910225086
4331,3011,1324,259104,incident_cost,678,246981,36049121.167023264
4375,3043,1334,258368,incident_cost,679,246657,36049068.87109497
4401,3051,1352,259836,incident_cost,680,246975,36049066.38142393
4479,3121,1363,258735,incident_cost,681,246904,36049078.585248135
4379,3081,1303,260203,incident_cost,682,246733,36049037.35836227
4448,3110,1344,256533,incident_cost,683,247075,36049091.82278311
4412,3056,1352,258369,incident_cost,684,247064,36048911.18621366
4374,3054,1325,259836,incident_cost,685,246907,36049009.48532864
4419,3071,1348,262041,incident_cost,686,246971,36048924.276531026
4447,3088,1357,261304,incident_cost,687,247025,36048991.74829303
4393,3066,1327,258368,incident_cost,688,247188,36049009.371442124
4387,3044,1346,258368,incident_cost,689,246974,36049029.62192496
4415,3075,1342,259836,incident_cost,690,246883,36048984.07192067
4401,3042,1363,260226,incident_cost,691,246789,36049062.216432326
4470,3135,1333,261304,incident_cost,692,246910,36048948.69925822
4413,3094,1321,261328,incident_cost,693,247130,36049056.38398081
4384,3029,1357,258735,incident_cost,694,246592,36048996.6944919
4394,3070,1327,260203,incident_cost,695,246960,36048933.94926677
4412,3071,1346,260937,incident_cost,696,246637,36049029.51327476
4400,3087,1313,261305,incident_cost,697,246834,36049022.116577655
4442,3124,1321,258369,incident_cost,698,247108,36048958.46336442
4478,3123,1359,259470,incident_cost,699,246893,36048890.661576174
4334,3001,1336,258002,incident_cost,700,247213,36048866.154447325
4411,3084,1326,258735,incident_cost,701,247141,36048991.16141002
4355,3048,1308,259469,incident_cost,702,246802,36049063.70325737
4305,3027,1282,260203,incident_cost,703,247124,36048961.21035211
4357,3033,1324,259838,incident_cost,704,246883,36049044.03401556
4415,3084,1337,258368,incident_cost,705,246699,36048921.52864973
4453,3123,1333,261671,incident_cost,706,246879,36049002.287518784
4396,3056,1342,259839,incident_cost,707,246883,36048967.055168055
4425,3090,1332,255800,incident_cost,708,246909,36048989.22137688
4397,3046,1351,258001,incident_cost,709,246679,36049004.9770721
4334,3010,1328,258003,incident_cost,710,247382,36048991.580500096
4372,3038,1328,259102,incident_cost,711,247205,36049035.6628946
4397,3062,1340,260203,incident_cost,712,247267,36048930.30307587
4365,3035,1328,259837,incident_cost,713,246873,36048928.6163363
4362,3060,1302,259103,incident_cost,714,247000,36049077.288752906
4445,3082,1368,260570,incident_cost,715,247002,36049025.06545331
4380,3071,1308,260937,incident_cost,716,246940,36049012.58446543
4387,3063,1324,259469,incident_cost,717,247092,36049018.45668377
4427,3108,1323,258001,incident_cost,718,247122,36049086.32392407
4435,3100,1340,262405,incident_cost,719,246747,36049004.67840983
4481,3156,1330,257634,incident_cost,720,246589,36049036.14080693
4429,3071,1352,258368,incident_cost,721,246646,36049047.77399694
4387,3066,1327,257268,incident_cost,722,246914,36048996.40850973
4433,3092,1344,261673,incident_cost,723,247001,36048938.06532484
4415,3071,1343,258735,incident_cost,724,246798,36049001.30238661
4434,3093,1341,256903,incident_cost,725,247144,36048962.98662214
4362,3046,1322,259494,incident_cost,726,246757,36048969.797813624
4420,3079,1342,258736,incident_cost,727,246831,36049036.095688
4356,3032,1329,256901,incident_cost,728,246807,36048985.70674669
4422,3097,1323,259836,incident_cost,729,247095,36048970.33637163
4397,3099,1299,262406,incident_cost,730,247058,36048931.135997176
4326,3027,1304,260570,incident_cost,731,247137,36049009.02303902
4439,3058,1383,260938,incident_cost,732,246796,36049005.980174035
4445,3106,1337,259469,incident_cost,733,246931,36048982.51992345
4299,2992,1311,261304,incident_cost,734,247219,36049077.01214728
4363,3024,1336,259836,incident_cost,735,247000,36048911.01325187
4390,3059,1334,260570,incident_cost,736,247264,36048967.92163113
4344,3030,1317,262038,incident_cost,737,247055,36049072.419614464
4413,3101,1314,258735,incident_cost,738,247121,36049050.17997855
4384,3061,1325,261673,incident_cost,739,246858,36049047.42225167
4392,3076,1315,260203,incident_cost,740,246874,36049052.80198601
4433,3081,1353,259102,incident_cost,741,246678,36048994.55014439
4401,3055,1345,260204,incident_cost,742,246440,36049162.71315758
4379,3068,1308,258001,incident_cost,743,247070,36049031.097554386
4395,3069,1327,259102,incident_cost,744,246853,36048970.7899503
4458,3096,1363,260937,incident_cost,745,246941,36048995.91655758
4384,3095,1293,259103,incident_cost,746,247151,36049059.23607525
4413,3044,1371,263140,incident_cost,747,246963,36048994.48522648
4386,3056,1335,262405,incident_cost,748,246901,36048922.87726978
4370,3038,1334,258370,incident_cost,749,246943,36048997.6868024
4386,3068,1324,258001,incident_cost,750,247015,36048860.109023646
4396,3070,1331,260938,incident_cost,751,246858,36048944.19701233
4368,3043,1328,260938,incident_cost,752,246963,36048909.25478522
4429,3120,1308,260571,incident_cost,753,246865,36049131.06829396
4380,3077,1305,257635,incident_cost,754,247057,36048989.67468681
4414,3069,1345,259840,incident_cost,755,247018,36048998.47023037
4355,3027,1331,259836,incident_cost,756,246662,36048938.29493395
4444,3112,1332,260938,incident_cost,757,246932,36048940.450997986
4386,3083,1307,260570,incident_cost,758,246783,36048992.34137617
4381,3065,1319,259838,incident_cost,759,246820,36048894.78855199
4374,3056,1319,260570,incident_cost,760,246806,36048956.04300562
4340,3007,1338,260938,incident_cost,761,246820,36049041.68724273
4453,3128,1328,260570,incident_cost,762,247243,36049032.873259366
4327,3025,1304,258738,incident_cost,763,247220,36048922.62388507
4384,3074,1315,258369,incident_cost,764,246925,36049067.485971615
4263,2962,1307,259102,incident_cost,765,247079,36048908.4351134
4441,3107,1340,262038,incident_cost,766,247090,36049019.95727994
4382,3056,1328,260570,incident_cost,767,247106,36048954.74723308
4424,3105,1323,256539,incident_cost,768,246760,36048942.52204819
4426,3108,1317,259469,incident_cost,769,247113,36048994.11426106
4367,3061,1311,258368,incident_cost,770,247083,36048936.971743435
4336,3015,1323,256901,incident_cost,771,246995,36048920.646204196
4357,3025,1331,259470,incident_cost,772,247124,36049089.111785494
4419,3076,1346,260212,incident_cost,773,246885,36048887.51848093
4393,3064,1331,259474,incident_cost,774,246807,36048979.41366536
4406,3084,1321,258736,incident_cost,775,247258,36048943.87175949
4379,3066,1313,258736,incident_cost,776,246998,36049037.625089064
4448,3107,1346,260937,incident_cost,777,246820,36048997.95423052
4364,3043,1324,258735,incident_cost,778,247183,36049056.210364826
4451,3105,1350,260204,incident_cost,779,246995,36048987.298672475
4361,3054,1310,259472,incident_cost,780,246911,36048954.66370197
4385,3077,1309,260570,incident_cost,781,247110,36049113.24918984
4392,3069,1327,257634,incident_cost,782,246889,36048972.45783853
4346,3013,1336,260570,incident_cost,783,246749,36048994.08809735
4427,3094,1335,261305,incident_cost,784,246708,36048892.63344871
4393,3057,1339,260937,incident_cost,785,246793,36049018.565042436
4430,3093,1338,261304,incident_cost,786,246836,36049065.509120375
4328,3031,1296,259470,incident_cost,787,247378,36049053.890432805
4470,3137,1334,260572,incident_cost,788,247065,36048977.01562547
4386,3072,1321,258399,incident_cost,789,246833,36049031.43052603
4458,3114,1345,260570,incident_cost,790,246915,36048984.15946637
4387,3042,1343,259836,incident_cost,791,246901,36048994.11946148
4406,3077,1330,261671,incident_cost,792,246532,36049079.86070906
4446,3084,1362,260570,incident_cost,793,246826,36049169.19132956
4449,3104,1349,258737,incident_cost,794,246837,36048970.185350135
4394,3076,1323,258030,incident_cost,795,246743,36048895.80456428
4404,3069,1333,262773,incident_cost,796,246798,36048908.49371685
4319,2983,1337,257636,incident_cost,797,247144,36048933.216279015
4384,3038,1349,261304,incident_cost,798,246767,36048941.77922671
4394,3053,1346,261671,incident_cost,799,246928,36048953.44456851
4304,3011,1293,257267,incident_cost,800,246984,36049029.068772525
4352,2990,1362,260203,incident_cost,801,247203,36049073.1560438
4425,3081,1345,259837,incident_cost,802,247004,36048981.97385844
4452,3074,1380,257267,incident_cost,803,246908,36048977.602096036
4375,3033,1345,258735,incident_cost,804,246762,36049052.906810455
4395,3050,1350,261304,incident_cost,805,246800,36048991.49555782
4377,3049,1332,260570,incident_cost,806,246712,36048923.44971297
4365,3027,1339,262038,incident_cost,807,247098,36049043.78259598
4418,3096,1325,259469,incident_cost,808,247032,36049034.47513451
4351,3010,1343,260937,incident_cost,809,246825,36049035.3478294
4360,3011,1350,259469,incident_cost,810,246597,36049042.55206829
4462,3103,1365,259470,incident_cost,811,246827,36048937.798149176
4443,3086,1360,258002,incident_cost,812,247070,36049031.29838017
4312,3005,1309,259470,incident_cost,813,246714,36048980.7822853
4435,3089,1348,259102,incident_cost,814,246641,36048958.84330607
4375,3065,1314,260571,incident_cost,815,246835,36048984.891778626
4399,3071,1331,258372,incident_cost,816,246827,36048935.95478375
4396,3058,1339,259838,incident_cost,817,246898,36048927.53720913
4404,3069,1337,260226,incident_cost,818,246960,36048993.7442818
4470,3104,1368,260203,incident_cost,819,246730,36048938.31832036
4455,3109,1351,257636,incident_cost,820,246962,36049015.55732496
4416,3049,1365,258735,incident_cost,821,247083,36048966.45918952
4440,3110,1333,258369,incident_cost,822,246581,36049084.26626182
4374,3054,1321,259102,incident_cost,823,246890,36048937.01419142
4338,3023,1316,255835,incident_cost,824,247246,36048944.98350896
4344,3014,1333,259837,incident_cost,825,246931,36048922.60586275
4465,3107,1363,260570,incident_cost,826,246740,36048986.35168285
4345,3036,1310,259471,incident_cost,827,247063,36048994.74871038
4338,3029,1309,259104,incident_cost,828,246945,36048997.87731546
4401,3060,1338,258735,incident_cost,829,247039,36049007.119738236
4389,3076,1313,260203,incident_cost,830,247197,36049041.21067215
4446,3097,1354,257634,incident_cost,831,246897,36048992.89261424
4400,3088,1313,262038,incident_cost,832,246846,36049043.14741116
4434,3103,1332,260570,incident_cost,833,247031,36049035.82081621
4378,3065,1318,257634,incident_cost,834,246741,36048959.833486736
4463,3143,1323,261305,incident_cost,835,247212,36049011.45488763
4422,3096,1328,259104,incident_cost,836,247008,36048973.499457106
4435,3104,1330,258370,incident_cost,837,246975,36049009.97584887
4386,3063,1324,260937,incident_cost,838,247352,36048948.57288611
4400,3071,1334,258368,incident_cost,839,246830,36049042.564324975
4405,3060,1348,258001,incident_cost,840,246543,36049055.4748756
4462,3129,1336,257267,incident_cost,841,247204,36048913.244041905
4410,3083,1331,259837,incident_cost,842,246884,36049083.600595444
4464,3140,1327,259102,incident_cost,843,247155,36049073.196606725
4399,3059,1342,257267,incident_cost,844,247106,36049066.58084532
4430,3091,1343,260203,incident_cost,845,247050,36048992.95938576
4486,3136,1354,258368,incident_cost,846,247001,36049039.2077993
4399,3045,1357,259470,incident_cost,847,247000,36048925.67156899
4462,3107,1358,259836,incident_cost,848,246818,36049012.331104964
4440,3060,1375,258368,incident_cost,849,247051,36049026.232354194
4380,3048,1334,260570,incident_cost,850,246940,36048986.23901613
4455,3143,1314,261304,incident_cost,851,246797,36049006.76031369
4400,3078,1327,259102,incident_cost,852,247285,36049003.790707015
4414,3088,1327,259102,incident_cost,853,246706,36049028.06234087
4409,3107,1305,259469,incident_cost,854,246879,36049066.97810631
4482,3148,1337,260941,incident_cost,855,246958,36048996.46636722
4381,3053,1332,260937,incident_cost,856,246636,36048995.29349102
4404,3081,1323,257268,incident_cost,857,247038,36048939.64045173
4374,3043,1330,258368,incident_cost,858,246951,36048988.40992291
4425,3079,1349,261307,incident_cost,859,246693,36049138.637410395
4387,3058,1335,261304,incident_cost,860,246853,36048904.417223305
4445,3078,1366,259102,incident_cost,861,247127,36048984.79958212
4351,3035,1318,261304,incident_cost,862,246598,36048981.89610925
4407,3071,1337,261671,incident_cost,863,246811,36049014.39304224
4417,3071,1349,259860,incident_cost,864,246964,36048940.83408351
4385,3053,1331,258735,incident_cost,865,246900,36049076.467473365
4413,3099,1314,260570,incident_cost,866,246763,36048974.8422387
4389,3064,1330,263506,incident_cost,867,246689,36048910.32725093
4276,2970,1311,256533,incident_cost,868,247230,36048965.562044986
4440,3104,1340,260203,incident_cost,869,246812,36049027.66184668
4395,3066,1333,259836,incident_cost,870,246898,36049037.6517605
4372,3028,1338,261304,incident_cost,871,246939,36049006.21593259
4382,3048,1337,260571,incident_cost,872,246815,36048937.301088996
4293,2986,1311,259838,incident_cost,873,247074,36049110.82139307
4323,3007,1316,259837,incident_cost,874,246816,36049076.08182861
4391,3060,1335,259103,incident_cost,875,247181,36049066.81968943
4369,3018,1348,261672,incident_cost,876,246836,36049047.34844333
4357,3074,1288,260939,incident_cost,877,246928,36048937.83032195
4389,3065,1327,258735,incident_cost,878,246604,36048995.22726807
4416,3108,1313,258001,incident_cost,879,247108,36049111.93741628
4469,3123,1349,261671,incident_cost,880,247164,36048929.42632074
4400,3074,1327,260204,incident_cost,881,247046,36049086.14093593
4387,3074,1313,260204,incident_cost,882,247011,36048929.24807394
4438,3125,1318,258002,incident_cost,883,246838,36048929.091184095
4367,3052,1315,260226,incident_cost,884,247088,36049081.88316367
4411,3032,1382,260205,incident_cost,885,247085,36049053.056458235
4384,3056,1329,261304,incident_cost,886,247001,36048997.24420523
4344,3024,1319,258736,incident_cost,887,247023,36049009.90471803
4453,3114,1344,258368,incident_cost,888,246932,36049004.69929694
4402,3089,1316,258369,incident_cost,889,247016,36049105.36717645
4466,3119,1351,259838,incident_cost,890,246678,36049058.13567793
4404,3088,1320,261304,incident_cost,891,247299,36049007.24912454
4370,3055,1321,260203,incident_cost,892,246897,36048990.83887712
4429,3083,1349,259102,incident_cost,893,246669,36048969.95242929
4387,3063,1326,259103,incident_cost,894,247040,36049102.20232731
4344,3033,1316,256902,incident_cost,895,246553,36048965.36020676
4370,3049,1325,259103,incident_cost,896,246686,36048968.244057335
4301,3005,1297,260570,incident_cost,897,246861,36048934.4836739
4389,3028,1361,263139,incident_cost,898,246869,36049106.76438535
4377,3070,1306,260203,incident_cost,899,246988,36048930.19967644
4366,3065,1304,260570,incident_cost,900,247033,36048922.36537874
4450,3126,1327,260226,incident_cost,901,247003,36049068.28692137
4413,3080,1338,258030,incident_cost,902,247088,36048960.57151759
4364,3074,1293,256166,incident_cost,903,246892,36049060.63222848
4401,3083,1317,258006,incident_cost,904,246789,36048944.57818997
4374,3075,1303,260572,incident_cost,905,246740,36048943.212630145
4410,3076,1338,259469,incident_cost,906,247128,36049007.54980196
4426,3098,1332,260937,incident_cost,907,246760,36049011.813513435
4408,3050,1361,261673,incident_cost,908,246767,36049012.90602082
4342,3011,1335,260937,incident_cost,909,246601,36049018.39176911
4374,3052,1322,260204,incident_cost,910,246629,36048972.012625396
4367,3033,1336,260571,incident_cost,911,246703,36049008.13851409
4412,3085,1329,259469,incident_cost,912,247088,36049001.79179551
4384,3047,1333,260570,incident_cost,913,246812,36048994.70946418
4406,3074,1335,261672,incident_cost,914,247237,36048993.323210336
4396,3072,1321,259469,incident_cost,915,246655,36048976.46224047
4439,3089,1355,258372,incident_cost,916,247223,36049007.29931429
4454,3129,1330,259836,incident_cost,917,246975,36049141.56682807
4374,3074,1304,258736,incident_cost,918,247021,36049048.423416525
4472,3133,1341,260203,incident_cost,919,246885,36049048.2453511
4338,3009,1332,259102,incident_cost,920,247254,36048923.56475644
4417,3042,1376,260203,incident_cost,921,246741,36048947.80887297
4404,3063,1342,260204,incident_cost,922,246927,36049102.71959804
4307,3001,1310,259469,incident_cost,923,246706,36049069.66655537
4363,3030,1333,260203,incident_cost,924,246833,36048989.62791562
4499,3136,1367,258368,incident_cost,925,246844,36049052.47488232
4422,3081,1343,259836,incident_cost,926,247040,36048980.97159251
4416,3063,1352,258371,incident_cost,927,246847,36048928.926434144
4326,3001,1327,259836,incident_cost,928,246761,36048953.519135445
4308,3001,1312,258368,incident_cost,929,246959,36048832.04023163
4433,3090,1343,260937,incident_cost,930,246857,36048917.59465459
4318,2992,1331,258369,incident_cost,931,247049,36049032.746429384
4437,3080,1362,259470,incident_cost,932,246767,36048976.15393395
4401,3087,1319,258368,incident_cost,933,247172,36049049.521186724
4414,3069,1346,260203,incident_cost,934,246630,36048930.415595904
4388,3052,1334,260938,incident_cost,935,247082,36048970.16606067
4313,3028,1290,261305,incident_cost,936,246952,36049033.13422876
4393,3073,1322,259837,incident_cost,937,246957,36048996.24993028
4380,3053,1331,257637,incident_cost,938,247119,36049012.12092751
4391,3036,1354,260570,incident_cost,939,247162,36049077.06851386
4392,3071,1322,259837,incident_cost,940,246815,36049104.785522014
4387,3038,1350,263873,incident_cost,941,246913,36048941.09727545
4355,3061,1300,261304,incident_cost,942,246829,36048996.10875243
4346,3010,1336,256932,incident_cost,943,246799,36048991.187713906
4433,3115,1322,259102,incident_cost,944,246657,36049013.35423836
4400,3066,1337,259469,incident_cost,945,246785,36049100.695177495
4334,3015,1318,257634,incident_cost,946,246883,36048968.54981981
4389,3070,1324,256900,incident_cost,947,246941,36048973.96523985
4395,3046,1350,259836,incident_cost,948,247058,36048899.06817466
4421,3071,1356,260937,incident_cost,949,246638,36048977.29538961
4341,3005,1337,260574,incident_cost,950,246618,36049011.38173078
4368,3022,1346,258001,incident_cost,951,246808,36048954.790750936
4399,3074,1328,260203,incident_cost,952,246939,36049017.115319215
4333,3023,1313,261677,incident_cost,953,246954,36048968.73893541
4424,3074,1353,259102,incident_cost,954,247072,36049005.08511558
4375,3047,1328,259469,incident_cost,955,247090,36049003.29382961
4427,3094,1337,258368,incident_cost,956,247098,36049032.314002424
4361,3037,1324,258368,incident_cost,957,246963,36049027.57813209
4423,3089,1337,258368,incident_cost,958,246550,36048946.50226005
4381,3066,1315,258370,incident_cost,959,246783,36049069.049382135
4435,3100,1339,261307,incident_cost,960,246736,36048982.012649104
4406,3097,1308,261304,incident_cost,961,247180,36049040.89407043
4325,2984,1347,257635,incident_cost,962,246968,36049134.801106304
4389,3060,1331,260570,incident_cost,963,246737,36048896.088944614
4435,3089,1345,259102,incident_cost,964,246989,36048944.150772616
4391,3073,1320,258396,incident_cost,965,246895,36049057.707152784
4381,3035,1349,261304,incident_cost,966,247047,36049000.65773212
4371,3061,1316,256166,incident_cost,967,247116,36048938.07691118
4372,3036,1330,259860,incident_cost,968,246997,36049020.91206664
4387,3047,1340,257267,incident_cost,969,247132,36049001.259998895
4407,3077,1332,260203,incident_cost,970,246603,36048941.76010774
4379,3058,1323,262405,incident_cost,971,246846,36049021.712427914
4432,3097,1339,260571,incident_cost,972,246976,36049075.83423561
4345,3057,1290,263140,incident_cost,973,246980,36049096.02082006
4414,3115,1304,259469,incident_cost,974,246998,36049038.701813996
4388,3058,1333,260203,incident_cost,975,247084,36049032.16041305
4444,3087,1359,258738,incident_cost,976,246882,36048964.15904656
4383,3053,1330,262039,incident_cost,977,246766,36048911.2126665
4462,3112,1343,262406,incident_cost,978,246646,36048927.95216647
4351,3051,1304,260570,incident_cost,979,247216,36049048.96570867
4379,3044,1340,263506,incident_cost,980,246782,36048938.149858475
4412,3098,1315,259836,incident_cost,981,247040,36048905.30984673
4343,3037,1309,258735,incident_cost,982,246998,36048949.61186452
4354,3053,1302,258735,incident_cost,983,246867,36049101.13983858
4371,3062,1312,260570,incident_cost,984,246899,36048997.42527694
4394,3055,1342,258735,incident_cost,985,246866,36049066.63344332
4379,3060,1323,256200,incident_cost,986,246763,36048985.15019777
4399,3092,1309,257268,incident_cost,987,247097,36049105.72995856
4328,2993,1336,257665,incident_cost,988,247026,36048958.58383412
4365,3056,1306,259837,incident_cost,989,247159,36049016.81595745
4451,3098,1357,257635,incident_cost,990,247082,36049040.22817008
4310,2990,1320,259105,incident_cost,991,246855,36048885.34410622
4424,3113,1311,259103,incident_cost,992,246651,36048986.027386755
4422,3082,1340,258371,incident_cost,993,246675,36048966.10698374
4360,3031,1333,257267,incident_cost,994,246802,36049051.57828469
4377,3068,1310,261671,incident_cost,995,246950,36048971.44420125
4364,3069,1294,259103,incident_cost,996,246884,36049075.27274583
4367,3054,1312,261671,incident_cost,997,246826,36049014.158340976
4364,3052,1314,258370,incident_cost,998,247141,36049022.95245184
4404,3066,1340,261671,incident_cost,999,247156,36048918.641317405
